CERT,NAME,REPDTE,BKCLASS,INSDIF,ASSET,CHBAL,SC,LNLSNET,DEP,FREPP,OTHBRF,SUBND,LIAB,EQTOT,EQ,OA,ALLOTHL,BORROWED_FUNDS_CALC,OTHER_ASSETS_CALC,OTHER_LIABILITIES_CALC,BALANCE_DIFFERENCE_CALC
14,STATE STREET BANK&TRUST CO,20251231,SM,1,360681000,130826000,104887000,46770000,280582000,841000,17088000,524000,331762000,28919000,28919000,53970000,27965000,18453000,78198000,32727000,0
35,AUBURNBANK,20251231,SM,1,1018261,126510,233259,558350,923654,0,157,0,927501,90760,90760,32282,3690,157,100142,3690,0
39,ROBERTSON BANKING CO,20251231,NM,1,468318,27481,102003,306814,407647,0,8000,0,420299,48019,48019,13434,4652,8000,32020,4652,0
41,PHENIX-GIRARD BANK,20251231,NM,1,345388,37033,216282,81097,327931,0,0,0,336587,8801,8801,9490,8656,0,10976,8656,0
49,BANK OF EVERGREEN,20251231,NM,1,77314,4339,36205,31193,68011,0,0,0,68348,8966,8966,1744,337,0,5577,337,0
50,COMMUNITY SPIRIT BANK,20251231,NM,1,220292,18485,44710,144510,198159,0,2000,0,202414,17878,17878,5627,2255,2000,12587,2255,0
51,BANK OF VERNON,20251231,NM,1,414568,28615,56563,316102,345108,0,0,0,346956,67612,67612,4603,1848,0,13288,1848,0
52,CITIZENS BANK OF WINFIELD,20251231,NM,1,294607,11991,141505,111327,221217,0,43000,0,267099,27508,27508,25873,2882,43000,29784,2882,0
54,EXCHANGE BANK OF ALABAMA,20251231,NM,1,392141,24969,125440,199546,336583,2200,0,0,340470,51671,51671,8726,1687,2200,42186,1687,0
58,UNITED BANK,20251231,NM,1,1446151,154526,297394,882475,1194745,0,27716,0,1233112,213039,213039,53876,10651,27716,111756,10651,0
70,PEOPLES EXCHANGE BANK,20251231,NM,1,97056,6657,22361,52667,85400,0,0,0,86046,11010,11010,4150,646,0,15371,646,0
72,CENTRAL STATE BANK,20251231,SM,1,743393,83528,81592,539201,666469,0,0,0,672021,71372,71372,17522,5552,0,39072,5552,0
77,BANKSOUTH,20251231,NM,1,210629,7982,30172,169841,168643,0,0,0,169773,40856,40856,1264,1130,0,2634,1130,0
81,WARREN BANK&TRUST CO,20251231,SM,1,141012,3416,41973,84745,115749,0,2989,0,119410,21602,21602,2737,672,2989,10878,672,0
88,GENERATIONS BANK,20251231,SM,1,1064187,23542,240390,734524,896090,0,43000,0,946563,117624,117624,44198,7473,43000,65731,7473,0
89,SIGNATURE BANK OF ARKANSAS,20251231,SM,1,1523393,46776,157739,1250652,1324919,0,31491,0,1388356,135037,135037,29865,31946,31491,68226,31946,0
90,COMMERCIAL BANK&TRUST CO,20251231,SM,1,375073,8376,102495,246930,339067,0,10050,0,350237,24836,24836,14416,1120,10050,17272,1120,0
93,RIVERSIDE BANK,20251231,NM,1,71824,460,1309,55385,60064,0,0,0,60405,11419,11419,1680,341,0,14670,341,0
99,BANK OF DELIGHT,20251231,NM,1,195233,2018,7113,176546,165187,0,3784,0,169968,25265,25265,2690,997,3784,9556,997,0
105,BANK OF CAVE CITY,20251231,SM,1,189713,7236,36083,123251,167114,0,7662,0,178009,11704,11704,9269,3233,7662,23143,3233,0
107,MERCHANTS&PLANTERS BANK,20251231,NM,1,55197,1788,27223,17539,51129,0,0,0,51339,3858,3858,1233,210,0,8647,210,0
109,HORATIO STATE BANK,20251231,NM,1,310605,12221,29324,257679,276028,0,0,0,276820,33785,33785,9600,792,0,11381,792,0
110,BANK OZK,20251231,NM,1,40785840,2833820,2610143,31842064,33384965,537,0,463041,34655989,6129851,6129851,1862483,807446,463578,3499813,807446,0
131,SEACOAST NATIONAL BANK,20251231,N,1,20830874,359109,5764668,12465478,16264595,485862,835000,0,17794031,3036843,3036739,684621,208574,1320862,2241619,208574,0
147,CENTURY BANK&TRUST,20251231,NM,1,363772,24197,124026,198735,321000,0,0,0,323153,40619,40619,12192,2153,0,16814,2153,0
148,BANK OF MADISON,20251231,NM,1,426343,20689,75896,315236,379705,0,0,0,383451,42892,42892,4759,3746,0,14522,3746,0
149,BANK OF HAZLEHURST,20251231,NM,1,143757,43431,46158,51935,127057,0,0,0,127387,16370,16370,1357,330,0,2233,330,0
155,BANK OF ALAPAHA,20251231,NM,1,250135,43502,62818,119406,229618,0,0,0,231283,18852,18852,4596,1665,0,24409,1665,0
160,EXCHANGE BANK,20251231,NM,1,424869,7926,132799,266325,344544,1350,31000,0,378450,46419,46419,7117,1556,32350,17819,1556,0
169,FIRST NB OF GRIFFIN,20251231,N,1,365919,48590,116791,177804,317380,14717,0,0,333153,32766,32766,13897,1056,14717,22734,1056,0
170,PEOPLES BANK OF GEORGIA,20251231,NM,1,235258,27228,14321,185249,213679,0,0,0,215091,20167,20167,3852,1412,0,8460,1412,0
172,UNITED BANK,20251231,NM,1,2331428,674641,689882,912782,2070938,0,0,0,2093108,238320,238320,27780,22170,0,54123,22170,0
175,COMMERCIAL BANK,20251231,NM,1,462640,19714,76152,316733,419723,0,0,0,423369,39271,39271,3204,3646,0,50041,3646,0
178,TALBOT STATE BANK,20251231,NM,1,52956,7233,13137,31116,46279,0,4000,0,50367,2589,2589,854,88,4000,1470,88,0
183,MERCHANTS&CITIZENS BANK,20251231,NM,1,137634,5990,70347,49854,121213,0,0,0,123153,14481,14481,8122,1940,0,11443,1940,0
197,ALLIANCE BANK,20251231,NM,1,461977,5845,104770,312095,398317,6402,7000,0,416962,45015,45015,20652,5243,13402,39267,5243,0
210,TRI-COUNTY BANK&TRUST CO,20251231,NM,1,295690,6777,52159,201589,241312,0,30000,0,271995,23695,23695,11592,683,30000,35165,683,0
214,WASHINGTON STATE BANK,20251231,SM,1,588904,14954,192351,343566,519920,3179,17552,0,545953,42951,42951,34447,5302,20731,38033,5302,0
226,GUTHRIE COUNTY STATE BANK,20251231,NM,1,279288,3112,101575,158821,202666,7473,40500,0,252488,26800,26800,11709,1849,47973,15780,1849,0
228,AMERICAN STATE BANK,20251231,NM,1,1512992,101358,22304,1345893,1304094,0,45000,0,1355418,157574,157574,19351,6324,45000,43437,6324,0
230,COMMUNITY STATE BANK,20251231,NM,1,342577,2307,155600,158172,291162,0,20482,0,314089,28488,28488,6340,2445,20482,26498,2445,0
231,COMMERCIAL SAVINGS BANK,20251231,SM,1,335554,31756,31165,262716,278382,2576,24900,0,307513,28041,28041,3518,1655,27476,9917,1655,0
232,SOLON STATE BANK,20251231,NM,1,125699,2948,34547,83134,83442,0,12850,0,96789,28910,28910,1492,497,12850,5070,497,0
234,POCAHONTAS STATE BANK,20251231,NM,1,122562,2269,75053,40820,85938,535,1500,0,88815,33747,33747,1737,842,2035,4420,842,0
235,SECURITY STATE BANK,20251231,NM,1,480775,5216,4104,432783,330686,0,97000,0,429216,51559,51559,14234,1530,97000,38672,1530,0
245,RACCOON VALLEY BANK,20251231,NM,1,472860,9662,76453,367896,416809,2800,6000,0,429270,43590,43590,7131,3661,8800,18849,3661,0
248,STATE SAVINGS BANK,20251231,NM,1,274293,27371,305,236143,204588,0,42922,0,250109,24184,24184,9132,2599,42922,10474,2599,0
251,FIRST SECURITY BANK,20251231,NM,1,63347,7970,11738,37503,53184,0,0,0,53430,9917,9917,1968,246,0,6136,246,0
252,PINNACLE BANK,20251231,SM,1,306592,16573,60540,209208,263395,1372,0,0,267073,39519,39519,12070,2306,1372,20271,2306,0
253,LUANA SAVINGS BANK,20251231,NM,1,2209415,39675,329822,1775839,1849819,0,136500,0,2001418,207997,207997,41829,15099,136500,64079,15099,0
254,FIRST WHITNEY BANK&TRUST,20251231,NM,1,304218,4991,119711,173723,249451,4255,17000,0,271791,32427,32427,5260,1085,21255,5793,1085,0
258,STOCK YARDS BANK&TRUST CO,20251231,NM,1,9533246,884141,921057,6955690,7793115,119765,302140,0,8458991,1074255,1074255,238491,243971,421905,772358,243971,0
262,CITIZENS BANK,20251231,NM,1,251504,10345,16166,212549,219991,0,11000,0,231977,19527,19527,6809,986,11000,12444,986,0
267,KENTUCKY FARMERS BANK CORP,20251231,NM,1,331206,31860,116920,166185,278704,0,0,0,279998,51208,51208,6358,1294,0,16241,1294,0
275,MORGANTOWN BANK&TRUST CO INC,20251231,NM,1,421664,10213,53770,331321,369604,0,16161,0,389283,32381,32381,11905,3518,16161,26360,3518,0
281,HYDEN CITIZENS BANK,20251231,NM,1,146152,5112,53427,82109,128333,2550,4500,0,136433,9719,9719,1346,1050,7050,5504,1050,0
284,AUBURN BANKING CO,20251231,NM,1,153359,4311,19360,114885,137733,1000,3000,0,142232,11127,11127,2784,499,4000,14803,499,0
287,COMMUNITY FINL SERVICES BK,20251231,SM,1,1410476,71103,283667,954983,1274703,0,20000,0,1300818,109658,109658,61049,6115,20000,100723,6115,0
288,FARMERS&TRADERS BK CAMPTON,20251231,NM,1,67660,1777,22553,40268,55015,1261,6250,0,63062,4598,4598,746,536,7511,3062,536,0
289,BANK OF HINDMAN,20251231,NM,1,267999,17443,110145,123114,217747,21948,8000,0,248345,19654,19654,6103,650,29948,17297,650,0
291,JACKSON COUNTY BANK,20251231,NM,1,175162,18670,81305,72892,114118,11914,0,0,126377,48785,48785,1212,345,11914,2295,345,0
292,MONTICELLO BANKING CO,20251231,SM,1,1140123,40509,214505,810133,938702,0,100000,0,1044812,95311,95311,47442,6110,100000,74976,6110,0
296,BANK OF EDMONSON COUNTY,20251231,NM,1,282643,6072,66382,199020,242258,4940,8961,0,257277,25366,25366,5984,1118,13901,11169,1118,0
297,LEWISBURG BANKING CO,20251231,SM,1,222860,7648,41303,159043,177639,20902,5000,0,203868,18992,18992,2135,327,25902,14866,327,0
303,UNITED CUMBERLAND BANK,20251231,NM,1,453787,42582,76620,314510,394327,3032,5455,0,404452,49335,49335,12349,1638,8487,20075,1638,0
304,CLINTON BANK,20251231,NM,1,72174,1477,17401,50025,60555,0,0,0,60935,11239,11239,1598,380,0,3271,380,0
306,BANK OF ZACHARY,20251231,NM,1,411205,4317,96570,286886,357754,0,13000,0,372130,39075,39075,7965,1376,13000,23432,1376,0
307,LANDMARK BANK,20251231,NM,1,271274,56578,33091,162516,245765,0,0,0,246595,24679,24679,7020,830,0,19089,830,0
314,MER ROUGE STATE BANK,20251231,NM,1,50025,11960,11758,24898,44617,0,0,0,44691,5334,5334,1082,74,0,1409,74,0
324,CITIZENS BANK,20251231,NM,1,470124,50117,96294,296481,404771,0,1366,0,410066,60058,60058,15453,3929,1366,27232,3929,0
327,MERCHANTS&PLANTERS BANK,20251231,NM,1,224954,39975,77811,95962,188743,0,0,0,189360,35594,35594,5983,617,0,11206,617,0
340,PEOPLES BANK BILOXI MS,20251231,NM,1,726745,19582,389167,260767,604781,0,800,0,626958,99787,99787,39428,21377,800,57229,21377,0
342,FARMERS STATE BANK,20251231,SM,1,773605,10235,225348,488998,658845,0,53000,0,719711,53894,53894,23118,7866,53000,49024,7866,0
352,BANK OF BAKER,20251231,NM,1,162718,29601,32854,86173,144084,500,0,0,144980,17738,17738,6741,396,500,14090,396,0
363,FIRST MONTANA BANK INC,20251231,SM,1,564385,45519,164876,319969,446483,0,61387,0,513163,51222,51222,20499,5293,61387,34021,5293,0
384,OHIO VALLEY BANK CO,20251231,SM,1,1567392,45887,259358,1172054,1334465,0,43067,0,1404834,162558,162558,62027,27302,43067,90093,27302,0
389,PEOPLES BANK,20251231,NM,1,58445,1757,21145,30608,52342,0,0,0,52655,5790,5790,706,313,0,4935,313,0
399,FIRST SUMMIT BANK,20251231,NM,1,34589,6728,18,18160,29936,0,0,0,29995,4594,4594,691,59,0,9683,59,0
402,SOONER STATE BANK,20251231,NM,1,331136,10366,71439,227683,284215,0,5000,0,291152,39984,39984,9564,1937,5000,21648,1937,0
404,FARMERS STATE BANK,20251231,SM,1,191498,5786,46400,126617,180652,0,9,0,182393,9105,9105,8787,1732,9,12695,1732,0
406,CLEO STATE BANK,20251231,NM,1,111053,17096,24975,66557,93021,0,0,0,93185,17868,17868,1759,164,0,2425,164,0
414,STOCK EXCHANGE BANK,20251231,NM,1,290386,21862,95038,144971,234055,0,0,0,237952,52434,52434,12598,3897,0,28515,3897,0
418,HIGH PLAINS BANK,20251231,NM,1,211688,29149,7651,164444,186922,0,767,0,189342,22346,22346,7744,1653,767,10444,1653,0
420,BANK OF VICI,20251231,NM,1,29117,1392,7167,14253,27116,0,0,0,27153,1964,1964,2245,37,0,6305,37,0
421,SECURITY STATE BANK,20251231,NM,1,276758,6983,84146,170654,246572,0,0,0,248569,28189,28189,10700,1997,0,14975,1997,0
428,AMERICAN EXCHANGE BANK,20251231,NM,1,97445,10017,5728,74780,82902,0,0,0,83734,13711,13711,3964,832,0,6920,832,0
432,SECURITY FIRST NB OF HUGO,20251231,N,1,139231,17311,10851,102408,125004,0,0,0,126108,13123,13123,2498,1104,0,8661,1104,0
444,PS BANK,20251231,NM,1,640858,60186,129416,419915,559752,0,11500,0,575406,65452,65452,21804,4154,11500,31341,4154,0
445,MERCER COUNTY STATE BANK,20251231,NM,1,597479,11614,156671,386516,516580,0,27074,0,550248,47231,47231,26216,6594,27074,42678,6594,0
485,SECURITY BANK MIDWEST,20251231,NM,1,328268,8599,81380,215997,245497,0,53500,0,300227,28041,28041,9448,1230,53500,22292,1230,0
492,WESTERN DAKOTA BANK,20251231,NM,1,85877,54932,1846,25479,77717,0,0,0,78083,7794,7794,1805,366,0,3620,366,0
496,BANKSTAR FINANCIAL,20251231,NM,1,350390,29423,33796,269662,292706,0,23000,0,317379,33011,33011,6292,1673,23000,17509,1673,0
501,FARMERS&MERCHANTS STATE BANK,20251231,NM,1,181818,6041,22130,142455,153067,0,10000,0,164367,17451,17451,7817,1300,10000,11192,1300,0
505,GREAT PLAINS BANK,20251231,NM,1,154487,4317,34943,111062,123148,1800,0,0,128205,26282,26282,3161,3257,1800,4165,3257,0
526,FARMERS STATE BANK,20251231,SM,1,32303,15888,138,15719,28171,0,0,0,28452,3851,3851,356,281,0,558,281,0
529,CENTRAL BANK&TRUST,20251231,NM,1,202104,6490,83151,108612,183469,1500,0,0,185247,16857,16857,1311,278,1500,3851,278,0
588,MANUFACTURERS&TRADERS TR CO,20251231,SM,1,212887157,18700268,35840747,136667601,171492971,48868,7787869,1239487,184553965,28333192,28333192,9051607,3984770,9076224,21678541,3984770,0
597,CHEMUNG CANAL TRUST CO,20251231,SM,1,2709552,50097,284405,2247454,2279501,0,90554,0,2421981,287571,287571,85174,51926,90554,127596,51926,0
609,TOMPKINS COMMUNITY BANK,20251231,NM,1,8678169,133034,1695396,6432014,7133907,95569,564446,0,7886215,791954,791954,238049,92293,660015,417725,92293,0
618,BANK OF MILLBROOK,20251231,SM,1,308458,42906,109373,133852,268480,0,0,0,271373,37085,37085,4334,2893,0,22327,2893,0
622,AMALGAMATED BANK,20251231,NM,1,8867199,291217,3334566,4902501,7992617,0,5760,0,8054489,812710,812710,254138,56112,5760,338915,56112,0
623,DEUTSCHE BANK TR CO AMERICAS,20251231,SM,1,43031000,18747000,404000,14949000,30856000,0,0,0,33223000,9808000,9808000,2008000,2367000,0,8931000,2367000,0
628,JPMORGAN CHASE BANK NA,20251231,N,1,3752662000,350456000,777844000,1471951000,2697842000,147880000,260048000,0,3416692000,335970000,335936000,211997000,178123000,407928000,1152411000,310922000,0
639,BANK OF NEW YORK MELLON,20251231,SM,1,380997000,126781000,149966000,40480000,332433000,2657000,4940000,0,351175000,29822000,29822000,18517000,8374000,7597000,63770000,11145000,0
659,FIVE STAR BANK,20251231,SM,1,6235224,102147,1007180,4613845,5289662,0,159000,0,5572971,662253,662253,368542,97490,159000,512052,124309,0
660,ADIRONDACK TRUST CO,20251231,SM,1,1785369,349984,314221,992043,1562060,5763,0,0,1595145,190224,190167,71217,27322,5763,129121,27322,0
686,JOURNEY BANK,20251231,NM,1,1670173,48438,325768,1168469,1413365,12455,40584,0,1481736,188437,188437,65375,15332,53039,127498,15332,0
698,WAYNE BANK,20251231,NM,1,2426477,44437,408782,1826220,2105046,0,74133,0,2209293,217184,217184,90397,30114,74133,147038,30114,0
713,ORRSTOWN BANK,20251231,SM,1,5541962,149774,952497,3979102,4533712,24542,274701,0,4918473,623489,623489,260573,70798,299243,460589,85518,0
737,APPLE CREEK BANKING CO,20251231,SM,1,260079,7030,19044,222980,236217,0,0,0,237439,22640,22640,7258,1222,0,11025,1222,0
763,MINSTER BANK,20251231,SM,1,802192,80364,254791,436662,706872,21325,835,0,735678,66514,66514,19217,6646,22160,30375,6646,0
769,FARMERS BANK&SAVINGS CO,20251231,NM,1,463455,14514,98067,320027,418942,0,51,0,420585,42870,42870,13354,1592,51,30847,1592,0
803,WESBANCO BANK INC,20251231,NM,1,27619827,961310,4422905,19097534,21831113,110679,1232764,0,23459361,4160466,4160466,1124759,284805,1343443,3138078,284805,0
823,CITIZENS BANK&TRUST CO,20251231,SM,1,578364,5970,212628,276428,487621,8073,0,0,498780,79584,79584,25485,3086,8073,83338,3086,0
845,BANK OF ROMNEY,20251231,SM,1,365004,6665,65648,260827,277227,0,26629,0,306860,58144,58144,26850,3004,26629,31864,3004,0
847,PLEASANTS COUNTY BANK,20251231,SM,1,79436,7631,17189,45762,71602,0,0,0,72395,7041,7041,3804,793,0,8854,793,0
855,MERCHANTS&FARMERS BK GREENE,20251231,NM,1,128400,4594,29126,76038,113289,0,0,0,114150,14250,14250,3590,861,0,18642,861,0
861,STATE BANK&TRUST,20251231,NM,1,396368,12601,112681,247794,346561,0,24542,0,374802,21566,21566,11983,3699,24542,23292,3699,0
873,SYNOVUS BANK,20251231,SM,1,61204265,2454662,9835903,44253914,51914514,48848,1443466,495921,55358814,5845451,5825211,3276706,1345995,1988235,4659786,1456065,0
876,BANK OF DAWSON,20251231,NM,1,158316,16557,31896,89109,131528,0,0,0,133449,24867,24867,7766,1921,0,20754,1921,0
877,MAGNOLIA STATE BANK,20251231,NM,1,197887,33769,51372,109025,167335,0,0,0,168482,29405,29405,1591,1147,0,3721,1147,0
879,FARMERS STATE BANK,20251231,NM,1,183793,45760,47603,84834,159050,0,0,0,159458,24335,24335,1458,408,0,5596,408,0
889,GEORGIA FIRST BANK,20251231,NM,1,275051,37756,6342,219875,247055,0,0,0,248622,26429,26429,1903,1567,0,11078,1567,0
893,CITIZENS BANK,20251231,NM,1,831159,39002,324571,446342,713438,0,0,0,718446,112713,112713,19066,5008,0,21244,5008,0
898,BANK OF FOREST,20251231,NM,1,273956,5856,85860,166423,231146,0,16075,0,248930,25026,25026,10276,1709,16075,15817,1709,0
899,GERBER STATE BANK,20251231,NM,1,100639,2057,49509,46792,77284,2280,10842,0,90644,9995,9995,1896,238,13122,2281,238,0
902,BYRON BANK,20251231,NM,1,360089,4158,104760,245022,323856,2584,1582,0,330333,29756,29756,3156,2311,4166,6149,2311,0
903,AMALGAMATED BANK OF CHICAGO,20251231,NM,1,1468427,563435,83355,776790,1287379,0,26817,0,1333921,134506,134506,39560,19725,26817,44847,19725,0
913,NORTHERN TRUST CO,20251231,SM,1,176396321,61565078,57027179,41783958,145215355,2042405,10693125,2016042,164981779,11414542,11411586,11433061,4143031,14751572,16020106,5014852,0
925,STATE BANK OF GENEVA,20251231,SM,1,122180,18060,22668,77369,106049,0,3000,0,109492,12688,12688,1983,443,3000,4083,443,0
926,PEOPLES NB OF KEWANEE,20251231,N,1,587327,44633,344903,177084,518325,0,9256,0,529818,57509,57509,11114,2237,9256,20707,2237,0
931,CITIZENS STB OF MILFORD,20251231,NM,1,57509,4657,21290,24206,52667,0,0,0,52953,4556,4556,1862,286,0,7356,286,0
950,IOWA STATE BANK,20251231,NM,1,467700,10726,126184,297033,374056,9817,38000,0,425604,42096,42096,24724,3731,47817,33757,3731,0
951,CHEROKEE STATE BANK,20251231,NM,1,271249,3322,71669,181703,211782,4633,27115,0,244268,26981,26981,11141,738,31748,14555,738,0
953,BANKERS TRUST CO,20251231,NM,1,7487308,125819,1158270,5814518,6061294,537112,2462,0,6771013,716295,716295,291983,170145,539574,388701,170145,0
954,FNB BANK,20251231,SM,1,273724,7283,35157,218649,212293,0,18150,0,231470,42254,42254,6776,1027,18150,12635,1027,0
955,CONNECTION BANK,20251231,SM,1,540109,23073,14861,468499,453218,0,29500,0,486540,53569,53569,18372,3822,29500,33676,3822,0
956,GLENWOOD STATE BANK,20251231,SM,1,331060,42008,130932,154325,289448,0,748,0,291420,39640,39640,3450,1224,748,3795,1224,0
958,UNITED BANK OF IOWA,20251231,NM,1,2480897,67571,652646,1619418,1945663,33007,265000,0,2258144,222753,222753,90663,14474,298007,141262,14474,0
963,HOME TRUST&SAVINGS BANK,20251231,SM,1,290746,8055,70962,207014,254952,585,7000,0,263690,27056,27056,3744,1153,7585,4715,1153,0
966,HOME STATE BANK,20251231,NM,1,58678,1526,21284,32340,44538,0,0,0,44694,13984,13984,746,156,0,3528,156,0
968,SECURITY TRUST&SAVINGS BANK,20251231,SM,1,274873,85691,99407,80870,248237,0,0,0,248785,26088,26088,2428,548,0,8905,548,0
969,TEMPLETON SAVINGS BANK,20251231,SM,1,160260,13162,32548,109297,133237,0,0,0,134423,25837,25837,2204,1186,0,5253,1186,0
976,BLISSFIELD STATE BANK,20251231,SM,1,118919,2423,45909,54557,109222,0,0,0,109403,9516,9516,1776,181,0,16030,181,0
977,TRI-COUNTY BANK,20251231,SM,1,604491,8047,99515,468162,517309,0,10000,0,528213,76278,76278,20001,904,10000,28767,904,0
982,EASTERN MICHIGAN BANK,20251231,SM,1,571776,103680,198365,201320,475440,0,0,0,475991,95785,95785,16154,551,0,68411,551,0
983,COMERICA BANK,20251231,SM,1,80052000,7513000,14920000,50229000,66282000,0,3858000,623000,72814000,7238000,7238000,5644000,1594000,4481000,7390000,2051000,0
999,G W JONES EXCHANGE BANK,20251231,SM,1,111671,34817,50574,24830,100907,0,0,0,101865,9806,9806,717,958,0,1450,958,0
1005,ISABELLA BANK,20251231,SM,1,2161209,25845,497790,1523061,1850654,68000,45000,0,1982415,178794,178794,78797,18761,113000,114513,18761,0
1008,BANK MICHIGAN,20251231,SM,1,153545,19884,8314,117212,126761,0,5250,0,134604,18941,18941,2343,2593,5250,8135,2593,0
1014,CHOICEONE BANK,20251231,SM,1,4407418,87975,946050,2993668,3602337,0,264788,0,3900741,506677,506677,158783,33616,264788,379725,33616,0
1022,CLARE BANK NATIONAL ASSN,20251231,N,1,349308,17431,152284,171135,289716,0,28550,0,319378,29930,29930,4474,1112,28550,8458,1112,0
1027,FM BANK&TRUST,20251231,SM,1,586303,36972,38661,459349,534263,0,2500,0,540063,46240,46240,19886,3300,2500,51321,3300,0
1028,FBT BANK&MORTGAGE,20251231,SM,1,246823,17354,69165,150440,217660,0,10000,0,230077,16746,16746,7709,2417,10000,9864,2417,0
1040,MIDLAND STATES BANK,20251231,SM,1,6502519,127279,1524943,4290566,5429071,10181,365000,0,5892272,610247,610247,441062,88020,375181,559731,88020,0
1047,BANK&TRUST CO,20251231,NM,1,633157,21371,181091,417004,535102,9199,19703,0,566591,66566,66566,8521,2587,28902,13691,2587,0
1049,FIRST NB OF STEELEVILLE,20251231,N,1,277418,3310,137213,119804,213859,27519,3050,0,246989,30429,30429,10382,2561,30569,17091,2561,0
1058,MIDWEST BANKCENTRE,20251231,SM,1,2980633,77443,319378,2382177,2459375,15163,90000,0,2611581,369052,369052,161572,44104,105163,201635,47043,0
1060,WOOD&HUSTON BANK,20251231,NM,1,1288585,132057,147513,950354,1157311,0,0,0,1164902,123683,123683,43232,7591,0,58661,7591,0
1068,CASS COMMERCIAL BANK,20251231,SM,1,1438529,358574,62062,1000385,1224054,0,0,0,1237161,201368,201368,17037,13107,0,17508,13107,0
1073,LINDELL BANK&TRUST CO,20251231,SM,1,939830,62882,306279,517154,699742,2388,75000,0,782480,157350,157350,18107,5350,77388,53515,5350,0
1086,BANK OF VERSAILLES,20251231,SM,1,351593,34531,0,310872,268457,0,32000,0,301148,50445,50445,3371,691,32000,6190,691,0
1090,UPPER PENINSULA STATE BANK,20251231,NM,1,361467,14473,28921,289037,289708,0,20000,0,314751,46716,46716,15462,5043,20000,29036,5043,0
1092,BAYBANK,20251231,NM,1,168773,9431,24780,127172,143827,0,7000,0,152044,16729,16729,2284,1217,7000,7390,1217,0
1095,CENTRAL SAVINGS BANK,20251231,SM,1,487146,35202,100436,328419,428075,0,15000,0,446276,40870,40870,18256,3201,15000,23089,3201,0
1098,ROOT RIVER STATE BANK,20251231,SM,1,85901,8830,40279,28355,79423,0,0,0,79601,6300,6300,4053,178,0,8437,178,0
1100,PEOPLES STB OF PLAINVIEW,20251231,SM,1,410507,26040,98468,270846,371904,0,6809,0,382664,27843,27843,12071,3951,6809,15153,3951,0
1105,FIRST INTERSTATE BANK,20251231,SM,1,26568494,1309681,7630236,15083831,22396621,479560,23998,0,23197180,3371314,3371314,932248,219741,503558,2544746,297001,0
1117,AMERICAN BANK&TRUST,20251231,NM,1,2147633,218042,292306,1533321,1868116,10549,15961,0,1919682,227951,227951,59680,25056,26510,103964,25056,0
1118,CITIZENS STB OF ARLINGTON,20251231,SM,1,150588,21218,48754,77371,132405,0,700,0,133637,16951,16951,2665,532,700,3245,532,0
1122,FIRST FIDELITY BANK,20251231,NM,1,704059,30983,196303,415814,637187,0,69,0,644113,59946,59946,27519,6857,69,60959,6857,0
1125,MERCHANTS STATE BANK,20251231,SM,1,221544,5304,52505,148192,180697,0,4000,0,188378,33166,33166,9509,3681,4000,15543,3681,0
1141,COLORADO B&T CO OF LA JUNTA,20251231,SM,1,316199,28492,46537,226187,267971,0,10000,0,280138,36061,36061,4138,2167,10000,14983,2167,0
1147,PEOPLES BANK,20251231,SM,1,556004,47523,216799,265026,516519,0,0,0,519585,36419,36419,11492,3066,0,26656,3066,0
1163,WAHOO STATE BANK,20251231,SM,1,113865,1672,14376,86417,87770,4037,11679,0,104692,9173,9173,5117,1206,15716,11400,1206,0
1164,CITIZENS BANK,20251231,NM,1,773626,36492,378432,304087,673014,38297,15381,0,729231,44395,44395,28030,2539,53678,54615,2539,0
1165,FIRST BANK OF OKARCHE,20251231,NM,1,137713,23716,50951,58445,115727,0,0,0,116825,20888,20888,4490,1098,0,4601,1098,0
1167,UINTA BANK,20251231,SM,1,202956,9258,111728,70477,187483,1450,0,0,189477,13479,13479,7276,544,1450,11493,544,0
1169,SUNDANCE STATE BANK,20251231,SM,1,297613,44843,77682,159205,259956,0,8000,0,268812,28801,28801,10062,856,8000,15883,856,0
1184,BANK&TRUST SSB,20251231,SM,1,584833,38794,143349,368390,530550,0,0,0,535583,49250,49250,15893,5033,0,34300,5033,0
1198,ARROWHEAD BANK,20251231,NM,1,302203,50438,62587,184170,268383,0,0,0,269172,33031,33031,2197,789,0,5008,789,0
1209,COMMERCIAL BANK OF TEXAS NA,20251231,N,1,1632426,111726,364329,1093713,1456101,0,56,0,1470312,162114,162114,38780,14155,56,62658,14155,0
1210,VISTA BANK,20251231,SM,1,2541208,339128,148541,1928367,2209633,0,10000,0,2236368,304840,304840,78161,16735,10000,125172,16735,0
1213,CORNERSTONE CAPITAL BANK SSB,20251231,SI,1,2469832,374434,71370,1715233,1308987,0,664581,0,2094783,375049,339948,147192,121215,664581,308795,121215,0
1218,FIRST STATE BANK,20251231,NM,1,179669,19229,11849,143697,148878,7000,42,0,157086,22583,22583,4518,1166,7042,4894,1166,0
1219,WELLINGTON STATE BANK,20251231,SM,1,653212,79158,195416,343540,593113,0,0,0,602831,50381,50381,17514,9718,0,35098,9718,0
1225,FARMERS&MERCHANTS BK LONG BE,20251231,SM,1,11797060,1409565,4105543,5983529,8950794,883234,300000,0,10190773,1606287,1606287,116646,56745,1183234,298423,56745,0
1237,IRELAND BANK,20251231,NM,1,371201,32360,139357,184071,325096,0,6730,0,335784,35417,35417,10495,3958,6730,15413,3958,0
1265,CASHMERE VALLEY BANK,20251231,NM,1,2273312,247530,985515,941605,1900776,0,83000,0,2000842,272470,271293,63696,17066,83000,98662,17066,0
1281,WASHINGTON TRUST BANK,20251231,NM,1,10682990,711329,2354541,7203304,8946579,328017,250000,0,9715684,967306,967306,222001,191088,578017,413816,191088,0
1291,FARMERS BANK&TRUST CO,20251231,SM,1,3050571,48460,476078,2312076,2733700,0,20000,0,2776068,274503,274503,111423,22368,20000,213957,22368,0
1294,FNBC BANK,20251231,SM,1,852531,16050,204631,591430,700908,0,83500,0,789007,63524,63524,20285,4599,83500,40420,4599,0
1296,FARMERS BANK,20251231,NM,1,287631,6589,80740,162125,247211,0,0,0,248163,39468,39468,10995,952,0,38177,952,0
1299,EVOLVE BANK&TRUST,20251231,SM,1,1286556,194985,127372,874839,1072077,0,0,0,1124201,162355,162355,67422,52124,0,89360,52124,0
1331,FARMERS&MERCHANTS BK CNTL CA,20251231,NM,1,5692809,150485,1669067,3572570,4985370,0,0,0,5039816,652993,652993,233273,54446,0,300687,54446,0
1365,PEOPLES BANK&TRUST CO,20251231,NM,1,1579827,72408,319179,1056623,1340140,14852,65200,0,1435484,144343,144343,77993,15292,80052,131617,15292,0
1373,BOM BANK,20251231,NM,1,1520955,84856,190925,1121944,1329674,0,25000,0,1362432,158523,158523,65477,7758,25000,123230,7758,0
1374,BANK OF COMMERCE,20251231,NM,1,90195,3134,26462,37591,81741,0,0,0,82131,8064,8064,3288,390,0,23008,390,0
1376,CITIZENS BANK&TRUST CO,20251231,NM,1,486051,52190,60704,344435,427978,0,0,0,432754,53297,53297,19426,4776,0,28722,4776,0
1380,FELICIANA BANK&TRUST CO,20251231,NM,1,166340,16500,20072,121631,139985,0,6298,0,148337,18003,18003,6786,2054,6298,8137,2054,0
1391,ARLINGTON STATE BANK,20251231,NM,1,55131,8071,25160,19753,50915,0,0,0,51490,3641,3641,1819,575,0,2147,575,0
1399,FRANDSEN BANK&TRUST,20251231,SM,1,3704763,207675,728599,2486390,3152434,21541,83443,0,3285745,419018,419018,97443,28327,104984,282099,28327,0
1402,CITIZENS ALLIANCE BANK,20251231,NM,1,1480074,100943,299153,980487,1277662,0,48083,0,1333428,146646,146646,48534,7683,48083,99491,7683,0
1409,KENSINGTON BANK,20251231,NM,1,446404,12569,60943,347218,383258,750,15000,0,404755,41649,41649,17975,5747,15750,25674,5747,0
1413,PERENNIAL BANK,20251231,NM,1,156675,33430,57745,61713,143439,0,0,0,144193,12482,12482,2385,754,0,3787,754,0
1415,NORTHWOODS BANK OF MINNESOTA,20251231,SB,1,143037,2979,53034,76592,126259,0,2734,0,130037,13000,13000,1964,1044,2734,10432,1044,0
1417,WOODLANDS NATIONAL BANK,20251231,N,1,312199,39470,132721,122077,279938,0,1000,0,281709,30490,30490,8526,771,1000,17931,771,0
1418,BANK OF WESTON,20251231,NM,1,230186,1931,49764,172754,202036,0,8450,0,211097,19089,19089,2280,611,8450,5737,611,0
1426,FOCUS BANK,20251231,NM,1,880651,30718,67942,727917,669826,0,99000,0,777279,103372,103372,37291,8453,99000,54074,8453,0
1427,UNITED SECURITY BANK,20251231,NM,1,98627,3566,19740,74052,81018,1044,5000,0,87395,11232,11232,927,333,6044,1269,333,0
1434,TOWN&COUNTRY BANK,20251231,SM,1,237153,5091,64202,157832,188985,0,19304,0,209407,27746,27746,8925,1118,19304,10028,1118,0
1435,EXCHANGE BANK,20251231,NM,1,1573634,8695,416035,1065174,1199335,0,197039,0,1403267,170367,170367,60718,6893,197039,83730,6893,0
1438,COUNTRYSIDE BANK,20251231,NM,1,117054,15644,27186,68028,95757,0,2829,0,99436,17618,17618,5650,850,2829,6196,850,0
1439,AMERICAN INTERSTATE BANK,20251231,NM,1,134170,65519,0,66877,109736,0,0,0,109991,24179,24179,655,255,0,1774,255,0
1464,BANK OF HOLLAND,20251231,NM,1,246327,11044,45770,182518,220545,0,5000,0,226450,19877,19877,4712,905,5000,6995,905,0
1468,BANK OF CROCKETT,20251231,SM,1,288428,5028,79483,182795,257782,1465,0,0,260819,27609,27609,12495,1572,1465,21122,1572,0
1475,PEOPLES BANK&TRUST CO,20251231,NM,1,171602,23153,27978,112696,146842,0,0,0,148573,23029,23029,2612,1731,0,7775,1731,0
1484,BANK OF FRANKEWING,20251231,NM,1,446407,90475,32086,294495,396406,0,108,0,398087,48320,48320,13667,1573,108,29351,1573,0
1487,FIRST FARMERS&MERCHANTS BANK,20251231,SM,1,1785669,102381,579953,998538,1593304,0,1945,0,1613582,172087,171992,66671,18333,1945,104797,18333,0
1497,SECURITY STATE BANK,20251231,NM,1,949056,22535,264737,551697,845193,0,0,0,846772,102284,102284,12029,1579,0,110087,1579,0
1513,CITIZENS STB OF LA CROSSE,20251231,NM,1,658270,109363,405,532080,517601,0,58374,0,577871,80399,80399,6457,1896,58374,16422,1896,0
1527,DIAMOND BANK,20251231,SM,1,932050,11579,146302,728410,818377,0,27000,0,850972,81078,81078,32030,5595,27000,45759,5595,0
1528,SOUTHERN BCORP BANK,20251231,SM,1,2779153,144858,564310,1828069,2118144,15153,234401,0,2391469,387684,387684,134816,23771,249554,241916,23771,0
1536,BANK OF STOCKTON,20251231,NM,1,4778288,164526,1952602,2389929,3737300,0,544,0,3898257,880031,880031,172254,160413,544,271231,160413,0
1545,FIRST NB AMES IOWA,20251231,N,1,1108870,77570,323669,671521,952909,30605,16452,0,1004328,104542,104542,14439,4362,47057,36110,4362,0
1547,IOWA TRUST&SAVINGS BANK,20251231,NM,1,200454,28346,73632,93467,140370,37484,0,0,178254,22200,22200,3802,400,37484,5009,400,0
1550,CENTRAL STATE BANK,20251231,SM,1,441491,9566,54775,350107,344349,0,54123,0,400342,41149,41149,14446,1870,54123,27043,1870,0
1552,CBI BANK&TRUST,20251231,SM,1,1646450,55803,394558,1066755,1405245,28101,0,0,1447139,199311,199311,46047,13793,28101,129334,13793,0
1553,SHELBY COUNTY STATE BANK,20251231,NM,1,529831,16704,108750,368065,468881,0,0,0,471395,58436,58436,20675,2514,0,36312,2514,0
1556,TWIN CEDARS BANK,20251231,NM,1,121993,19887,18,97253,105356,0,2200,0,108328,13665,13665,2099,772,2200,4835,772,0
1562,PEOPLES BANK,20251231,NM,1,186000,2525,22318,156882,162999,4359,3000,0,171467,14533,14533,3053,1109,7359,4275,1109,0
1566,PEOPLES BANK,20251231,NM,1,137404,7303,32427,95250,123294,0,1766,0,125695,11709,11709,977,635,1766,2424,635,0
1596,COMERICA B&T NA,20251231,N,1,125335,97921,1974,0,505,0,0,0,11765,113570,113570,21146,11260,0,25440,11260,0
1600,FIRST FARMERS&MERCHANTS STB,20251231,NM,1,94113,2540,16819,72070,81514,1050,1636,0,84537,9576,9576,1554,337,2686,2684,337,0
1604,SECURITY BANK USA,20251231,NM,1,261551,28215,42017,181381,236483,0,0,0,237305,24246,24246,3356,822,0,9938,822,0
1607,BANK OF ELK RIVER,20251231,NM,1,717628,11707,255669,432527,658944,0,5500,0,668090,49538,49538,6776,3646,5500,17725,3646,0
1609,FIRST STATE BANK OF WYOMING,20251231,NM,1,243574,21314,144236,65860,207456,0,0,0,209364,34210,34210,8921,1908,0,12164,1908,0
1610,STATE BANK OF FARIBAULT,20251231,NM,1,316165,9994,109647,174565,285129,0,5000,0,294209,21956,21956,12043,4080,5000,21959,4080,0
1611,CARROLL CNTY TR CARROLLTON M,20251231,NM,1,205179,11790,88204,92121,177577,2050,11938,0,191682,13497,13497,9585,117,13988,13064,117,0
1612,SHERWOOD COMMUNITY BANK,20251231,NM,1,74786,3449,18854,49181,67596,1500,0,0,69178,5608,5608,1814,82,1500,3302,82,0
1616,EXCHANGE BANK OF MISSOURI,20251231,SM,1,431038,27334,33922,332928,390306,0,0,0,392155,38883,38883,11790,1849,0,36854,1849,0
1617,BANK OF MISSOURI,20251231,NM,1,3035331,36105,590306,2136375,2502670,0,100000,0,2687935,347396,346932,162804,83020,100000,272545,85265,0
1622,FIRST SECURITY BANK,20251231,NM,1,58890,2818,13187,41668,53927,0,0,0,54145,4745,4745,516,218,0,1217,218,0
1639,FCNB BANK,20251231,SM,1,208453,9155,51608,128228,184526,0,12500,0,197950,10503,10503,8712,924,12500,19462,924,0
1654,OZARK BANK,20251231,NM,1,346613,16868,53445,263311,277891,0,38500,0,318349,28264,28264,10218,1958,38500,12989,1958,0
1655,BANK OF OLD MONROE,20251231,NM,1,950613,21101,275308,623898,840888,370,35400,0,881693,68920,68920,21248,5035,35770,30306,5035,0
1660,FARMERS&MERCHANTS BANK OF SC,20251231,NM,1,495356,176280,183850,123149,435279,0,0,0,436285,59071,59071,7447,1006,0,12077,1006,0
1673,1ST FINANCIAL BANK USA,20251231,NM,1,1352658,129365,110313,947310,1039908,0,44196,0,1126877,225781,225781,116118,42773,44196,165670,42773,0
1675,RICHLAND STATE BANK,20251231,NM,1,44074,2078,18341,22448,39229,0,0,0,39340,4734,4734,646,111,0,1207,111,0
1678,PLAINS COMMERCE BANK,20251231,NM,1,1308415,39055,87556,1079381,1050111,0,102000,0,1169941,138474,138474,33137,17830,102000,102423,17830,0
1686,FARMERS STATE BANK,20251231,NM,1,250699,6001,91673,138687,233283,0,0,0,234625,16074,16074,11609,1342,0,14338,1342,0
1687,COMMUNITY BANK,20251231,NM,1,68843,2393,21647,41616,58040,0,2000,0,61108,7735,7735,2962,1068,2000,3187,1068,0
1693,UBANK,20251231,NM,1,180482,28733,11629,134333,155858,0,0,0,157077,23405,23405,4426,1219,0,5787,1219,0
1696,FARMERS BANK,20251231,NM,1,933573,46221,224766,605314,796637,0,0,0,807901,125672,125672,43182,11264,0,57272,11264,0
1700,FIRST CENTURY BANK,20251231,NM,1,761338,34102,1490,662790,681982,0,0,0,691575,69763,69763,17613,9593,0,62956,9593,0
1705,MOUNTAIN VALLEY BANK,20251231,NM,1,259636,18628,25122,204834,204235,0,30000,0,235027,24609,24609,5410,792,30000,11052,792,0
1711,WELLWORTH BANK,20251231,NM,1,1759147,39598,399260,1219041,1451111,0,121793,0,1583838,175309,175309,61241,10934,121793,101248,10934,0
1713,BANK OF PERRY COUNTY,20251231,NM,1,243231,4342,11357,196194,214456,0,4674,0,220420,22811,22811,6684,1290,4674,31338,1290,0
1715,CITIZENS 1ST BANK,20251231,SM,1,819767,59598,274160,476551,621883,10410,43687,0,679378,140389,140389,8765,3398,54097,9458,3398,0
1720,WESTERN BANK,20251231,NM,1,844765,73197,30661,676593,729050,0,40000,0,771905,72860,72860,16308,2855,40000,64314,2855,0
1730,PEOPLES BANK OF GREENSBORO,20251231,NM,1,114944,1837,46657,51692,109161,0,0,0,109526,5418,5418,2356,365,0,14758,365,0
1735,FARMERS&MERCHANTS BANK,20251231,NM,1,310552,12336,135067,140404,276603,0,0,0,278667,31885,31885,10823,2064,0,22745,2064,0
1745,FARMERS&MERCHANTS BANK,20251231,NM,1,100066,3630,81111,5205,88057,0,0,0,88575,11491,11491,3214,518,0,10120,518,0
1753,UNION BANK&TRUST CO,20251231,SM,1,342950,17086,46456,264281,309085,0,415,0,313009,29941,29941,10807,3509,415,15127,3509,0
1756,CENTRAL BANK,20251231,NM,1,877796,31720,49095,751164,696270,0,90655,0,794972,82824,82824,14182,8047,90655,45817,8047,0
1768,MECHANICS BANK,20251231,NM,1,22367624,1029983,5348952,14033057,19035000,0,0,0,19305036,3062588,3062588,486294,255961,0,1955632,270036,0
1778,STATE BANK,20251231,NM,1,144967,38822,25537,73046,118703,0,0,0,118983,25984,25984,4210,280,0,7562,280,0
1779,CITIZENS STATE BANK OF OURAY,20251231,NM,1,215319,20314,21963,151003,196525,0,0,0,199748,15571,15571,6103,3223,0,22039,3223,0
1780,FARMERS STATE BANK OF CALHAN,20251231,NM,1,417918,7750,196685,190575,335733,0,55483,0,392188,25730,25730,15500,972,55483,22908,972,0
1781,FIRST STB SHANNON-POLO,20251231,NM,1,195225,18682,61460,108196,173136,3921,300,0,179452,15773,15773,3845,2095,4221,6887,2095,0
1786,LONGVIEW BANK,20251231,NM,1,672118,35274,56442,547823,610798,100,2811,0,616268,55850,55850,11546,2559,2911,32579,2559,0
1808,BETTER BANKS,20251231,NM,1,433168,12738,117839,287746,394804,0,0,0,398132,35036,35036,8625,3328,0,14845,3328,0
1821,FOWLER STATE BANK,20251231,NM,1,203431,3626,67189,126418,153966,0,21002,0,175540,27891,27891,5013,572,21002,6198,572,0
1829,FAIRMOUNT STATE BANK,20251231,SM,1,58007,3676,8055,44824,47375,0,3500,0,51097,6910,6910,1295,222,3500,1452,222,0
1833,STATE BANK,20251231,NM,1,864872,28869,92924,686798,696338,0,85000,0,789852,75020,75020,31742,8514,85000,56281,8514,0
1839,COMMUNITY STATE BANK,20251231,NM,1,173118,6262,62026,85919,157728,0,0,0,158946,14172,14172,6008,1218,0,18911,1218,0
1843,FARMERS&MERCHANTS BANK,20251231,NM,1,210384,7658,53134,140599,183883,0,8500,0,193179,17205,17205,3635,796,8500,8993,796,0
1847,BIPPUS STATE BANK,20251231,NM,1,428110,6060,38241,348361,341001,10691,24000,0,378984,49126,49126,17642,3292,34691,35448,3292,0
1849,WAYNE BANK&TRUST CO,20251231,SM,1,251098,4069,36772,197443,222549,0,7690,0,231514,19584,19584,8850,1275,7690,12814,1275,0
1852,FIRST SECURITY BANK&TRUST CO,20251231,NM,1,558087,48575,128091,348680,479707,18979,0,0,502702,55385,55385,18582,4016,18979,32741,4016,0
1857,WAUKON STATE BANK,20251231,SM,1,433004,28525,35384,353920,369909,0,17500,0,390397,42607,42607,9095,2988,17500,15175,2988,0
1860,MONTEZUMA STATE BANK,20251231,NM,1,53446,17432,10422,23305,45236,0,0,0,45546,7900,7900,1829,310,0,2287,310,0
1865,KANSAS STB OVERBROOK KANSAS,20251231,NM,1,99260,4200,35810,52520,82526,0,5500,0,88266,10994,10994,2544,240,5500,6730,240,0
1867,FARMERS STB OF OAKLEY KANSAS,20251231,NM,1,374433,6506,79853,251278,285688,5880,35502,0,329583,44850,44850,16078,2513,41382,36796,2513,0
1868,BANK OF TESCOTT,20251231,NM,1,639380,12143,109086,471221,566871,0,5000,0,573669,65711,65711,10475,1798,5000,46930,1798,0
1869,UNION STATE BANK,20251231,SM,1,655241,19468,162143,420580,560501,712,8000,0,578139,77102,77102,25191,8926,8712,53050,8926,0
1874,BANK OF LABOR,20251231,NM,1,1071878,115967,560115,354144,991088,18836,0,0,1022792,49086,49086,23126,12868,18836,41652,12868,0
1895,FARMERS&MERCHANTS BANK,20251231,NM,1,872370,47514,140335,633858,722077,4317,63977,0,796573,75797,75797,33698,6202,68294,50663,6202,0
1900,FIRST INDEPENDENT BANK,20251231,NM,1,600188,24626,143293,401439,507366,0,43600,0,552571,47617,47617,16213,1605,43600,30830,1605,0
1903,ST CLAIR STATE BANK INC,20251231,NM,1,131201,20226,3251,97694,115921,0,0,0,116943,14258,14258,1457,1022,0,10030,1022,0
1905,PROFINIUM INC,20251231,SM,1,522584,37205,66443,390615,446009,72,25986,0,475245,47339,47339,17433,3178,26058,28321,3178,0
1906,TRIUMPH STATE BANK,20251231,NM,1,92180,12238,6308,63245,79443,0,0,0,80462,11718,11718,1497,1019,0,10389,1019,0
1908,WANDA STATE BANK,20251231,NM,1,234068,17324,51303,139046,205872,0,0,0,207297,26771,26771,13752,1425,0,26395,1425,0
1913,CASTLE ROCK BANK,20251231,NM,1,289665,6689,151271,126990,247811,1175,0,0,249592,40073,40073,2960,606,1175,4715,606,0
1929,FARMERS STB OF TRIMONT,20251231,NM,1,77764,1796,23213,48290,61972,0,3200,0,66486,11278,11278,4432,1314,3200,4465,1314,0
1931,NEW MARKET BANK,20251231,NM,1,190823,26146,44627,112720,173295,0,0,0,174522,16301,16301,6028,1227,0,7330,1227,0
1933,CITIZENS STB NORWOOD YOUNG A,20251231,NM,1,144870,35121,32041,70523,129846,0,0,0,130591,14279,14279,2243,745,0,7185,745,0
1936,COMMUNITY STB OF MISSOURI,20251231,NM,1,349112,25512,64370,237432,310306,0,0,0,311438,37674,37674,10499,1132,0,21798,1132,0
1937,BANK OF CROCKER,20251231,NM,1,145820,14141,62887,48330,129693,0,0,0,130162,15658,15658,983,469,0,20462,469,0
1941,TIPTON LATHAM BANK NA,20251231,N,1,189958,9366,32959,138672,164497,0,6000,0,171702,18256,18256,7736,1205,6000,8961,1205,0
1945,METZ BANKING CO,20251231,NM,1,110023,10024,19645,74941,97244,0,0,0,97752,12271,12271,1257,508,0,5413,508,0
1946,ALLIANT BANK,20251231,NM,1,267251,28915,16674,203514,244371,0,0,0,245474,21777,21777,9397,1103,0,18148,1103,0
1956,CITIZENS BANK OF ELDON,20251231,NM,1,243459,17900,22285,189972,214123,0,0,0,217174,26285,26285,6945,3051,0,13302,3051,0
1964,LAMAR BANK&TRUST CO,20251231,SM,1,260372,15441,34116,196031,220204,0,15000,0,238430,21942,21942,9688,3226,15000,14784,3226,0
1972,CITIZENS BANK&TRUST CO,20251231,SM,1,162958,33591,33685,86039,129201,0,16000,0,146459,16499,16499,7035,1258,16000,9643,1258,0
1978,YELLOWSTONE BANK,20251231,SM,1,1363581,79410,505678,734085,1129391,46488,576,0,1178018,185563,185563,22455,1563,47064,44408,1563,0
1980,VALLEY BANK OF KALISPELL,20251231,NM,1,205642,2856,51126,143609,186308,0,0,0,187316,18326,18326,2295,1008,0,8051,1008,0
1982,FIRST STATE BANK OF MALTA,20251231,SM,1,201274,42222,97836,57912,176177,0,0,0,177340,23934,23934,3098,1163,0,3304,1163,0
1983,WESTERN NEBRASKA BANK,20251231,NM,1,193387,3074,25613,150983,159464,0,18500,0,178438,14949,14949,6450,474,18500,13717,474,0
1986,COMMERCIAL STATE BANK,20251231,NM,1,75295,2080,49274,21872,50271,773,4400,0,55946,19349,19349,1995,502,5173,2069,502,0
1992,PATHWAY BANK,20251231,NM,1,345563,9118,76327,237025,242838,0,60356,0,306524,39039,39039,16672,3330,60356,23093,3330,0
1993,CERESCOBANK,20251231,NM,1,77483,1976,29318,41376,65779,0,1700,0,67942,9541,9541,3907,463,1700,4813,463,0
2036,FARMERS&MERCHANTS BANK,20251231,NM,1,965683,120884,283506,520444,814098,0,0,0,821685,143998,143998,21365,7587,0,40849,7587,0
2057,STATE BANK&TRUST OF KENMARE,20251231,NM,1,191200,3058,73301,86947,173955,0,2642,0,177600,13600,13600,2551,1003,2642,27894,1003,0
2068,FAHEY BANKING CO,20251231,NM,1,383662,14481,52170,297815,318079,0,7000,0,326837,56825,56825,17304,1758,7000,19196,1758,0
2093,NATIONAL CAPITAL BANK OF WA,20251231,N,1,763257,81000,115243,535303,681029,0,0,0,685003,78254,78254,25265,3974,0,31711,3974,0
2102,CONWAY NATIONAL BANK,20251231,N,1,1948354,183597,891775,826275,1621432,127781,0,0,1763979,184375,184375,31112,14766,127781,46707,14766,0
2107,FIRST NB OF SOUTH CAROLINA,20251231,N,1,305598,56488,94882,144321,269661,828,0,0,271792,33806,33806,2916,1303,828,9907,1303,0
2138,QUEENSBOROUGH NB&T CO,20251231,N,1,2210609,162079,622484,1308239,1979598,0,31000,0,2028980,181629,181629,64751,18382,31000,117807,18382,0
2145,BANK OF MONTICELLO,20251231,NM,1,158354,22235,16607,111333,136704,0,0,0,137543,20811,20811,3588,839,0,8179,839,0
2154,GEO D WARTHEN BANK,20251231,NM,1,195317,15983,55033,110652,168196,0,0,0,170631,24686,24686,8567,2435,0,13649,2435,0
2157,FIRST STB OF RANDOLPH COUNTY,20251231,NM,1,85722,4416,39791,28131,83787,0,0,0,84267,1455,1455,1621,480,0,13384,480,0
2160,FIRST NB OF WAYNESBORO,20251231,N,1,226527,50124,24898,143625,182979,0,0,0,184893,41634,41634,3106,1914,0,7880,1914,0
2205,BANK OF THE ROCKIES,20251231,NM,1,270380,20593,50452,188813,236774,0,8000,0,245722,24658,24658,3981,948,8000,10522,948,0
2208,FIRST NORTHERN BANK OF WY,20251231,SM,1,894234,22445,270036,558404,820896,0,0,0,824329,69905,69905,8659,3433,0,43349,3433,0
2224,BANK OF BRIDGER NA,20251231,N,1,798812,7458,395952,367020,703468,0,23300,0,730172,68640,68640,16311,3404,23300,28382,3404,0
2228,RNB STATE BANK,20251231,SM,1,286923,6474,98686,147566,267243,0,0,0,268190,18733,18733,9128,947,0,34197,947,0
2229,RSNB BANK,20251231,SM,1,390332,4854,196238,142715,366174,0,0,0,367836,22496,22496,18217,1662,0,46525,1662,0
2232,PINNACLE BANK WYOMING,20251231,NM,1,1333700,95444,306096,893531,1198915,0,2466,0,1208221,125479,125479,17670,6840,2466,38629,6840,0
2240,FIRST AMERICAN BANK,20251231,NM,1,1845287,104428,580205,1064745,1570113,52103,224,0,1648028,197259,197259,49802,25588,52327,95909,25588,0
2241,CNB BANK,20251231,NM,1,988553,82395,155586,722800,899037,0,0,0,901700,86853,86853,18799,2663,0,27772,2663,0
2244,JAMES POLK STONE CMTY BANK,20251231,NM,1,442995,94037,150014,179475,376804,30621,0,0,408512,34483,34483,9599,1087,30621,19469,1087,0
2247,BANK OF THE SOUTHWEST,20251231,NM,1,181028,32385,23131,118499,163863,0,0,0,163938,17090,17090,2046,75,0,7013,75,0
2249,WESTERN BANK,20251231,SM,1,321514,25923,210803,72640,282157,0,577,0,285611,35903,35903,9048,2877,577,12148,2877,0
2270,ZIONS BCORP N A,20251231,N,1,88989689,2770725,18188266,60440004,75875678,736871,2891686,969116,81809986,7179703,7179703,3163725,1336635,4597673,7590694,1336635,0
2273,FIRST NATIONAL BANK OF ELY,20251231,N,1,126787,6309,98447,15410,118689,0,0,0,118758,8029,8029,3996,69,0,6621,69,0
2284,NORTH VALLEY BANK,20251231,SM,1,409295,8054,46312,315408,358189,0,3500,0,364096,45199,45199,14700,2407,3500,39521,2407,0
2285,GENOA BANKING CO,20251231,SM,1,721197,14174,135162,534479,643271,2426,14164,0,668465,52732,52732,21897,8604,16590,37382,8604,0
2286,BUCKEYE STATE BANK,20251231,NM,1,554778,5559,120021,332422,476614,0,19652,0,503332,51446,51446,18300,7066,19652,96776,7066,0
2300,BANK OF MAGNOLIA CO,20251231,NM,1,105303,14184,15946,66488,91107,0,0,0,92345,12958,12958,3236,1238,0,8685,1238,0
2301,FIRST STATE BANK,20251231,NM,1,166850,5660,13209,130410,143098,0,9000,0,152804,14046,14046,4261,706,9000,17571,706,0
2308,WASHITA VALLEY BANK,20251231,NM,1,61047,7085,21059,31134,52476,0,0,0,52869,8178,8178,1080,393,0,1769,393,0
2315,ARMSTRONG BANK,20251231,SM,1,2671503,55988,543772,1922046,2422129,0,25000,0,2465705,205798,205798,72252,18576,25000,149697,18576,0
2317,METHOD BANK,20251231,SM,1,244313,41065,441,188855,208550,0,10000,0,220191,24122,24122,5326,1641,10000,13952,1641,0
2320,CARSON COMMUNITY BANK,20251231,NM,1,164883,4350,52224,103638,140521,4216,5190,0,151418,13465,13465,2313,1491,9406,4671,1491,0
2326,AVB BANK,20251231,NM,1,547962,36532,64842,418945,477533,0,15000,0,497985,49977,49977,19416,5452,15000,27643,5452,0
2327,LOCAL BANK,20251231,SM,1,429013,3421,19394,325383,361268,0,19194,0,381886,47127,47127,17822,1424,19194,80815,1424,0
2328,AMERICAN EXC BK LINDSAY OK,20251231,NM,1,91430,3016,49936,29296,80607,0,0,0,82024,9406,9406,4446,1417,0,9182,1417,0
2331,PEOPLES BANK&TRUST CO,20251231,NM,1,46771,3674,994,30668,35668,0,421,0,37486,9285,9285,2033,1397,421,11435,1397,0
2359,MAUCH CHUNK TRUST CO,20251231,NM,1,648917,4568,277277,282704,618526,1371,24500,0,646923,1994,1994,36153,2526,25871,84368,2526,0
2379,BANK OF GLEASON,20251231,NM,1,134552,8735,45917,73702,109782,0,0,0,110466,24086,24086,3833,684,0,6198,684,0
2380,CARROLL BANK&TRUST,20251231,SM,1,649009,47180,81343,471641,594978,0,457,0,600585,48424,48424,20037,5150,457,48845,5150,0
2391,SECURITY BANK,20251231,SM,1,229835,12468,107429,91844,197504,7560,0,0,208000,21835,21835,12357,2936,7560,18094,2936,0
2443,CLEAR MOUNTAIN BANK,20251231,SM,1,984883,16750,170011,738639,853351,0,5000,0,867322,117561,117561,36147,8971,5000,59483,8971,0
2444,CLAY COUNTY BANK INC,20251231,NM,1,135733,26813,44366,62403,116696,0,0,0,117217,18516,18516,1148,521,0,2151,521,0
2448,PIONEER COMMUNITY BANK INC,20251231,NM,1,182600,9095,20529,136048,154953,0,2500,0,158616,23984,23984,9406,1163,2500,16928,1163,0
2452,WEST UNION BANK,20251231,NM,1,300839,9667,134707,145178,271360,7877,149,0,281739,19100,19100,8256,2353,8026,11287,2353,0
2453,DAVIS TRUST CO,20251231,NM,1,263335,17101,11306,214777,203454,0,39615,0,245678,17657,17657,13454,2609,39615,20151,2609,0
2455,BANK OF BRODHEAD,20251231,SM,1,409234,6237,93629,284824,328594,1001,41000,0,372503,36731,36731,12078,1908,42001,24544,1908,0
2467,CITIZENS STATE BANK,20251231,NM,1,254098,17772,28222,197320,206614,0,25578,0,233866,20232,20232,2550,1674,25578,10784,1674,0
2468,NORTHWESTERN BANK,20251231,SM,1,705139,54303,78215,548143,569058,0,62960,0,637107,68032,68032,19434,5089,62960,24478,5089,0
2469,BADGER BANK,20251231,NM,1,208427,11133,46637,135849,173275,0,11500,0,186557,21870,21870,9738,1782,11500,14808,1782,0
2477,BANK OF DEERFIELD,20251231,NM,1,261187,4413,13393,231031,223805,78,8000,0,234659,26528,26528,3727,2776,8078,12350,2776,0
2482,NEKOOSA PORT EDWARDS STB,20251231,NM,1,289602,59720,42867,173788,247236,0,0,0,249094,40508,40508,6045,1858,0,13227,1858,0
2496,NATIONAL IRON BANK,20251231,N,1,335321,29130,43321,259503,289695,0,19816,0,309945,25376,25376,2576,434,19816,3367,434,0
2608,NATIONAL GRAND BK MARBLEHEAD,20251231,N,1,445433,25370,82706,323052,369757,0,30200,0,403984,41449,41449,11381,4027,30200,14305,4027,0
2616,MILLBURY NATIONAL BANK,20251231,N,1,139409,6950,19972,107136,112532,0,12000,0,126449,12960,12960,4127,1917,12000,5351,1917,0
2682,FIRST NB OF BROOKSVILLE,20251231,N,1,72893,3134,25374,41446,64182,0,0,0,64752,8141,8141,1075,570,0,2939,570,0
2691,CUMBERLAND VALLEY NB&T CO,20251231,N,1,814885,108645,125214,555604,737007,0,0,0,740351,74534,74534,16980,3344,0,25422,3344,0
2695,FIRST NB OF GRAYSON,20251231,N,1,362599,43224,84293,224144,315961,615,0,0,320860,41739,41739,3817,4284,615,10938,4284,0
2700,FIRST SOUTHERN NATIONAL BANK,20251231,N,1,1257558,134994,292086,778425,1096068,1187,0,0,1110438,147120,147120,13089,13183,1187,52053,13183,0
2708,FIRST NB OF MANCHESTER,20251231,N,1,229068,27649,36588,154124,206234,0,0,0,207435,21633,21633,4591,1201,0,10707,1201,0
2711,TRADITIONAL BANK INC,20251231,NM,1,2461947,111017,646325,1595263,2198382,38348,4108,0,2255567,206380,206380,73130,14729,42456,109342,14729,0
2718,CITIZENS BANK OF KY INC,20251231,SM,1,689269,33969,272498,331828,591438,1606,0,0,600067,89202,89202,23270,7023,1606,50974,7023,0
2720,COMMUNITY TRUST BANK INC,20251231,SM,1,6642331,358579,1094809,4834984,5395699,309299,10729,0,5768882,873449,873449,216621,53155,320028,353959,53155,0
2723,SALYERSVILLE NATIONAL BANK,20251231,N,1,160842,21992,44757,89181,122071,20105,438,0,143624,17218,17218,3868,1010,20543,4912,1010,0
2725,CITIZENS NB OF SOMERSET,20251231,N,1,700468,39839,290452,359747,545763,111480,0,0,659463,41005,41005,3991,2220,111480,10430,2220,0
2733,BANK OF BUFFALO,20251231,SM,1,133080,2314,30832,96260,106053,0,14848,0,121579,11501,11501,2652,678,14848,3674,678,0
2735,FIRST NB OF KENTUCKY,20251231,N,1,242449,10946,26030,198658,213603,0,5794,0,220395,22054,22054,1627,998,5794,6815,998,0
2738,FIRST&FARMERS NB INC,20251231,N,1,676306,31409,146398,473967,577584,18134,0,0,599951,76355,76355,7534,4233,18134,24532,4233,0
2740,FARMERS NB OF DANVILLE,20251231,N,1,990431,32880,144793,767315,888770,0,0,0,896797,93634,93634,20601,8027,0,45443,8027,0
2750,LINCOLN NB OF HODGENVILLE,20251231,N,1,442542,21229,49967,347857,370320,0,7100,0,379721,62821,62821,6378,2301,7100,23489,2301,0
2753,CITIZENS B&T OF LEBANON INC,20251231,SM,1,167962,18050,91143,50924,151712,1493,3328,0,157409,10553,10553,6286,876,4821,7845,876,0
2754,FARMERS NB OF LEBANON,20251231,N,1,148595,5545,35251,102784,130714,1604,0,0,133182,15413,15413,2630,864,1604,5015,864,0
2759,FNB BANK INC,20251231,NM,1,750432,59144,161272,502732,687225,0,0,0,690753,59679,59679,9967,3528,0,27284,3528,0
2765,FARMERS BANK&TRUST CO,20251231,NM,1,241172,7818,43209,180787,213605,3025,6359,0,223927,17245,17245,7781,938,9384,9358,938,0
2767,FIRST NB OF RUSSELL SPRINGS,20251231,N,1,465073,57109,86098,313275,421539,0,0,0,424344,40729,40729,6566,2805,0,8591,2805,0
2777,MIDSOUTH BANK,20251231,NM,1,762333,60086,218466,431604,695320,0,0,0,699666,62667,62667,17868,4346,0,52177,4346,0
2779,FIRST NATIONAL BANK&TRUST,20251231,N,1,239483,9613,52272,142867,220353,0,0,0,221129,18354,18354,8181,776,0,34731,776,0
2784,FIRST BANK OF BOAZ,20251231,NM,1,238195,10541,147820,68175,203909,0,4000,0,208626,29569,29569,11176,717,4000,11659,717,0
2787,COMMUNITY NEIGHBOR BANK,20251231,NM,1,190384,46308,36407,95878,170105,0,0,0,170342,20042,20042,6250,237,0,11791,237,0
2794,DOZIER BANK,20251231,NM,1,54543,776,19827,21820,40281,0,0,0,41244,13299,13299,3284,963,0,12120,963,0
2804,FIRST NB OF HARTFORD,20251231,N,1,168723,5403,50686,93324,148582,0,0,0,149771,18952,18952,7674,1189,0,19310,1189,0
2805,HNB FIRST BANK,20251231,NM,1,285111,23075,23035,203951,257009,0,0,0,259793,25318,25318,8852,2784,0,35050,2784,0
2828,FRIEND BANK,20251231,NM,1,213000,33963,34080,135694,182700,0,0,0,183888,29112,29112,1816,1188,0,9263,1188,0
2829,FIRST SOUTHERN STATE BANK,20251231,NM,1,877165,71746,279417,479863,794581,0,0,0,800556,76609,76609,26387,5975,0,46139,5975,0
2832,FIRST BANK OF ALABAMA,20251231,NM,1,1203765,84734,253531,708805,1077553,0,0,0,1109253,94512,94512,56032,31700,0,156695,31700,0
2838,AMERIFIRST BANK,20251231,NM,1,356754,7557,37505,273210,319629,0,0,0,324209,32545,32545,9593,4580,0,38482,4580,0
2850,FARMERS BANK,20251231,NM,1,667565,83702,161245,395502,559302,0,0,0,568670,98895,98895,8250,9368,0,27116,9368,0
2945,STATE BANK NORTHWEST,20251231,NM,1,230975,7118,6071,160267,194774,0,0,0,200488,30487,30487,7537,5714,0,57519,5714,0
2987,BAKER-BOYER NATIONAL BANK,20251231,N,1,709631,109944,181602,390552,648502,0,0,0,651204,58427,58427,8575,2702,0,27533,2702,0
3017,HIGH PLAINS BANK,20251231,SM,1,441434,26485,22341,373701,386927,0,8987,0,398004,43430,43430,5753,2090,8987,18907,2090,0
3018,FIRST NB OF FLEMING,20251231,N,1,30078,1048,2790,24094,25924,0,0,0,26136,3942,3942,1805,212,0,2146,212,0
3019,ROCKY MOUNTAIN BANK&TRUST,20251231,NM,1,123514,2082,50328,64841,107686,0,0,0,108432,15082,15082,4595,746,0,6263,746,0
3029,FIRST NATIONAL BANK OF HUGO,20251231,N,1,150170,14467,50456,72302,134999,0,0,0,135597,14573,14573,5672,598,0,12945,598,0
3031,POINTS WEST COMMUNITY BANK,20251231,NM,1,833844,39220,296184,457870,740841,3918,16115,0,765215,68629,68629,26803,4341,20033,40570,4341,0
3034,FIRST NATIONAL BANK COLORADO,20251231,N,1,637270,7651,193830,365965,539726,0,30000,0,570356,66914,66914,17458,630,30000,69824,630,0
3063,FIRST PIONEER NATIONAL BANK,20251231,N,1,249319,18798,88645,135868,210583,3606,5000,0,220383,28936,28936,4955,1194,8606,6008,1194,0
3066,FIRST FINANCIAL BANK,20251231,SM,1,15381581,1076313,5467263,8082733,13499192,63581,21053,0,13640333,1741248,1741248,292378,56507,84634,755272,56507,0
3067,CLEAR FORK BANK NA,20251231,N,1,984345,71300,103042,768137,872298,0,0,0,882971,101374,101374,30074,10673,0,41866,10673,0
3075,FIRST NB OF ANDERSON,20251231,N,1,234014,34756,48898,138914,208128,0,0,0,208452,25562,25562,3953,324,0,11446,324,0
3078,FIRST NATIONAL BANK OF ANSON,20251231,N,1,95877,8616,39698,44499,87990,0,0,0,88137,7740,7740,940,147,0,3064,147,0
3079,FIRST NB OF ASPERMONT,20251231,N,1,136924,23535,64147,43963,131052,0,0,0,131559,5365,5365,2570,507,0,5279,507,0
3087,FIRST NB OF BALLINGER,20251231,N,1,274348,59294,56257,146725,245123,0,0,0,246818,27530,27530,8647,1695,0,12072,1695,0
3091,FIRST NB OF BASTROP,20251231,N,1,1100844,111386,311951,645575,999125,0,0,0,1005495,95349,95349,19912,6370,0,31932,6370,0
3098,CENDERA BANK,20251231,SM,1,227920,26874,11061,174583,199391,0,0,0,200965,26955,26955,4507,1574,0,15402,1574,0
3103,STATE NB OF BIG SPRING,20251231,N,1,624190,38952,472094,96483,561056,0,0,0,562491,61699,61699,15185,1435,0,16661,1435,0
3108,LEGEND BANK N A,20251231,N,1,1212396,49384,270062,803291,1083753,0,0,0,1097190,115206,115206,42479,13437,0,89659,13437,0
3109,BRADY NATIONAL BANK,20251231,N,1,163917,24086,50114,78487,150103,0,0,0,150818,13099,13099,6609,715,0,11230,715,0
3110,COMMERCIAL NB OF BRADY,20251231,N,1,374194,8266,38996,304094,310272,0,30000,0,340795,33399,33399,11279,523,30000,22838,523,0
3113,BRENHAM NATIONAL BANK,20251231,N,1,516582,39843,193995,256691,464662,0,0,0,468149,48433,48433,15251,3487,0,26053,3487,0
3121,FIRST BANK,20251231,NM,1,677348,89664,8464,556042,578417,0,54,0,582463,94885,94885,5098,3941,54,23178,3992,0
3126,CLASSIC BANK NATIONAL ASSN,20251231,N,1,648291,8606,82685,518807,567661,2105,0,0,576818,71473,71473,25065,7052,2105,38193,7052,0
3127,CITIZENS NATIONAL BANK,20251231,N,1,660205,64935,155224,417846,575885,0,0,0,578778,81427,81427,11701,2893,0,22200,2893,0
3133,FIRST BANK OF CELESTE,20251231,NM,1,83014,19351,35630,27449,75891,0,0,0,76213,6801,6801,390,322,0,584,322,0
3140,CITIZENS BANK,20251231,NM,1,302814,83541,30530,176776,268546,0,3100,0,273332,29482,29482,8742,1686,3100,11967,1686,0
3144,CITY NB OF COLORADO CITY,20251231,N,1,444698,91764,35978,292363,388653,0,0,0,389424,55274,55274,7657,771,0,24593,771,0
3149,FIRST NB IN COOPER,20251231,N,1,55363,3651,11441,31664,47917,0,0,0,48073,7290,7290,674,156,0,8607,156,0
3158,CITIZENS NB OF CROSBYTON,20251231,N,1,77236,45540,4699,26052,63704,0,0,0,64263,12973,12973,907,559,0,945,559,0
3161,TEXAS HERITAGE NATIONAL BANK,20251231,N,1,957796,68121,4861,809643,801120,0,62109,0,866666,91130,91130,25538,3437,62109,75171,3437,0
3170,FARMERS&MERCHANTS BANK,20251231,NM,1,245033,24259,66366,137760,209613,0,0,0,212489,32544,32544,7212,2876,0,16648,2876,0
3178,BANK OF HOUSTON,20251231,NM,1,744484,93857,10847,619848,603367,0,40000,0,648057,96427,96427,17334,4690,40000,19932,4690,0
3179,FIRST NB OF EAGLE LAKE,20251231,N,1,169937,42157,17566,95496,150403,0,0,0,151760,18177,18177,6378,1357,0,14718,1357,0
3182,MAPLEMARK BANK,20251231,NM,1,1004988,38516,128912,788604,836057,0,40000,0,891670,113318,113318,40339,15613,40000,48956,15613,0
3183,NEWFIRST NATIONAL BANK,20251231,N,1,944404,172160,53661,681496,824273,0,0,0,833818,110586,110586,29478,9545,0,37087,9545,0
3184,LONE OAK BANK NATIONAL ASSN,20251231,N,1,112051,3986,10234,83219,94665,0,0,0,95141,16910,16910,4872,476,0,14612,476,0
3190,FIRST NATIONAL BANK OF EVANT,20251231,N,1,187667,18755,41670,123049,169383,0,0,0,169910,17757,17757,2583,527,0,4193,527,0
3193,FALLS CITY NATIONAL BANK,20251231,N,1,591271,151348,297806,137972,498227,0,0,0,499767,91504,91504,2204,1540,0,4145,1540,0
3197,FIRST TEXAS NATIONAL BANK,20251231,N,1,201649,25726,10682,158036,181353,0,0,0,182527,19122,19122,2890,1174,0,7205,1174,0
3206,TEXAS GULF BANK NA,20251231,N,1,716112,20358,182769,492251,629435,0,3447,0,636032,80080,80080,5866,3150,3447,20734,3150,0
3210,MOODY NATIONAL BANK,20251231,N,1,1567423,109778,330746,1071421,1345934,0,0,0,1352853,214570,214570,34470,6919,0,55478,6919,0
3217,FIRST NB OF GIDDINGS,20251231,N,1,357486,11982,77861,252291,313581,0,10000,0,324898,32588,32588,10593,1317,10000,15352,1317,0
3218,FIRST NB OF EAST TEXAS,20251231,N,1,614871,64325,98339,413700,556469,0,0,0,561708,53163,53163,16825,5239,0,38507,5239,0
3219,GILMER NB GILMER TEXAS,20251231,N,1,365413,15819,59242,267227,332451,0,0,0,333229,32184,32184,6119,778,0,23125,778,0
3225,TITAN BANK N A,20251231,N,1,819886,215586,131157,443484,640700,7887,87197,0,740925,78961,78961,23197,5141,95084,29659,5141,0
3226,CIERA BANK,20251231,SM,1,975431,168804,57308,699978,854000,0,0,0,867162,108269,108269,25286,13162,0,49341,13162,0
3228,FIRST NB OF GRANBURY,20251231,N,1,992503,64038,309377,496412,888776,0,0,0,893598,98905,98905,15542,4822,0,122676,4822,0
3230,GRANDVIEW BANK,20251231,NM,1,690146,75323,60521,526685,608891,0,0,0,613069,77077,77077,16230,4178,0,27617,4178,0
3232,GRANGER NATIONAL BANK,20251231,N,1,52295,4972,18268,23768,45817,0,0,0,46478,5817,5817,3448,661,0,5287,661,0
3237,STATE NATIONAL BANK,20251231,N,1,62268,4025,5987,47348,54932,0,0,0,55108,7160,7160,1450,176,0,4908,176,0
3248,FIRST NB OF HEBBRONVILLE,20251231,N,1,96582,3145,58554,26361,83304,0,0,0,83844,12738,12738,5605,540,0,8522,540,0
3250,VERABANK NATIONAL ASSN,20251231,N,1,4444588,834576,618945,2731133,3901425,0,0,0,3938534,506054,506054,123299,37109,0,259934,37109,0
3255,CITIZENS NB OF HILLSBORO,20251231,N,1,233415,29542,131893,65043,215570,0,0,0,217830,15585,15585,5457,2260,0,6937,2260,0
3256,HORIZON BANK SSB,20251231,SI,1,2347817,91675,552706,1562445,2063001,0,50000,0,2139810,208007,208007,57734,26809,50000,140991,26809,0
3268,FIRST NB OF HUGHES SPRINGS,20251231,N,1,316484,50422,29227,216395,284157,0,0,0,284319,32165,32165,11571,162,0,20440,162,0
3269,FIRST NB OF HUNTSVILLE,20251231,N,1,588832,95191,146039,327076,509489,0,0,0,512690,76142,76142,7330,3201,0,20526,3201,0
3275,JACKSBORO NATIONAL BANK,20251231,N,1,294976,6139,128235,145191,270728,0,0,0,271706,23270,23270,9897,978,0,15411,978,0
3276,AUSTIN BANK TEXAS NA,20251231,N,1,3218653,218362,364269,2494377,2707570,0,0,0,2740854,477799,477799,80337,33284,0,141645,33284,0
3279,KARNES CNTY NB OF KARNES CTY,20251231,N,1,549490,30843,241279,225043,497612,0,0,0,498982,50508,50508,8311,1370,0,52325,1370,0
3285,FIRST NATIONAL BANK TEXAS,20251231,N,1,4507588,465921,1604565,2181383,3985172,63886,0,0,4219063,288525,288525,135921,170005,63886,255719,170005,0
3286,KLEBERG BANK N A,20251231,N,1,734960,50962,130727,492407,657924,6,0,0,665845,69115,69115,21055,7915,6,60864,7915,0
3289,NATIONAL BANK&TRUST,20251231,N,1,239690,14059,84311,131045,196101,0,21661,0,219189,20501,20501,5414,1427,21661,10275,1427,0
3292,LAMESA NATIONAL BANK,20251231,N,1,436744,23804,307884,77128,386101,0,0,0,387380,49364,49364,7364,1279,0,27928,1279,0
3293,FIRST TEXAS BANK,20251231,NM,1,238285,24783,118686,88854,212147,0,0,0,213860,24425,24425,4895,1713,0,5962,1713,0
3301,FIRST LIBERTY BANK,20251231,SM,1,866367,111637,235831,465800,750153,0,15000,0,768777,97590,97590,8338,3624,15000,53099,3624,0
3302,TEXANA BANK NATIONAL ASSN,20251231,N,1,339970,4753,7597,311710,256733,0,44104,0,311323,28647,28647,8436,10486,44104,15910,10486,0
3303,FIRST NATIONAL BANK OF LIPAN,20251231,N,1,26509,12142,5009,7846,23804,0,0,0,23814,2695,2695,206,10,0,1512,10,0
3305,FIRST NB OF LIVINGSTON,20251231,N,1,442078,18156,193270,214966,373859,0,0,0,377803,64275,64275,4549,3944,0,15686,3944,0
3320,BIG BEND BANKS N A,20251231,N,1,169432,38572,104392,20656,145909,0,0,0,146000,23432,23432,3707,91,0,5812,91,0
3325,FIRST NB OF CENTRAL TEXAS,20251231,N,1,1605712,158165,84444,1288759,1396288,9554,0,0,1416260,189452,189452,40062,10418,9554,74344,10418,0
3327,MASON BANK,20251231,SM,1,144021,7209,66013,67437,120586,0,0,0,120892,23129,23129,2531,306,0,3362,306,0
3330,FIRST NB OF MCGREGOR,20251231,N,1,1010945,103935,70373,775255,916084,0,4051,0,925413,85532,85532,25082,5278,4051,61382,5278,0
3335,FIRST BANK&TRUST OF MEMPHIS,20251231,NM,1,134356,1413,0,55937,109491,0,0,0,109768,24588,24588,1018,277,0,77006,277,0
3336,MENARD BANK,20251231,SM,1,86615,9215,62745,12211,78993,0,0,0,79077,7538,7538,2320,84,0,2444,84,0
3337,TEXAS NATIONAL BANK,20251231,N,1,1176779,146706,195377,725880,1007960,0,49307,0,1066173,110606,110606,22166,8906,49307,108816,8906,0
3339,FIRST NB OF MERTZON,20251231,N,1,487060,169760,240570,73042,411444,0,0,0,412438,74622,74622,2397,994,0,3688,994,0
3342,INCOMMONS BANK N A,20251231,N,1,270980,12474,42054,202553,226224,0,20081,0,247717,23263,23263,8645,1412,20081,13899,1412,0
3351,FIRST NATIONAL BANK OF MOODY,20251231,N,1,54409,14814,16491,17521,42536,0,0,0,44922,9487,9487,3953,2386,0,5583,2386,0
3368,NORMANGEE STATE BANK,20251231,NM,1,158523,10663,45191,92137,132773,0,6000,0,139099,19424,19424,2825,326,6000,10532,326,0
3376,OZONA BANK,20251231,NM,1,326953,18784,136598,155865,274101,0,17500,0,295097,31856,31856,13755,3496,17500,15706,3496,0
3384,LIBERTY NB IN PARIS,20251231,N,1,462938,30779,95122,311163,408809,0,0,0,411333,51605,51605,22402,2524,0,25874,2524,0
3387,FIRSTBANK SOUTHWEST,20251231,NM,1,1856094,168562,272532,1338318,1647921,0,15000,0,1685072,171022,171022,37795,22151,15000,76682,22151,0
3388,PERRYTON NATIONAL BANK,20251231,N,1,203846,13999,89394,93042,173674,0,0,0,174482,29364,29364,1824,808,0,7411,808,0
3389,POINTBANK,20251231,SM,1,1083598,37102,463569,562050,993878,0,0,0,1001310,82288,82288,18863,7432,0,20877,7432,0
3399,FIRST CAPITAL BANK,20251231,SM,1,116310,5442,5939,82847,106502,0,0,0,106881,9429,9429,2928,379,0,22082,379,0
3400,TEXAS REPUBLIC BANK NA,20251231,N,1,503380,81105,992,403286,368335,14948,47688,0,435602,67778,67778,8563,4631,62636,17997,4631,0
3401,FIRST NB OF QUITAQUE,20251231,N,1,156456,65260,24033,61200,138017,0,0,0,139663,16793,16793,4608,1646,0,5963,1646,0
3405,VANTAGE BANK TEXAS,20251231,SM,1,4936269,844030,159651,3749052,4456318,0,0,0,4509912,426357,426357,115118,53594,0,183536,53594,0
3430,WESTAMERICA BANK,20251231,SM,1,5923791,568673,4288308,714909,4843088,403253,0,0,5293912,629879,629879,161022,47571,403253,351901,47571,0
3440,FIRST NORTHERN BANK OF DIXON,20251231,NM,1,1910511,155734,617243,1050473,1681164,0,5795,0,1700953,209558,209558,63149,13994,5795,87061,13994,0
3510,BANK OF AMERICA NA,20251231,N,1,2636823000,217128000,889828000,1166885000,2101968000,117762000,89778000,1403000,2390573000,246250000,246250000,91260000,44334000,208943000,362982000,79662000,0
3511,WELLS FARGO BANK NA,20251231,N,1,1822693000,172490000,414940000,939271000,1483390000,63571000,43112000,3169000,1648902000,173791000,173751000,49699000,34791000,109852000,295992000,55660000,0
3579,FIRST NB OF MOUNT DORA,20251231,N,1,361804,32541,174945,132083,321793,0,0,0,324982,36822,36822,18568,3189,0,22235,3189,0
3599,FIRST NB OF ARENZVILLE,20251231,N,1,151727,14938,24186,107840,136986,0,408,0,138699,13028,13028,2934,1305,408,4763,1305,0
3600,FIRST NB OF ASSUMPTION,20251231,N,1,23295,9142,6767,6571,20876,0,0,0,20935,2360,2360,309,59,0,815,59,0
3601,ATLANTA NATIONAL BANK,20251231,N,1,76334,6154,32665,34704,65497,0,1885,0,67744,8590,8590,2429,362,1885,2811,362,0
3603,OLD SECOND NATIONAL BANK,20251231,N,1,6899693,124025,1089776,5183475,5661376,23769,229825,0,5994744,904949,904949,243652,79774,253594,502417,79774,0
3612,MIDAMERICA NATIONAL BANK,20251231,N,1,640200,26548,132370,444175,567549,654,0,0,573991,66209,66209,13740,5788,654,37107,5788,0
3614,CASEY STATE BANK,20251231,NM,1,484289,12961,62521,375847,431619,0,0,0,433900,50389,50389,17098,2281,0,32960,2281,0
3639,FIRST NATIONAL BANK&TRUST CO,20251231,N,1,386400,10530,200010,141992,371448,8990,0,0,385489,911,911,24261,5051,8990,33868,5051,0
3657,FIRST AMERICAN BANK,20251231,NM,1,8113852,107453,4537663,3142064,5096835,0,2245944,0,7424972,688880,688880,217540,82193,2245944,326672,82193,0
3661,UNION NB&T CO OF ELGIN,20251231,N,1,377110,36905,14587,322457,336301,0,2138,0,339230,37880,37880,2477,791,2138,3161,791,0
3664,INB NATIONAL ASSN,20251231,N,1,2516959,375605,111986,1964120,2256715,0,1527,0,2275262,241697,241697,28424,17020,1527,65248,17020,0
3674,GRAND RIDGE NATIONAL BANK,20251231,N,1,446849,113597,72,326223,387259,0,0,0,390016,56833,56833,2773,2757,0,6957,2757,0
3677,HAVANA NATIONAL BANK,20251231,N,1,325077,9907,69171,225690,227081,14418,45000,0,288393,36684,36684,17465,1894,59418,20309,1894,0
3688,FIRST NATIONAL BANK OF LACON,20251231,N,1,95981,10549,17318,66272,87805,0,0,0,88025,7956,7956,1465,220,0,1842,220,0
3691,HOMETOWN NATIONAL BANK,20251231,N,1,319264,40764,124968,146611,278101,0,6500,0,286385,32879,32879,3480,1784,6500,6921,1784,0
3693,LEMONT NATIONAL BANK,20251231,N,1,49120,4500,36620,4194,46794,0,0,0,47822,1298,1298,624,1028,0,3806,1028,0
3698,FIRST SECURITY BANK,20251231,NM,1,139871,2829,19253,109259,122992,41,0,0,123500,16371,16371,4149,467,41,8530,467,0
3701,RESOURCE BANK NATIONAL ASSN,20251231,N,1,861750,42079,261946,529393,795321,0,0,0,798491,63259,63259,9597,3170,0,28332,3170,0
3702,FIRST BANK OF MANHATTAN,20251231,SM,1,260568,20839,93060,142423,235454,0,0,0,236182,24386,24386,1823,728,0,4246,728,0
3705,FIRST MID B&T NA,20251231,N,1,7901511,251790,1081609,5936499,6458077,196716,270000,0,6966295,935216,935216,309930,41502,466716,631613,41502,0
3711,MIDWEST BANK,20251231,SM,1,703409,13912,211147,421982,535172,41214,63000,0,644287,59122,59122,34612,4901,104214,56368,4901,0
3713,GRUNDY BANK,20251231,SM,1,372059,54567,42184,261565,318183,0,0,0,319845,52214,52214,6593,1662,0,13743,1662,0
3719,AMERICAN COMMERCIAL B&T NA,20251231,N,1,2033992,34236,189327,1716198,1747309,0,92700,0,1855912,178080,178080,61922,15903,92700,94231,15903,0
3720,FIRST NATIONAL BANK OF PANA,20251231,N,1,392127,55898,41119,279765,348703,0,0,0,351696,40431,40431,12218,2993,0,15345,2993,0
3722,PROSPECT BANK,20251231,NM,1,675953,6832,182819,445146,568655,26659,32500,0,633572,42381,42381,19900,5758,59159,41156,5758,0
3732,FARMERS NATIONAL BANK,20251231,N,1,901844,25275,302625,499840,617811,25866,126822,0,777746,124098,124098,61954,7247,152688,74104,7247,0
3745,FIRST CMTY BK MOULTRIE CNTY,20251231,NM,1,120594,17994,44790,52273,110871,0,0,0,111875,8719,8719,4278,1004,0,5537,1004,0
3747,FIRST NEIGHBOR BANK NA,20251231,N,1,717895,52965,75358,538971,589798,6763,42938,0,642233,75662,75662,29033,2734,49701,50601,2734,0
3749,FIRST NB IN TREMONT,20251231,N,1,184429,12887,36454,123385,163442,0,1903,0,166333,18096,18096,5987,988,1903,11703,988,0
3759,ANNA-JONESBORO NATIONAL BANK,20251231,N,1,235509,13589,113996,100623,205483,0,0,0,206536,28973,28973,5963,1053,0,7301,1053,0
3761,FIRST NATIONAL BANK OF AVA,20251231,N,1,76610,1190,30384,42488,68022,0,0,0,68165,8445,8445,1743,143,0,2548,143,0
3762,GREAT RIVERS BANK,20251231,NM,1,193268,9018,16974,159472,159752,0,12000,0,172323,20945,20945,4043,571,12000,7804,571,0
3770,FIRST NB OF BROWNSTOWN,20251231,N,1,57508,7504,27596,21005,51146,0,0,0,51619,5889,5889,1259,473,0,1403,473,0
3775,CNB BANK&TRUST N A,20251231,N,1,1794976,23474,365520,1307715,1495929,36467,73950,0,1629840,165136,165136,57663,23494,110417,98267,23494,0
3777,FIRST NATIONAL BANK OF CARMI,20251231,N,1,602993,63368,69537,436813,527106,0,0,0,529851,73142,73142,11731,2745,0,33275,2745,0
3787,DIETERICH BANK,20251231,SM,1,1568158,47702,364774,1043829,1321425,27786,70810,0,1434059,134099,134099,58544,14038,98596,111853,14038,0
3792,FAIRFIELD NATIONAL BANK,20251231,N,1,623140,11634,260968,296409,421060,434,130000,0,559004,64136,64136,40750,7510,130434,54129,7510,0
3799,BRADFORD NB OF GREENVILLE,20251231,N,1,655588,44820,292301,276597,537680,0,53897,0,596133,59455,59455,22409,4556,53897,41870,4556,0
3805,KINMUNDY BANK,20251231,SM,1,73590,2311,16907,48841,63210,0,0,0,63343,10247,10247,898,133,0,5531,133,0
3807,FIRST NB OF LITCHFIELD,20251231,N,1,142829,2814,21779,112957,124623,0,2000,0,126923,15906,15906,2813,300,2000,5279,300,0
3808,LITCHFIELD NATIONAL BANK,20251231,N,1,140187,11889,41176,82992,121571,0,6975,0,129484,10703,10703,2067,938,6975,4130,938,0
3809,PEOPLES NATIONAL BANK N A,20251231,N,1,1997437,30484,84569,1786406,1766279,0,44000,0,1821559,175878,175878,63820,11280,44000,95978,11280,0
3814,CITY NB OF METROPOLIS,20251231,N,1,443491,26078,171163,231759,346104,5578,43000,0,395908,47583,47583,12370,1226,48578,14491,1226,0
3818,FIRST B&T CO OF MURPHYSBORO,20251231,NM,1,83282,4673,18836,52976,76500,0,0,0,76813,6469,6469,3226,313,0,6797,313,0
3821,FARMERS&MERCHANTS NB NASHVIL,20251231,N,1,278018,12363,65435,188255,250491,0,0,0,251328,26690,26690,6421,837,0,11965,837,0
3826,FIRST NB OF OKAWVILLE,20251231,N,1,67653,2803,37721,22746,60056,0,0,0,60292,7361,7361,1278,236,0,4383,236,0
3827,OLD EXCHANGE NB OF OKAWVILLE,20251231,N,1,96342,12053,42708,40122,85287,0,3000,0,88705,7637,7637,1171,418,3000,1459,418,0
3830,FIRST NB OF RAYMOND,20251231,N,1,179699,3977,81420,89998,164183,1085,280,0,166175,13524,13524,3289,627,1365,4304,627,0
3832,OLD NATIONAL BANK,20251231,N,1,71771976,1821875,14307974,48247553,55594013,361563,6700187,0,63659234,8112742,8112742,3616996,1003471,7061750,7394574,1003471,0
3834,MIDWEST NATIONAL BANK,20251231,N,1,121037,7983,11038,93310,108384,95,3700,0,112633,8404,8404,3678,454,3795,8706,454,0
3837,FIRST NB OF SPARTA,20251231,N,1,112087,6434,48415,47312,99060,0,0,0,99887,12200,12200,4286,827,0,9926,827,0
3840,FNB COMMUNITY BANK,20251231,SM,1,493982,9516,159459,293376,439339,0,2354,0,446001,47981,47981,24564,4308,2354,31631,4308,0
3842,FIRST NB OF WATERLOO,20251231,N,1,929773,30054,269787,534823,764498,46150,25000,0,841469,88304,88304,33684,5821,71150,95109,5821,0
3846,COMMUNITY 1ST BK HEARTLAND,20251231,SM,1,265417,10476,36525,201121,236694,0,0,0,237319,28098,28098,10484,625,0,17295,625,0
3850,FIRST CMTY BANK XENIA-FLORA,20251231,SM,1,56044,3138,18513,30216,47678,0,3000,0,50762,5282,5282,573,84,3000,4177,84,0
3854,BANK OF 1889,20251231,SM,1,330720,9752,15755,252725,291931,0,0,0,295318,35402,35402,4635,3387,0,52488,3387,0
3863,FIRST NB OF EASTERN ARKANSAS,20251231,N,1,595853,83768,139547,357645,523663,0,0,0,529438,66415,66415,8093,5775,0,14893,5775,0
3864,FIRST NB OF FORT SMITH,20251231,N,1,2274908,149835,387914,1571722,1968802,0,569,0,1992801,282107,282107,80365,23430,569,165437,23430,0
3869,ANSTAFF BANK,20251231,SM,1,1142306,18818,195217,839766,1025950,0,33,0,1036204,106102,106102,33139,10221,33,88505,10221,0
3873,EAGLE BANK&TRUST CO,20251231,SM,1,498100,11026,227290,210094,427447,0,0,0,431932,66168,66168,16935,4485,0,49690,4485,0
3887,FIRST NATIONAL BANK,20251231,N,1,2552325,175620,179344,2001347,2115911,0,135775,0,2263684,288641,288641,59339,11998,135775,196014,11998,0
3890,SIMMONS BANK,20251231,SM,1,24498708,711993,3286748,17285240,20726455,21383,286597,0,21301122,3197586,3197586,1246082,266687,307980,3214727,266687,0
3896,FIRST NB OF COMMERCE,20251231,N,1,296951,19041,115182,141131,270017,0,213,0,271555,25396,25396,11780,1325,213,21597,1325,0
3902,FIRST NB&T CO OF BOTTINEAU,20251231,N,1,163641,5181,65773,88857,139840,0,0,0,141038,22603,22603,3430,1198,0,3830,1198,0
3919,HEARTLAND STATE BANK,20251231,NM,1,72560,10705,20109,33767,65402,0,0,0,65953,6607,6607,2912,551,0,7979,551,0
3931,ALERUS FINANCIAL NA,20251231,N,1,5211720,67192,768894,4008041,4241217,58800,250000,0,4650238,561482,561482,169894,100221,308800,367593,100221,0
3934,ASPIRE BANK,20251231,NM,1,62623,1037,8,53658,51244,0,4000,0,55640,6983,6983,725,396,4000,7920,396,0
3973,FIRST BANK&TRUST,20251231,NM,1,4697206,172775,800505,3437547,4087092,0,1340,0,4168495,528711,528711,152701,80063,1340,286379,80063,0
3977,DNB NATIONAL BANK,20251231,N,1,116844,2211,77416,31672,106115,0,700,0,108707,8137,8137,4403,1892,700,5545,1892,0
3985,FIRST NB OF FREDERICK,20251231,N,1,26188,4378,12172,7775,22580,200,0,0,22912,3276,3276,1793,132,200,1863,132,0
3999,FIRST NB IN PHILIP,20251231,N,1,503642,103542,116190,265194,445768,0,0,0,452452,51190,51190,16869,6684,0,18716,6684,0
4009,BANKWEST INC,20251231,NM,1,1892247,23444,379589,1354964,1584631,0,130000,0,1736312,155935,155935,70890,21681,130000,134250,21681,0
4016,FIRST NB IN SIOUX FALLS,20251231,N,1,2088099,102309,370283,1509623,1702657,839,140000,0,1894722,193377,193377,66227,51226,140839,105884,51226,0
4028,FIRST DAKOTA NATIONAL BANK,20251231,N,1,3244131,55084,297973,2720065,2848867,0,71810,0,2936215,307916,307916,104395,15538,71810,171009,15538,0
4029,VISION BANK,20251231,SM,1,959285,20145,186234,693823,791764,86678,240,0,888019,71266,71266,27960,9337,86918,59083,9337,0
4031,FRAZER BANK,20251231,SM,1,344926,61184,68933,194993,308117,0,0,0,308871,36055,36055,15851,754,0,19816,754,0
4037,FIRST NB&T CO OF ARDMORE,20251231,N,1,672343,11691,191787,421064,560506,29800,11000,0,603690,68653,68653,30097,2384,40800,47801,2384,0
4041,FIRST SECURITY BANK,20251231,NM,1,285123,4809,18260,244874,247524,2814,10709,0,263241,21882,21882,8401,2194,13523,17180,2194,0
4042,LEGACY BANK,20251231,NM,1,660695,44722,201045,388708,596321,0,520,0,601435,59260,59260,9412,4594,520,26220,4594,0
4048,SPIRITBANK,20251231,NM,1,936317,188687,119188,605197,843251,0,0,0,851706,84611,84611,15185,8455,0,23245,8455,0
4049,FIRST ENTERPRISE BANK,20251231,NM,1,197883,26168,0,166841,176229,0,0,0,176808,21075,21075,1440,579,0,4874,579,0
4050,FIRST NB&T CO BROKEN ARROW,20251231,N,1,278077,51223,14523,200729,236488,0,0,0,238117,39960,39960,7275,1629,0,11602,1629,0
4051,ALLNATIONS BANK,20251231,SM,1,77144,1835,12792,49441,69770,0,0,0,70539,6605,6605,2627,769,0,13076,769,0
4054,FARMERS BANK,20251231,NM,1,115364,3731,4279,99200,100464,0,0,0,101395,13969,13969,1744,931,0,8154,931,0
4059,PEOPLES NB OF CHECOTAH,20251231,N,1,169063,14203,93371,45677,136671,0,0,0,141559,27504,27504,7255,4888,0,15812,4888,0
4061,ACB BANK,20251231,NM,1,142953,1333,19058,105785,114283,0,11636,0,126602,16351,16351,7860,683,11636,16777,683,0
4062,FIRST NB&T CO CHICKASHA OK,20251231,N,1,1055323,17683,450834,521768,873398,0,41000,0,919477,135846,135846,39883,5079,41000,65038,5079,0
4063,MIDFIRST BANK,20251231,SB,1,41367487,480601,6869590,31756585,24559280,0,12622966,0,37464043,3903444,3903444,1609745,281797,12622966,2260711,281797,0
4067,OKLAHOMA BANK&TRUST CO,20251231,NM,1,208751,23661,108096,74018,180184,0,1403,0,182501,26250,26250,2056,914,1403,2976,914,0
4071,FNB COWETA,20251231,SM,1,124311,11824,42953,67619,113516,0,0,0,113677,10634,10634,890,161,0,1915,161,0
4076,SOUTHWEST BK OF WEATHERFORD,20251231,SM,1,78737,18994,8453,48715,67522,0,0,0,67553,11184,11184,1051,31,0,2575,31,0
4084,CITIZENS BANK OF EDMOND,20251231,SM,1,417511,44751,5798,341627,378490,1,5000,0,385131,32380,32380,15251,1640,5001,25335,1640,0
4086,FIRST NATIONAL BANK&TRUST,20251231,N,1,294260,17546,107998,160450,264300,0,0,0,266409,27851,27851,4504,2109,0,8266,2109,0
4087,BANK OF WESTERN OKLAHOMA,20251231,SM,1,462981,47774,16450,374167,419600,0,0,0,424118,38863,38863,14258,4518,0,24590,4518,0
4091,STRIDE BANK NATIONAL ASSN,20251231,N,1,4855805,613599,70012,4115133,4461511,0,116,0,4498115,357690,357690,40185,36488,116,57061,36488,0
4092,FIRST BANK,20251231,NM,1,110092,13566,8069,61656,92271,0,0,0,93266,16826,16826,1814,995,0,26801,995,0
4094,BANK OF EUFAULA,20251231,SM,1,91926,4642,49367,22440,81491,0,0,0,82120,9806,9806,7298,629,0,15477,629,0
4097,FARMERS&MERCHANTS NB FAIRVIE,20251231,N,1,131114,1974,56054,51765,114897,0,8000,0,124069,7045,7045,6173,1172,8000,21321,1172,0
4098,FIRST NB OF FLETCHER,20251231,N,1,22151,3597,12163,4123,20059,0,0,0,20106,2045,2045,1308,47,0,2268,47,0
4111,FIRST NATIONAL BANK,20251231,N,1,101530,10019,13734,72476,87833,552,3000,0,91927,9603,9603,1886,542,3552,5301,542,0
4122,1ST BANK IN HOMINY,20251231,SM,1,42662,2772,22671,16418,38929,93,0,0,39175,3487,3487,362,153,93,801,153,0
4123,FIRST NB OF HOOKER,20251231,N,1,89451,1124,26308,56691,73920,0,950,0,75382,14069,14069,2568,512,950,5328,512,0
4132,CITY NB&T CO OF LAWTON OK,20251231,N,1,434777,46466,55801,297003,361924,0,3064,0,376753,58024,58024,11829,11765,3064,35507,11765,0
4144,FARMERS&MERCHANTS BANK,20251231,NM,1,22764,3832,5236,11394,20424,0,0,0,20436,2328,2328,368,12,0,2302,12,0
4145,FIRST NB&T CO OF MCALESTER,20251231,N,1,564009,16756,164767,345311,492678,0,0,0,500193,63816,63816,22112,7515,0,37175,7515,0
4146,BANK NATIONAL ASSN,20251231,N,1,476526,8628,143704,276022,435183,0,0,0,436208,40318,40318,3695,1025,0,48172,1025,0
4147,BANK 7,20251231,SM,1,1962629,255092,54019,1589102,1700873,0,0,0,1712685,249944,249944,31122,11812,0,64416,11812,0
4148,FIRST NB&T CO OF MIAMI,20251231,N,1,207110,15692,50397,129128,179578,0,0,0,180748,26362,26362,4123,1170,0,11893,1170,0
4160,REGENT BANK,20251231,NM,1,1971682,43249,183627,1644149,1728339,0,25415,0,1775594,196088,196088,43661,21840,25415,100657,21840,0
4170,PATRONS BANK NATIONAL ASSN,20251231,N,1,298185,8237,98915,171185,259940,4760,0,0,268700,29485,29485,14942,4000,4760,19848,4000,0
4173,PAULS VALLEY NATIONAL BANK,20251231,N,1,348568,13594,94856,205232,320959,0,0,0,326668,21900,21900,16023,5709,0,34886,5709,0
4178,SECURITY BANK,20251231,SM,1,898360,120298,31976,735580,792446,0,0,0,795109,103251,103251,5723,2663,0,10506,2663,0
4185,FIRST PRYORITY BANK,20251231,SM,1,524404,10726,32606,416712,468576,0,0,0,471646,52758,52758,14473,3070,0,64360,3070,0
4187,MCCLAIN BANK,20251231,NM,1,281987,46634,29339,191602,251518,0,0,0,252473,29514,29514,9059,955,0,14412,955,0
4190,AMERICAN HERITAGE BANK,20251231,SM,1,1443414,120433,770984,498282,1163846,117674,25000,0,1312401,131013,131013,21342,5881,142674,53715,5881,0
4193,SEILING STATE BANK,20251231,NM,1,196295,2746,39127,141672,178022,0,0,0,178574,17721,17721,4096,552,0,12750,552,0
4196,SNB BANK NATIONAL ASSN,20251231,N,1,135897,9732,15398,97839,115709,0,4475,0,120897,15000,15000,6703,713,4475,12928,713,0
4208,ANCHOR D BANK,20251231,SM,1,395212,7787,122415,230177,344553,0,10044,0,356887,38325,38325,13451,2290,10044,34833,2290,0
4209,FIRST BANK OF THOMAS,20251231,SM,1,53224,15451,5235,29755,45375,0,0,0,45402,7822,7822,589,27,0,2783,27,0
4211,FIRST NB OF OKLAHOMA,20251231,N,1,912461,105717,60103,712602,791964,0,21000,0,820865,91596,91596,23140,7901,21000,34039,7901,0
4214,BOKF NATIONAL ASSN,20251231,N,1,52005221,1690806,15401268,25425488,39680944,1459062,2790415,461704,46509440,5495781,5495781,1573808,1763542,4711181,9487659,2117315,0
4217,COMMUNITY BANK OF OKLAHOMA,20251231,NM,1,60908,1900,10148,38918,52720,0,0,0,53297,7611,7611,1427,577,0,9942,577,0
4222,FIRST FARMERS NB OF WAURIKA,20251231,N,1,57227,5661,28244,22222,48839,0,0,0,48953,8274,8274,1044,114,0,1100,114,0
4228,FIRST BETHANY BANK&TRUST,20251231,SM,1,291332,6874,88895,182087,248963,20384,1900,0,274001,17331,17331,11517,2754,22284,13476,2754,0
4232,STATE BANK OF WYNNEWOOD,20251231,NM,1,101336,9774,39859,48751,86524,0,0,0,86861,14475,14475,2752,337,0,2952,337,0
4235,YNB,20251231,NM,1,248889,22944,86640,125237,227206,0,0,0,228422,20467,20467,6910,1216,0,14068,1216,0
4236,SHAMROCK BANK N A,20251231,N,1,486100,9619,138125,323567,441970,1993,0,0,446748,39352,39352,10650,2785,1993,14789,2785,0
4239,FIRST UNITED BANK&TRUST CO,20251231,SM,1,16273258,330715,2074735,12487528,13128243,97524,1357912,3093,14708827,1564431,1558770,665595,122055,1458529,1380280,122055,0
4241,IDABEL NATIONAL BANK,20251231,N,1,253484,4095,68688,165016,211271,0,3000,0,216667,36817,36817,3218,2396,3000,15685,2396,0
4255,CAMDEN NATIONAL BANK,20251231,N,1,6967049,97492,1415693,4934902,5576246,254779,334337,0,6242349,724700,724700,237633,76987,589116,518962,76987,0
4256,FIRST NATIONAL BANK,20251231,N,1,3130767,31903,620408,2368744,2665821,50321,137500,0,2876533,254234,254234,71987,22891,187821,109712,22891,0
4288,FIRST NB OF LOUISIANA,20251231,N,1,585240,63564,85411,411816,512403,0,0,0,519616,65624,65624,19510,7213,0,24449,7213,0
4290,FIRST NB OF JEANERETTE,20251231,N,1,630904,51106,56544,492797,569640,0,0,0,572830,58074,58074,9992,3190,0,30457,3190,0
4297,CAPITAL ONE NATIONAL ASSN,20251231,N,1,658464240,56510229,96145927,430973294,504752862,586915,24776975,2265311,560879811,97584429,97584212,23912262,27030916,27629201,74834790,28497748,0
4318,RIDDELL NATIONAL BANK,20251231,N,1,365876,4368,57397,282562,327353,3040,5000,0,338369,27507,27507,13410,2976,8040,21549,2976,0
4319,FCN BANK NATIONAL ASSN,20251231,N,1,792687,23832,216580,505514,683415,40130,0,0,729705,62982,62982,30144,6160,40130,46761,6160,0
4324,FIRST NATIONAL BANK,20251231,N,1,425672,69107,116558,221569,390663,0,0,0,393870,31802,31802,14286,3207,0,18438,3207,0
4360,HORIZON BANK,20251231,NM,1,6413881,135767,875414,4835021,5352972,88637,159949,0,5644952,768929,768929,290496,43394,248586,567679,43394,0
4364,FIRST NB OF MONTEREY,20251231,N,1,417714,12533,148278,239647,367022,0,2000,0,370574,47140,47140,16202,1552,2000,17256,1552,0
4365,FIRST MERCHANTS BANK,20251231,NM,1,19011326,280458,3378641,13616189,15336558,143755,806608,0,16542290,2469036,2469036,683060,255369,950363,1736038,255369,0
4382,FIRST FINANCIAL BANK NA,20251231,N,1,5749906,130319,1149526,4007308,4571531,292468,175708,0,5109346,640560,640560,278701,69639,468176,462753,69639,0
4398,LNB COMMUNITY BANK,20251231,NM,1,187361,25250,15190,139219,169367,0,1000,0,170884,16477,16477,4004,517,1000,7702,517,0
4419,SPRINGS VALLEY BANK&TRUST CO,20251231,NM,1,644139,15929,72342,487432,564015,0,0,0,571286,72853,72853,25863,7271,0,68436,7271,0
4432,MIDWEST HERITAGE BANK FSB,20251231,SB,1,491648,12730,53436,392108,358299,0,56295,0,423277,68371,68371,20626,8683,56295,33374,8683,0
4433,FIRST CITIZENS BANK,20251231,SM,1,1830219,88230,345186,1322793,1610524,0,0,0,1625987,204232,204232,59195,15463,0,74010,15463,0
4439,CLINTON NATIONAL BANK,20251231,N,1,408160,23662,140184,231472,349579,11515,0,0,364124,44036,44036,5343,3030,11515,12842,3030,0
4457,FIRST HERITAGE BANK,20251231,SM,1,69920,763,10114,53483,57999,0,5000,0,63253,6667,6667,2166,254,5000,5560,254,0
4464,FIRST BANK HAMPTON,20251231,SM,1,244156,15255,25203,194076,215886,851,0,0,217731,26425,26425,6886,994,851,9622,994,0
4465,MIDSTATES BANK NATIONAL ASSN,20251231,N,1,631093,16793,182535,414232,542945,0,18861,0,565488,65605,65605,9545,3682,18861,17533,3682,0
4476,LOGAN STATE BANK,20251231,SM,1,86933,4565,681,78195,78707,0,0,0,79153,7780,7780,2247,446,0,3492,446,0
4477,FIRST NB OF MANNING,20251231,N,1,80098,12023,24112,42540,67194,0,0,0,67955,12143,12143,918,761,0,1423,761,0
4482,FNNB BANK,20251231,SM,1,102324,4398,25293,68080,90023,2222,600,0,93264,9060,9060,3226,419,2822,4553,419,0
4494,FIRST NB OF PRIMGHAR,20251231,N,1,38486,913,9694,27025,30405,0,2825,0,33384,5102,5102,707,154,2825,854,154,0
4506,SECURITY NB OF SIOUX CITY IA,20251231,N,1,1678467,137342,327087,1136516,1333265,102046,32200,0,1478400,200067,200067,67828,10889,134246,77522,10889,0
4511,CITIZENS 1ST NB STORM LAKE,20251231,N,1,260221,17296,94605,144463,217704,0,3547,0,222596,37625,37625,2715,1345,3547,3857,1345,0
4514,STATE BANK OF TOLEDO,20251231,NM,1,138815,15749,4261,110180,124300,0,150,0,125113,13702,13702,3174,663,150,8625,663,0
4519,FIRST BANK,20251231,SM,1,729538,9389,153222,534329,598877,0,34750,0,638206,91332,91332,20472,4579,34750,32598,4579,0
4526,PONY EXPRESS BANK,20251231,NM,1,376067,13166,43950,309346,315623,0,20000,0,337585,38482,38482,4127,1962,20000,9605,1962,0
4539,FARMERS BANK OF NORTHERN MO,20251231,SM,1,567250,37794,178607,306642,478770,0,19000,0,501004,66246,66246,20176,3234,19000,44207,3234,0
4540,HNB NATIONAL BANK,20251231,N,1,967999,30014,200336,682250,847472,0,0,0,851625,116374,116374,28959,4153,0,55399,4153,0
4549,CNB ST LOUIS BANK,20251231,NM,1,850207,39331,116018,673890,710924,38750,34000,0,789112,61095,61095,11633,5438,72750,20968,5438,0
4556,TPNB BANK,20251231,SM,1,117735,8015,35490,67404,98768,0,3319,0,102980,14755,14755,5264,893,3319,6826,893,0
4598,FIRST NB OF NEVADA MISSOURI,20251231,N,1,114661,4315,53244,51717,97221,0,0,0,98186,16475,16475,3030,965,0,5385,965,0
4611,FARMERS NATIONAL BANK,20251231,N,1,167915,5660,45749,87141,133361,0,0,0,133821,34094,34094,2727,460,0,29365,460,0
4619,EXCHANGE BANK&TRUST,20251231,NM,1,631270,91607,154539,372617,543483,8566,0,0,555326,75944,75944,7216,3277,8566,12507,3277,0
4621,FARMERS BANK&TRUST,20251231,NM,1,167780,12408,56095,86195,155688,0,0,0,156206,11574,11574,5624,518,0,13082,518,0
4624,AMERICAN BK BAXTER SPRINGS,20251231,SM,1,194737,44674,40375,94441,176856,0,0,0,177502,17235,17235,5491,646,0,15247,646,0
4636,FIRST HERITAGE BANK,20251231,NM,1,296614,5823,83904,191639,274707,0,0,0,276111,20503,20503,7542,1404,0,15248,1404,0
4638,FIRST NB IN CIMARRON,20251231,N,1,161618,22290,65990,70767,150648,0,390,0,152953,8665,8665,1829,1915,390,2571,1915,0
4649,CONWAY BANK,20251231,NM,1,130584,5052,20949,94416,114124,0,6504,0,121110,9474,9474,3045,482,6504,10167,482,0
4652,NINNESCAH VALLEY BANK,20251231,NM,1,40513,903,22337,16380,36490,165,0,0,36766,3747,3747,758,111,165,893,111,0
4654,FIRST NB OF DIGHTON,20251231,N,1,80223,5466,20091,52712,62346,5100,0,0,67704,12519,12519,1791,258,5100,1954,258,0
4660,FIRSTOAK BANK,20251231,SM,1,241030,12622,19089,187541,213167,0,0,0,215195,25835,25835,8535,2028,0,21778,2028,0
4664,HOME BANK&TRUST CO,20251231,NM,1,184952,30814,8027,133136,169139,0,0,0,170702,14250,14250,6237,1563,0,12975,1563,0
4666,ARMED FORCES BANK NA,20251231,N,1,1424990,179910,388109,795433,1224891,0,0,0,1246093,178897,178897,23420,21202,0,61538,21202,0
4668,FIRST NB IN FRANKFORT,20251231,N,1,61587,2140,24870,31079,57328,0,0,0,57734,3853,3853,2907,406,0,3498,406,0
4673,GNBANK NATIONAL ASSN,20251231,N,1,1022737,19723,262854,698753,823293,25076,43138,0,895549,127188,127188,20475,4042,68214,41407,4042,0
4678,CITIZENS NATIONAL BANK,20251231,N,1,224248,4829,105839,106957,199715,691,5941,0,206725,17523,17523,5495,378,6632,6623,378,0
4683,VISTA NATIONAL BANK&TRUST,20251231,N,1,62961,2062,1438,33767,53836,0,231,0,54153,8808,8808,776,86,231,25694,86,0
4690,FIRST NATIONAL BANK OF HOPE,20251231,N,1,89601,2839,33434,49380,75185,11,5920,0,81681,7920,7920,3390,565,5931,3948,565,0
4693,HOWARD STB HOWARD KANSAS,20251231,NM,1,85888,9809,24116,50379,78946,0,0,0,79120,6768,6768,1312,174,0,1584,174,0
4697,FIRST NB OF HUTCHINSON,20251231,N,1,1254749,134243,164044,891917,1059953,27310,30500,0,1130943,123806,123356,38497,13180,57810,64545,13180,0
4702,CENTRAL NATIONAL BANK,20251231,N,1,1411234,185181,369212,769067,1239218,16510,20000,0,1279051,132183,132183,56776,3323,36510,87774,3323,0
4705,SECURITY BANK OF KANSAS CITY,20251231,NM,1,3779399,136457,1367921,2064087,3127741,191708,0,0,3344549,434850,434850,90817,25100,191708,210934,25100,0
4707,CITIZENS BANK OF KANSAS,20251231,SM,1,527592,28182,222497,240021,478137,0,15009,0,493812,33780,33780,14336,666,15009,36892,666,0
4722,FIRST NB OF LOUISBURG,20251231,N,1,185535,5775,52604,122014,155961,10410,0,0,166712,18823,18823,1367,341,10410,5142,341,0
4728,MARION NATIONAL BANK,20251231,N,1,32822,1734,12104,15440,27353,0,255,0,27706,5116,5116,809,98,255,3544,98,0
4735,SOUTHWIND BANK,20251231,NM,1,179655,11234,74457,87826,166740,0,0,0,167537,12118,12118,3988,797,0,6138,797,0
4746,FIRST OPTION BANK,20251231,SM,1,815953,60701,260505,462199,735370,0,27500,0,766202,49751,49751,19519,3332,27500,32548,3332,0
4752,FIRST SECURITY BANK,20251231,NM,1,107021,3497,23653,72016,87903,0,9388,0,97786,9235,9235,3035,495,9388,7855,495,0
4756,FIRST NATIONAL BANK&TRUST,20251231,N,1,323759,5789,81089,216397,272030,0,7500,0,280492,43267,43267,9172,962,7500,20484,962,0
4766,SJN BANK OF KANSAS,20251231,NM,1,314897,5467,92604,199814,260291,0,26115,0,288129,26768,26768,10518,1723,26115,17012,1723,0
4767,SUNFLOWER BANK NATIONAL ASSN,20251231,N,1,8473383,652592,502838,6688703,7174386,11160,0,0,7362316,1111067,1111067,327185,176770,11160,629250,176770,0
4769,FIRST NB OF SCOTT CITY,20251231,N,1,168646,4719,34363,117203,145653,0,952,0,147276,21370,21370,9242,671,952,12361,671,0
4770,ELEVATE BANK NATIONAL ASSN,20251231,N,1,60097,3964,9057,44265,50638,1388,0,0,52327,7770,7770,707,301,1388,2811,301,0
4773,SOLOMON STATE BANK,20251231,NM,1,181833,7495,35633,136191,145756,600,1000,0,148021,33812,33812,1844,665,1600,2514,665,0
4774,FIRST NB OF SPEARVILLE,20251231,N,1,85940,6905,8714,33456,77870,0,0,0,78076,7864,7864,820,206,0,36865,206,0
4778,WESTERN NATIONAL BANK,20251231,N,1,244628,9788,19609,197331,219523,129,450,0,220900,23728,23728,9614,798,579,17900,798,0
4779,DREAM FIRST BANK NA,20251231,N,1,917944,19865,209157,607295,801355,0,19107,0,824413,93531,92265,29239,3951,19107,81627,3951,0
4789,EMPRISE BANK,20251231,NM,1,2751411,119382,594158,1930265,2478897,0,50018,0,2544639,206772,206772,42951,15724,50018,107606,15724,0
4791,BANK OF THE FLINT HILLS,20251231,SM,1,509097,24475,58572,396658,458170,0,8000,0,468171,40926,40926,14883,2001,8000,29392,2001,0
4792,FNB WASHINGTON,20251231,SM,1,86594,3913,36124,41425,56010,7740,0,0,64401,22193,22193,3555,651,7740,5132,651,0
4794,FIRST NB OF KANSAS,20251231,N,1,98395,3526,48474,41394,84115,0,9500,0,94264,4131,4131,3468,649,9500,5001,649,0
4796,BANK OF COMMERCE&TRUST CO,20251231,NM,1,115992,5229,44394,49239,107444,0,1000,0,109207,6785,6785,2694,763,1000,17130,763,0
4799,INTRUST BANK NATIONAL ASSN,20251231,N,1,6970742,542888,1978946,4136402,6290046,172686,0,0,6507686,463056,463056,229803,44954,172686,312506,44954,0
4801,SOUTHWEST NATIONAL BANK,20251231,N,1,513193,36378,31987,418969,427603,0,33000,0,463733,49460,49460,20077,3130,33000,25859,3130,0
4832,SHORE UNITED BANK NA,20251231,N,1,6251146,355831,641371,4874006,5556767,0,0,0,5602867,648279,648279,191004,46100,0,379938,46100,0
4857,FIRST UNITED BANK&TRUST,20251231,NM,1,2060785,131612,264878,1502364,1743614,17661,65000,0,1852975,207810,207810,113057,26700,82661,161931,26700,0
4931,MOUNTAIN COMMERCE BANK,20251231,NM,1,1769768,79926,111908,1478733,1553790,0,50000,0,1615800,153968,153968,32276,12010,50000,99201,12010,0
4945,PEOPLES BANK OF THE SOUTH,20251231,NM,1,227357,9096,19694,193672,185180,0,15000,0,201314,26043,26043,2131,1134,15000,4895,1134,0
4952,FIRST NB OF MIDDLE TENNESSEE,20251231,N,1,937671,90531,65141,725373,827760,0,9000,0,848891,88780,88780,38161,12131,9000,56626,12131,0
4958,FIRST NB OF ONEIDA,20251231,N,1,357479,29699,91936,211856,319302,0,0,0,323571,33908,33908,8107,4269,0,23988,4269,0
4960,FIRST FARMERS&COMMERCIAL BK,20251231,NM,1,220597,13487,13738,164815,197498,0,0,0,198955,21642,21642,5232,1457,0,28557,1457,0
4972,FIRST CITIZENS NATIONAL BANK,20251231,N,1,2651069,158949,737867,1575565,2263116,50001,85000,0,2417794,233275,231220,83249,19677,135001,178688,19677,0
4977,FIRST HORIZON BANK,20251231,SM,1,83572753,2085383,9420689,63831091,68096612,3012449,419182,495292,74383940,9188813,9188421,3112820,1619807,3926923,8235590,2360405,0
4988,TRUSTMARK BANK,20251231,SM,1,18922957,668007,3084284,13795951,15640943,445000,364762,0,16707474,2215483,2215483,666596,234968,809762,1374715,256769,0
4993,CITIZENS NB OF MERIDIAN,20251231,N,1,1794596,24496,397832,1278211,1504805,79954,0,0,1609582,185014,185014,50702,24823,79954,94057,24823,0
5005,FNB OXFORD BANK,20251231,SM,1,911006,44878,343147,479226,772612,0,30000,0,808491,102515,102515,26595,5879,30000,43755,5879,0
5006,FIRST CHOICE BANK,20251231,SM,1,515750,20316,104890,354344,465387,0,0,0,470728,45022,45022,20497,5341,0,36200,5341,0
5015,CENTURY BANK&TRUST,20251231,NM,1,476787,70802,134748,249857,403614,0,5000,0,410703,66084,66084,14394,2089,5000,21380,2089,0
5018,CITIZENS NB OF CHEBOYGAN,20251231,N,1,470995,9429,172591,255854,422291,21477,0,0,450386,20609,20609,19807,6618,21477,33121,6618,0
5019,SOUTHERN MICHIGAN BANK&TRUST,20251231,NM,1,1690396,109491,218691,1258069,1423232,1390,101005,0,1540446,149950,149950,54444,14819,102395,104145,14819,0
5033,DART BANK,20251231,NM,1,1432696,132368,27960,1171902,1230330,0,73000,0,1317225,115471,115471,52833,13458,73000,100466,13895,0
5058,SUPERIOR NATIONAL BANK,20251231,N,1,1034845,85712,243199,650814,867140,0,40000,0,917506,117339,117339,19578,10366,40000,55120,10366,0
5062,FIRST NATIONAL BANK&TRUST CO,20251231,N,1,412114,40853,142392,206083,355186,0,20000,0,376792,35322,35322,15176,1606,20000,22786,1606,0
5072,RANGE BANK,20251231,NM,1,613674,47695,160980,372368,533827,0,13000,0,551036,62638,62638,16682,4209,13000,32631,4209,0
5074,FIRST NB OF ST IGNACE,20251231,N,1,343698,56095,163679,107334,323984,0,0,0,325654,18044,18044,14583,1670,0,16590,1670,0
5076,FIRST NB OF WAKEFIELD,20251231,N,1,52993,4134,26831,20851,46921,1153,0,0,48136,4857,4857,512,62,1153,1177,62,0
5087,FIRST NB OF BAGLEY,20251231,N,1,128042,17982,23256,81210,118671,0,0,0,119592,8450,8450,3741,921,0,5594,921,0
5093,FIRST NB OF BEMIDJI,20251231,N,1,1011690,9359,513040,463988,848755,75208,0,0,929251,82439,82439,14768,5288,75208,25303,5288,0
5095,STAR BANK,20251231,NM,1,465038,43895,34847,366077,403617,0,15000,0,420976,44062,44062,7181,2359,15000,20219,2359,0
5097,FIRST BANK BLUE EARTH,20251231,SM,1,322294,20178,81410,211070,280877,0,16838,0,299196,23098,23098,8141,1481,16838,9636,1481,0
5105,B2 BANK NATIONAL ASSN,20251231,N,1,71778,6031,7000,34835,60395,0,0,0,60554,11224,11224,1712,159,0,23912,159,0
5107,FIRST SECURITY BANK CANBY,20251231,NM,1,85337,19102,24348,38363,73439,0,0,0,73823,11514,11514,1760,384,0,3524,384,0
5110,WESTERN NATIONAL BANK,20251231,N,1,38486,6358,15460,12288,34480,0,0,0,34667,3819,3819,685,187,0,4380,187,0
5115,FIRST NB OF COKATO,20251231,N,1,125392,9510,21896,92914,115895,0,0,0,116236,9156,9156,797,341,0,1072,341,0
5116,GRANITE BANK,20251231,NM,1,350736,6703,18349,308691,291791,639,25500,0,320771,29965,29965,9970,2841,26139,16993,2841,0
5117,FIRST NB OF COLERAINE,20251231,N,1,109884,14609,48867,41352,103256,0,0,0,103420,6464,6464,2609,164,0,5056,164,0
5123,DEERWOOD BANK,20251231,NM,1,1428434,264535,176792,928342,1294865,0,0,0,1299270,129164,129164,18113,4405,0,58765,4405,0
5131,WESTERN NATIONAL BANK,20251231,N,1,135346,17733,19011,84091,105957,2000,11000,0,120854,14492,14492,2533,1897,13000,14511,1897,0
5136,FIRST BANK ELK RIVER,20251231,NM,1,363871,3797,65829,264821,270149,19904,33100,0,333237,30634,30634,22759,10084,53004,29424,10084,0
5141,MINERS NB OF EVELETH,20251231,N,1,99466,15477,13337,65576,87705,0,2000,0,90378,9088,9088,3898,673,2000,5076,673,0
5142,FIRST NB OF FAIRFAX,20251231,N,1,36278,2360,22490,9928,22812,0,0,0,22862,13416,13416,300,50,0,1500,50,0
5146,WELLS FARGO BANK S CNTL NA,20251231,N,1,2815071,913789,0,1845316,1916264,0,0,0,2056778,758293,758293,55761,140514,0,55966,140514,0
5150,FIRST NB OF GILBERT,20251231,N,1,85176,8116,6423,67705,73286,0,5500,0,79168,6008,6008,2400,382,5500,2932,382,0
5162,FIRST NB OF HENNING,20251231,N,1,417636,19765,82618,294843,382160,0,557,0,384893,32743,32743,8490,2176,557,20410,2176,0
5170,BANK MIDWEST,20251231,SM,1,1348151,56463,183189,1023124,1158664,0,50000,0,1219410,128741,128741,51643,10746,50000,85375,10746,0
5175,GLOBAL INNOVATIONS BANK,20251231,NM,1,118469,43212,212,57557,109190,0,0,0,109836,8633,8633,2223,646,0,17488,646,0
5180,FIRST NB OF LE CENTER,20251231,N,1,178319,17741,21613,127274,158201,3200,0,0,163364,14955,14955,6902,1963,3200,11691,1963,0
5186,FIRST FARMERS&MERCHANTS NB,20251231,N,1,244730,14500,47730,178155,215065,1587,1097,0,218948,25782,25782,3422,1199,2684,4345,1199,0
5193,PIONEER BANK,20251231,SM,1,896819,59117,124343,627201,778065,0,25606,0,810423,86396,86396,29707,6752,25606,86158,6752,0
5196,FIRST NB OF MCINTOSH,20251231,N,1,43860,7883,20442,15075,34440,0,0,0,34564,9296,9296,344,124,0,460,124,0
5197,COMMUNITY FIRST BANK,20251231,NM,1,125323,9836,36678,67249,107938,1436,133,0,110002,15321,15321,952,495,1569,11560,495,0
5198,FIRST NB OF MILACA,20251231,N,1,283873,18455,73860,181553,253773,0,0,0,254614,29259,29259,4836,841,0,10005,841,0
5214,FIRST NB OF MOOSE LAKE,20251231,N,1,138762,5932,24393,96678,116498,0,3936,0,120816,17946,17946,2725,382,3936,11759,382,0
5219,COMMUNITY RESOURCE BANK,20251231,SM,1,542152,6088,105880,399552,446661,0,29700,0,479389,62763,62763,10130,3028,29700,30632,3028,0
5221,FIRST NB OF OSAKIS,20251231,N,1,95122,1428,11047,77096,77906,0,7850,0,86126,8996,8996,2608,370,7850,5551,370,0
5223,CITIZENS NB OF PARK RAPIDS,20251231,N,1,374887,9667,56872,297413,326484,0,203,0,329692,45195,45195,8677,3005,203,10935,3005,0
5229,FORESIGHT BANK,20251231,NM,1,422662,9079,64055,336782,352680,0,27597,0,383114,39548,39548,8544,2837,27597,12746,2837,0
5232,FIRST NB OF PROCTOR,20251231,N,1,34521,6399,11171,13804,31632,0,0,0,31689,2832,2832,161,57,0,3147,57,0
5247,FIRST NB MINNESOTA,20251231,N,1,451141,12096,76807,334140,386404,0,20000,0,408563,42578,42578,15012,2159,20000,28098,2159,0
5249,MINNESOTA NATIONAL BANK,20251231,N,1,291465,10198,42857,223365,243645,2000,15000,0,261828,29637,29637,3503,1183,17000,15045,1183,0
5252,FIRST SECURITY BK SLEEPY EYE,20251231,NM,1,193139,45787,92801,47803,165229,237,0,0,166022,27117,27117,4150,556,237,6748,556,0
5269,FIRST NATIONAL BANK NORTH,20251231,N,1,845498,149484,70704,606778,745625,0,0,0,749448,96050,96050,5448,3823,0,18532,3823,0
5270,KEEN BANK NATIONAL ASSN,20251231,N,1,199472,19430,23802,144892,180471,0,0,0,183361,16111,16111,6479,2890,0,11348,2890,0
5278,FIRST FINL BK IN WINNEBAGO,20251231,NM,1,58840,1260,20242,34969,48386,190,3548,0,52285,6555,6555,2148,161,3738,2369,161,0
5280,WNB FINANCIAL N A,20251231,N,1,584998,65487,130887,347904,515491,0,7644,0,526279,58719,58719,17958,3144,7644,40720,3144,0
5283,AMERICAN BANK OF BEAVER DAM,20251231,NM,1,218987,59610,74948,74361,197768,0,0,0,199717,19270,19270,2305,1949,0,10068,1949,0
5285,FIRST NATIONAL BANK&TRUST CO,20251231,N,1,1591626,169113,333856,987951,1386469,0,65000,0,1466558,125068,125068,54653,15089,65000,100706,15089,0
5286,FORTIFI BANK,20251231,NM,1,744830,81363,75336,559251,605349,0,47500,0,656964,87866,87866,20504,4115,47500,28880,4115,0
5295,PREMIERBANK,20251231,NM,1,579979,34615,144775,363156,452789,63830,12950,0,531635,48344,48344,21158,2066,76780,37433,2066,0
5296,ASSOCIATED BANK NA,20251231,N,1,45145405,1718821,9011142,30858045,35635550,307864,3663094,250000,40344824,4800581,4800581,1689681,431504,4220958,3557397,488316,0
5297,FORTE BANK,20251231,NM,1,432193,43844,41865,324249,372546,0,15975,0,390747,41446,41446,11536,2226,15975,22235,2226,0
5304,BANK FIRST N A,20251231,N,1,4503074,241255,267804,3566521,3751912,0,109966,0,3902476,600598,600598,107867,40598,109966,427494,40598,0
5306,STEPHENSON NB&T,20251231,N,1,693380,11779,138110,510753,589930,4497,31355,0,632471,60909,60909,22999,6689,35852,32738,6689,0
5317,PESHTIGO NATIONAL BANK,20251231,N,1,303280,21673,90411,184477,260292,0,20000,0,281984,21296,21296,2891,1692,20000,6719,1692,0
5335,WOODTRUST BANK,20251231,SM,1,662605,135262,122041,393146,571220,29207,0,0,602164,60441,60441,6648,1737,29207,12156,1737,0
5336,PILLAR BANK,20251231,SM,1,266853,9314,83762,157506,194970,0,51110,0,247227,19626,19626,7080,1147,51110,16271,1147,0
5337,FIRST NB OF BANGOR,20251231,N,1,381788,25496,29454,315144,250104,0,23000,0,273933,107855,107855,4782,829,23000,11694,829,0
5357,FIRST NATIONAL CMTY BANK,20251231,N,1,319072,19706,63724,217487,287017,0,2346,0,293765,25307,25307,11054,4402,2346,18155,4402,0
5364,FIRST NB OF RIVER FALLS,20251231,N,1,317669,8456,121807,164789,279596,9765,2430,0,294754,22915,22915,17594,2963,12195,22617,2963,0
5369,WEST PLAINS BANK,20251231,SM,1,137183,11398,34922,82871,109298,0,5460,0,116641,20542,20542,7634,1883,5460,7992,1883,0
5377,FARMERS&MERCHANTS BK ASHLAND,20251231,SM,1,144143,2393,14459,116816,120354,0,6900,0,130445,13698,13698,6517,3191,6900,10475,3191,0
5384,FIRST COMMUNITY BANK,20251231,SM,1,336800,12648,38621,251349,296197,0,6131,0,304284,32516,32516,12582,1956,6131,34182,1956,0
5394,WAYPOINT BANK,20251231,NM,1,411340,12859,79916,276033,340513,0,25729,0,368570,42770,42770,17892,2328,25729,42532,2328,0
5396,CITY BANK&TRUST CO,20251231,NM,1,334436,13337,14548,299686,287908,330,10000,0,299263,35173,35173,4675,1025,10330,6865,1025,0
5401,F&M BANK,20251231,NM,1,129548,33101,31780,59834,110394,0,3217,0,114281,15267,15267,2048,670,3217,4833,670,0
5405,FIRST B&T OF FULLERTON,20251231,SM,1,111151,6739,23466,72788,86491,0,9615,0,97119,14032,14032,7736,1013,9615,8158,1013,0
5408,GENOA COMMUNITY BANK,20251231,NM,1,70587,683,12898,51748,57827,1128,2340,0,62265,8322,8322,5039,970,3468,5258,970,0
5410,FIRST NB OF GORDON,20251231,N,1,364135,8099,238813,107639,312743,0,0,0,314088,50047,50047,6175,1345,0,9584,1345,0
5415,SECURITY FIRST BANK,20251231,NM,1,2199625,405973,278616,1422409,1888176,0,60000,0,2012721,186904,186904,35344,64545,60000,92627,64545,0
5422,FIRST NB OF JOHNSON,20251231,N,1,93322,10514,44881,32373,76292,0,199,0,78592,14730,14730,3836,2101,199,5554,2101,0
5424,SECURITY BANK,20251231,SM,1,321453,12316,61434,220676,283737,0,0,0,285137,36316,36316,14235,1400,0,27027,1400,0
5425,LEGENDS WEST BANK,20251231,NM,1,148740,12406,1829,117916,131843,0,0,0,132568,16172,16172,1645,725,0,16589,725,0
5432,FIRST NORTHEAST BANK OF NE,20251231,SM,1,480723,5861,267533,194170,333563,42091,39691,0,416404,64319,64319,9802,1059,81782,13159,1059,0
5434,MNB BANK,20251231,SM,1,594966,10850,151034,384798,497196,0,29436,0,529862,65104,65104,31077,3230,29436,48284,3230,0
5438,FIRST BANK&TRUST CO,20251231,SM,1,93573,1383,41399,48241,69219,10536,3938,0,84148,9425,9425,1908,455,14474,2550,455,0
5439,MINDEN EXCHANGE B&T CO,20251231,NM,1,190027,6131,68568,106450,142225,9151,0,0,152553,37474,37474,8286,1177,9151,8878,1177,0
5442,PLATTE VALLEY BANK,20251231,SM,1,783088,39123,62710,650931,662203,0,41000,0,710741,72347,72347,15246,7538,41000,30324,7538,0
5452,FIRST NATIONAL BANK OF OMAHA,20251231,N,1,34573634,1936800,5940389,23875276,28157587,50019,1980789,0,30824480,3749154,3749154,1568229,636085,2030808,2821169,636085,0
5460,FIRST NATIONAL BANK IN ORD,20251231,N,1,159751,28858,47362,80749,141588,0,0,0,141732,18019,18019,2416,144,0,2782,144,0
5469,CITIZENS BANK&TRUST CO,20251231,NM,1,251714,6233,72086,157185,194541,0,33513,0,228614,23100,23100,8183,560,33513,16210,560,0
5472,CATTLE BANK&TRUST,20251231,NM,1,425698,6760,78629,320943,344192,6797,24051,0,377923,47775,47775,10651,2883,30848,19366,2883,0
5473,JONES BANK,20251231,SM,1,419432,5811,148323,249455,348866,15824,17500,0,384173,35259,35259,8331,1983,33324,15843,1983,0
5478,STANTON STATE BANK,20251231,SM,1,61393,5615,16007,37513,55339,0,0,0,55686,5707,5707,1291,347,0,2258,347,0
5486,FIRSTBANK OF NEBRASKA,20251231,SM,1,475765,6044,225306,227214,348624,39925,38217,0,429329,46436,46436,14560,2563,78142,17201,2563,0
5490,STATE NEBRASKA BANK&TRUST,20251231,NM,1,249971,4687,65789,164634,203416,0,22500,0,227013,22958,22958,8158,1097,22500,14861,1097,0
5495,CITIZENS STATE BANK,20251231,SM,1,640452,3517,116722,491797,578504,0,5000,0,585405,55047,55047,16672,1901,5000,28416,1901,0
5496,CORNERSTONE BANK,20251231,SM,1,2760622,118327,478162,2067199,2438827,12730,56000,0,2517456,243166,243166,53769,9899,68730,96934,9899,0
5510,FROST BANK,20251231,SM,1,53127804,8874951,19359347,21610318,43333423,4544630,0,0,48586679,4541125,4541125,1118109,599363,4544630,3283188,708626,0
5518,CITY NB OF SAN SABA,20251231,N,1,81449,3813,53774,8178,71639,0,0,0,71682,9767,9767,2967,43,0,15684,43,0
5531,FIRST NB OF SONORA,20251231,N,1,683680,73681,83235,460264,622092,0,4697,0,630825,52855,52855,19974,4036,4697,66500,4036,0
5536,FIRST NB OF STANTON,20251231,N,1,436370,49471,264944,105280,373703,0,0,0,374436,61934,61934,6660,733,0,16675,733,0
5538,FIRST NB OF STERLING CITY,20251231,N,1,245322,20671,179905,40580,223882,0,0,0,223992,21330,21330,3046,110,0,4166,110,0
5544,CITY NB OF SULPHUR SPRINGS,20251231,N,1,1351861,95741,263071,919468,1208220,0,0,0,1219118,132743,132743,36820,10898,0,73581,10898,0
5548,CITY NATIONAL BANK OF TAYLOR,20251231,N,1,239377,41150,44511,148082,210712,0,0,0,211286,28091,28091,2436,574,0,5634,574,0
5551,EXTRACO BANKS NATIONAL ASSN,20251231,N,1,2476407,372456,722344,1301528,2012452,128449,110000,0,2268969,207438,207438,34138,18068,238449,80079,18068,0
5557,FIRST NB OF TOM BEAN,20251231,N,1,149656,17313,5226,118005,130724,0,0,0,131530,18126,18126,2407,806,0,9112,806,0
5559,FIRST NB OF TRINITY,20251231,N,1,97333,6845,36930,45724,90499,0,0,0,91240,6093,6093,6124,741,0,7834,741,0
5564,FIRST NB OF BOSQUE COUNTY,20251231,N,1,188590,24105,21502,135613,165963,0,0,0,166294,22296,22296,6662,331,0,7370,331,0
5568,HERRING BANK,20251231,NM,1,487454,57086,56968,351334,424483,0,0,0,428663,58791,58791,8633,4180,0,22066,4180,0
5569,WAGGONER NB OF VERNON,20251231,N,1,343198,18926,124160,175216,296586,0,0,0,298602,44596,44596,22723,2016,0,24896,2016,0
5574,CITIZENS NB OF TEXAS,20251231,N,1,2093733,151805,24754,1814042,1795022,0,25000,0,1838702,255031,255031,44419,18680,25000,103132,18680,0
5575,FIRST NB&T CO OF WEATHERFORD,20251231,N,1,978794,211536,146407,549090,882748,0,0,0,884988,93806,93806,35862,2240,0,71761,2240,0
5589,FANNIN BANK,20251231,NM,1,148449,2120,61146,77064,137739,0,0,0,139099,9350,9350,4911,1360,0,8119,1360,0
5590,FIRST NB OF WINNSBORO,20251231,N,1,155841,20743,30291,90657,120204,0,0,0,123657,32184,32184,11521,3453,0,14150,3453,0
5595,YOAKUM NATIONAL BANK,20251231,N,1,384305,44029,91618,220193,349974,1207,0,0,352829,31476,31476,11885,1648,1207,28465,1648,0
5598,TROY BANK&TRUST CO,20251231,NM,1,1622811,94932,423041,1018193,1413554,0,0,0,1430870,191941,191941,51170,17316,0,86645,17316,0
5602,UNION STATE BANK,20251231,NM,1,216417,31208,68959,84120,204709,0,0,0,205613,10804,10804,17892,904,0,32130,904,0
5605,BANK OF BREWTON,20251231,NM,1,46913,1636,22838,18009,37710,0,0,0,37855,9058,9058,1318,145,0,4430,145,0
5615,CHAMBERS BANK,20251231,SM,1,1527555,21069,50990,1118049,1260406,0,56750,0,1327758,199797,199797,62031,10602,56750,337447,10602,0
5619,COMMUNITY STATE BANK,20251231,NM,1,81136,5615,401,71886,71856,0,0,0,72134,9002,9002,496,278,0,3234,278,0
5623,SMACKOVER STATE BANK,20251231,NM,1,251376,3692,70358,171915,205589,0,20000,0,226356,25020,25020,2836,767,20000,5411,767,0
5624,BODCAW BANK,20251231,NM,1,245139,5570,19048,211845,219860,0,0,0,220378,24761,24761,2938,518,0,8676,518,0
5632,LOGAN COUNTY BANK,20251231,NM,1,116176,2247,31872,71081,96868,0,0,0,97123,19053,19053,1358,255,0,10976,255,0
5633,FIRST SECURITY BANK,20251231,SM,1,8360743,386517,3263328,4388829,6564353,391269,4978,200000,7170967,1189776,1189776,123955,10367,596247,322069,10367,0
5634,CONNECT BANK,20251231,SM,1,123670,9974,28757,78280,108095,0,335,0,108701,14969,14969,3769,271,335,6659,271,0
5635,CS BANK,20251231,SM,1,614162,40076,36084,494534,474827,0,58915,0,542289,71873,71873,17788,8547,58915,43468,8547,0
5673,CITIZENS BANK&TRUST,20251231,NM,1,1447209,69484,482793,848866,1372745,5253,0,0,1391762,55447,55447,28577,13764,5253,46066,13764,0
5676,BRANNEN BANK,20251231,NM,1,1070872,211053,335268,515010,1036228,0,0,0,1037813,33059,33059,4244,1585,0,9541,1585,0
5685,SOUTHEASTERN BANK,20251231,NM,1,623400,71274,109465,406470,545463,0,0,0,548901,74499,74499,20197,3438,0,36191,3438,0
5686,BANK OF EDISON,20251231,NM,1,84692,8809,26676,47011,79760,0,0,0,80048,4644,4644,1926,288,0,2196,288,0
5694,PRIMESOUTH BANK,20251231,NM,1,1467071,108488,124292,1196691,1261007,0,41000,0,1305917,161154,161154,23992,3910,41000,37600,3910,0
5699,BANK OF WRIGHTSVILLE,20251231,NM,1,98163,20504,25961,48196,88649,0,0,0,89347,8816,8816,3214,698,0,3502,698,0
5704,BANK OF NEWINGTON,20251231,NM,1,313019,27938,25009,243910,282638,0,0,0,285001,28018,28018,7624,2363,0,16162,2363,0
5709,FARMERS BANK,20251231,NM,1,183560,18173,68565,93422,168590,0,0,0,169087,14473,14473,2460,497,0,3400,497,0
5716,FARMERS&MERCHANTS BANK,20251231,NM,1,763418,39606,104464,594713,672905,0,20000,0,695505,67913,67913,13934,2600,20000,24635,2600,0
5722,PHILO EXCHANGE BANK,20251231,NM,1,149395,12505,37706,90841,122851,0,10000,0,133709,15686,15686,4582,858,10000,8343,858,0
5730,STATE BANK OF ST JACOB,20251231,NM,1,87627,4454,11236,40937,73839,0,0,0,73972,13655,13655,283,133,0,31000,133,0
5744,STATE BANK OF THE LAKES NA,20251231,N,1,2503451,55108,409899,1861011,2075758,0,125513,0,2223882,279569,279569,97546,21490,125513,177433,22611,0
5749,FORESIGHT BANK,20251231,NM,1,1662075,27099,432229,1126129,1430500,0,53429,0,1496834,165241,165241,52289,12905,53429,76618,12905,0
5753,FIDELITY BANK,20251231,NM,1,198618,4376,37423,143091,165058,906,16882,0,184311,14307,14307,5111,1465,17788,13728,1465,0
5768,FOUNTAIN TRUST CO,20251231,NM,1,675926,67712,207463,365993,605805,0,0,0,608926,67000,67000,21060,3121,0,34758,3121,0
5779,PEOPLES BANK,20251231,NM,1,319192,24205,145049,137631,295363,0,0,0,296396,22796,22796,10653,1033,0,12307,1033,0
5786,SPENCER COUNTY BANK,20251231,NM,1,130893,12893,30579,78959,111981,0,0,0,112625,18268,18268,6622,644,0,8462,644,0
5791,FIRST STATE BANK,20251231,NM,1,148711,18587,56638,65721,112787,20054,0,0,135430,13281,13281,5289,2589,20054,7765,2589,0
5792,BREDA SAVINGS BANK,20251231,NM,1,99970,848,33203,59930,79109,0,11904,0,92211,7759,7759,5886,1198,11904,5989,1198,0
5796,EARLHAM SAVINGS BANK,20251231,NM,1,377778,90220,52706,224724,341439,0,0,0,342737,35041,35041,3701,1298,0,10128,1298,0
5797,FARMERS STATE BANK,20251231,NM,1,220683,6549,47043,157676,182532,1548,14700,0,199455,21228,21228,7591,675,16248,9415,675,0
5800,AMERICAN BANK NATIONAL ASSN,20251231,N,1,554123,28781,5757,495406,456385,0,37500,0,496645,57478,57478,10748,2760,37500,24179,2760,0
5814,AUDUBON STATE BANK,20251231,NM,1,163402,10416,14652,128889,139553,0,4524,0,144774,18628,18628,2812,697,4524,9445,697,0
5817,HARDIN COUNTY SAVINGS BANK,20251231,NM,1,401451,3708,126803,251465,324299,2490,51546,0,380008,21443,21443,17919,1673,54036,19475,1673,0
5820,STATE CENTRAL BANK,20251231,NM,1,60842,5462,18856,32395,50331,0,0,0,50459,10383,10383,1768,128,0,4129,128,0
5821,FIRST STATE BANK,20251231,NM,1,378401,8813,74016,278815,295350,29795,11119,0,337450,40951,40951,8847,1186,40914,16757,1186,0
5826,LANDMARK NATIONAL BANK,20251231,N,1,1601852,22443,349355,1103534,1395105,1501,8900,0,1421622,180230,180230,69641,16116,10401,126520,16116,0
5830,CITIZENS STATE BANK&TRUST CO,20251231,NM,1,104744,14842,23678,64024,79003,7015,0,0,86258,18486,18486,1863,240,7015,2200,240,0
5835,FIRST STATE BANK,20251231,NM,1,519514,8563,183195,307832,436039,0,29712,0,468283,51231,51231,13745,2532,29712,19924,2532,0
5838,FARMERS STATE BANK,20251231,NM,1,68215,3260,29090,28069,61489,740,0,0,62827,5388,5388,543,598,740,7796,598,0
5847,PEOPLES BANK MT WASHINGTON,20251231,NM,1,119977,9787,25303,80164,109507,0,9,0,110308,9669,9669,850,792,9,4723,792,0
5854,SOUTH CENTRAL BANK INC,20251231,NM,1,2090375,106122,255744,1654900,1789533,4307,74000,0,1896011,194364,194364,31986,28171,78307,73609,28171,0
5867,BANK OF OCEAN CITY,20251231,NM,1,667847,27942,124225,492609,592567,0,0,0,595292,72555,72555,13050,2725,0,23071,2725,0
5873,WOODSBORO BANK,20251231,NM,1,455586,21342,90506,325132,417906,0,0,0,423640,31946,31946,13991,5734,0,18606,5734,0
5874,CALVIN B TAYLOR BK BERLIN MD,20251231,NM,1,986161,66711,211990,656365,854126,0,0,0,859578,126583,126583,34985,5452,0,51095,5452,0
5885,FARMERS BANK OF WILLARDS,20251231,NM,1,552600,32334,99281,385970,468296,0,16000,0,491227,61373,61373,12005,6931,16000,35015,6931,0
5892,KALAMAZOO COUNTY STATE BANK,20251231,NM,1,119879,10388,47654,55596,106677,0,0,0,107444,12435,12435,5090,767,0,6241,767,0
5902,BANKOKOLONA,20251231,SM,1,346115,28767,64094,237262,309881,0,1771,0,313977,32138,32138,9726,2325,1771,15992,2325,0
5903,BANKPLUS,20251231,NM,1,8074068,348249,1058045,6230178,7008555,0,60033,0,7152255,921813,921813,186851,83667,60033,437596,83667,0
5907,FIRST BANK,20251231,NM,1,529339,24942,110866,365157,450091,0,0,0,454420,74919,74919,19577,4329,0,28374,4329,0
5956,PEOPLES BANK,20251231,NM,1,1701359,58105,377363,1195398,1510677,0,0,0,1530979,170380,170380,56331,20302,0,70493,20302,0
5962,SUTTON BANK,20251231,NM,1,1585129,691036,343750,431253,1352944,2098,0,0,1364470,220659,220659,94165,9428,2098,119090,9428,0
5969,FARMERS&MERCHANTS STATE BANK,20251231,NM,1,3426287,96896,417891,2689924,2735120,37718,227377,0,3033633,392654,392654,93523,33418,265095,221576,33418,0
5981,COMMUNITY BANK,20251231,NM,1,690622,21305,99862,461229,611389,0,0,0,621985,68637,68637,17427,10596,0,108226,10596,0
5994,PRISM BANK,20251231,NM,1,645334,50065,36713,545196,575362,0,7500,0,586977,58357,58357,8095,4115,7500,13360,4115,0
5999,FIRST STATE BANK IN TEMPLE,20251231,SM,1,25659,521,11924,12026,19265,473,1200,0,21040,4619,4619,1142,102,1673,1188,102,0
6051,APOLLO TRUST CO,20251231,SM,1,208161,3094,10640,180907,141340,0,40000,0,186709,21452,21452,11609,5369,40000,13520,5369,0
6063,CORTRUST BANK NATIONAL ASSN,20251231,N,1,1505634,23035,380300,997588,1298461,36099,25000,0,1368607,137027,137027,52735,9047,61099,104711,9047,0
6064,BRYANT STATE BANK,20251231,NM,1,54189,3968,17982,31165,47207,0,0,0,48145,6044,6044,680,938,0,1074,938,0
6078,ONE AMERICAN BANK,20251231,NM,1,356547,42591,21198,272278,234383,0,91202,0,328301,28246,28246,7727,2716,91202,20480,2716,0
6084,FARMERS STATE BANK OF TURTON,20251231,NM,1,38800,6173,12597,18316,32692,0,1000,0,34579,4221,4221,1312,887,1000,1714,887,0
6085,FIRST PREMIER BANK,20251231,SM,1,4154885,1414689,456503,2106427,3462247,0,145700,0,3678295,476590,476590,134015,70348,145700,177266,70348,0
6088,UNION BANK,20251231,NM,1,240454,13520,111266,94656,217046,0,0,0,218707,21747,21747,10581,1661,0,21012,1661,0
6091,MACON BANK&TRUST CO,20251231,NM,1,772155,9826,211531,475944,706291,0,54,0,713207,58948,58948,31873,6862,54,74854,6862,0
6100,LINEAGE BANK,20251231,NM,1,163462,19643,32244,106756,154340,0,0,0,156225,7237,7237,3764,1885,0,4819,1885,0
6101,DECATUR COUNTY BANK,20251231,SM,1,317177,8783,30709,257846,286185,0,1955,0,290492,26685,26685,10532,2352,1955,19839,2352,0
6110,PEOPLES BANK,20251231,NM,1,110665,3079,23846,70257,98773,0,0,0,99798,10867,10867,1500,1025,0,13483,1025,0
6123,BANK OF CLARKE,20251231,SM,1,1887698,117926,119543,1462543,1607753,0,40000,0,1670264,217434,217434,72874,22511,40000,187686,22511,0
6137,BANK OF BOTETOURT,20251231,NM,1,925507,55148,79144,752105,825470,0,0,0,831990,93517,93517,17796,6520,0,39110,6520,0
6156,FARMERS STATE BANK,20251231,NM,1,50097,25163,20937,3577,44392,0,0,0,44460,5637,5637,221,68,0,420,68,0
6158,PEOPLES BANK,20251231,NM,1,2464280,305294,119188,1946307,2132934,0,0,0,2150269,314011,314011,21594,17335,0,93491,17335,0
6161,KITSAP BANK,20251231,NM,1,1653440,77121,541864,888078,1434949,0,30000,0,1507253,146187,146187,70135,42304,30000,146377,42304,0
6176,PENDLETON COMMUNITY BANK INC,20251231,NM,1,814284,10544,82606,676220,699359,2743,30547,0,744430,69854,69854,26887,11781,33290,44914,11781,0
6180,BANK OF MONROE,20251231,SM,1,252222,16762,68677,151516,222677,0,0,0,223677,28545,28545,9302,1000,0,15267,1000,0
6186,CITIZENS STATE BANK OF LOYAL,20251231,NM,1,309367,19674,94692,176761,244876,0,29000,0,278679,30688,30688,14478,4803,29000,18240,4803,0
6194,CITIZENS STATE BANK,20251231,NM,1,477749,19004,47078,400085,400823,0,29346,0,432949,44800,44800,5884,2780,29346,11582,2780,0
6195,STERLING BANK,20251231,NM,1,353458,10271,85795,251753,317972,0,2700,0,322625,30833,30833,3169,1953,2700,5639,1953,0
6198,HIGHLAND STATE BANK,20251231,NM,1,48221,14636,13083,18370,42236,0,0,0,42937,5284,5284,2038,701,0,2132,701,0
6271,COMMUNITY NATIONAL BANK,20251231,N,1,1286848,128549,144041,955345,1072030,41498,38939,0,1161326,125522,125522,27507,8859,80437,58913,8859,0
6275,NATIONAL BANK OF MIDDLEBURY,20251231,N,1,556957,13162,154093,350311,505608,0,1726,0,513148,43809,43809,20489,5814,1726,39391,5814,0
6280,FIRST NB OF ORWELL,20251231,N,1,87627,11733,0,72572,76909,0,0,0,77473,10154,10154,715,564,0,3322,564,0
6354,FIRST HOPE BK A NATL BK ASSN,20251231,N,1,666840,57110,142452,430342,596810,0,0,0,606188,60652,60652,26540,9378,0,36936,9378,0
6384,PNC BANK NATIONAL ASSN,20251231,N,1,568338163,39677744,138976086,329027570,450665135,1464547,40764049,2001091,508889358,59448805,59441103,30428704,11374381,44229687,60656763,13994536,0
6423,AMBOY BANK,20251231,SM,1,2811720,187295,526894,1903100,2410976,41177,0,0,2476751,334969,334969,171445,24598,41177,194431,24598,0
6442,FIRST NB OF ABSECON,20251231,N,1,197088,23172,40361,124993,177546,0,0,0,178928,18160,18160,7385,1382,0,8562,1382,0
6464,FIRST NATIONAL BANK OF ELMER,20251231,N,1,409411,46422,23223,323107,367964,0,0,0,370422,38989,38989,12919,2458,0,16659,2458,0
6528,FIRST NB OF BELLEVUE,20251231,N,1,309256,6111,93187,171405,278314,0,1250,0,280195,29061,29061,8655,631,1250,38553,631,0
6530,FIRST NB OF BLANCHESTER,20251231,N,1,78712,6924,17984,49437,70233,0,0,0,70632,8080,8080,2746,399,0,4367,399,0
6531,CITIZENS NB OF BLUFFTON,20251231,N,1,1076098,19179,174912,855858,794304,0,167924,0,967783,108315,108315,14905,5555,167924,26149,5555,0
6540,FARMERS NB OF CANFIELD,20251231,N,1,5230209,87578,1339666,3269418,4373220,0,281000,0,4702270,527939,527939,282342,48050,281000,533547,48050,0
6544,PEOPLES BANK,20251231,SM,1,9637101,183326,1913452,6683899,7750473,20278,588140,0,8452844,1184257,1184257,341709,84678,608418,856424,93953,0
6548,U S BANK NATIONAL ASSN,20251231,N,1,676125227,46282835,166357745,386268399,533475213,1320029,43793240,4600000,607538015,68587212,67960628,46410249,21022145,49713269,77216248,24349533,0
6560,HUNTINGTON NATIONAL BANK,20251231,N,1,224047234,15332334,41402651,148398763,180595114,22405,13578488,818099,199334957,24712277,24293048,7751440,3992571,14418992,18913486,4320851,0
6574,FIRST NB OF DENNISON,20251231,N,1,272994,19739,84624,152171,253046,0,0,0,253747,19247,19247,9385,701,0,16460,701,0
6584,COMMUNITY FIRST BANK NA,20251231,N,1,55476,8753,13859,31537,50348,0,0,0,50488,4988,4988,898,140,0,1327,140,0
6592,FIRST NB OF GERMANTOWN,20251231,N,1,93682,7377,27209,55801,82891,0,3000,0,86154,7528,7528,792,263,3000,3295,263,0
6600,FIRST FINANCIAL BANK,20251231,SM,1,20985843,771455,4041699,13254535,16764129,0,699511,7500,18249008,2736835,2736506,1499097,777868,707011,2918154,777868,0
6605,MERCHANTS NATIONAL BANK,20251231,N,1,1320880,122606,173745,961416,1131307,5890,50000,0,1200720,120160,120160,38076,13523,55890,63113,13523,0
6616,KINGSTON NATIONAL BANK,20251231,N,1,578822,13243,108898,415786,529835,0,689,0,535171,43651,43651,17326,4647,689,40895,4647,0
6623,LCNB NATIONAL BANK,20251231,N,1,2236740,19781,250045,1693545,1842258,0,95000,0,1958383,278357,278357,115020,21125,95000,273369,21125,0
6636,VINTON COUNTY NATIONAL BANK,20251231,N,1,1540805,89991,317849,1081960,1354745,13510,0,0,1381443,159362,159362,23134,13188,13510,51005,13188,0
6637,FIRST NB OF MCCONNELSVILLE,20251231,N,1,202829,23493,55760,109116,179765,0,0,0,181147,21682,21682,4816,1382,0,14460,1382,0
6638,CITIZENS NB MCCONNELSVILLE,20251231,N,1,109107,7502,20588,75494,88106,0,8634,0,97795,11312,11312,4254,1055,8634,5523,1055,0
6646,1ST NATIONAL BANK,20251231,N,1,265411,14788,28372,182657,232607,0,5000,0,242519,22892,22892,15038,4912,5000,39594,4912,0
6653,PARK NATIONAL BANK,20251231,N,1,9742967,232716,689602,7958154,8344022,81711,0,25000,8561370,1181597,1181597,610042,110637,106711,862495,110637,0
6659,PEOPLES STATE BANK,20251231,NM,1,279867,9558,45118,208235,255327,0,0,0,256850,23017,23017,6645,1523,0,16956,1523,0
6662,RIVERHILLS BANK,20251231,NM,1,343601,22245,36544,268572,307156,0,0,0,309497,34104,34104,11007,2341,0,16240,2341,0
6671,FIRST NB OF PANDORA,20251231,N,1,288700,21387,55549,190198,265857,0,145,0,268340,20360,20360,9890,2338,145,21566,2338,0
6672,FIFTH THIRD BANK NA,20251231,N,1,213730000,22327000,46877000,121131000,175203000,537000,6784000,750000,189082000,24648000,24648000,8750000,3551000,8071000,23395000,5808000,0
6680,HOME NATIONAL BANK,20251231,N,1,89914,1938,21275,55336,78712,0,1617,0,81164,8750,8750,4042,835,1617,11365,835,0
6700,SOMERVILLE BANK,20251231,NM,1,286742,6239,59586,204450,257775,0,6128,0,265052,21690,21690,4185,1149,6128,16467,1149,0
6706,FIRST NB OF SYCAMORE,20251231,N,1,233026,7520,70325,143234,202707,0,9760,0,213573,19453,19453,6721,1106,9760,11947,1106,0
6725,FIRST NB OF WAVERLY,20251231,N,1,196173,8107,74059,93027,172939,0,0,0,177927,18246,18246,13246,4988,0,20980,4988,0
6728,NATIONAL BK ADAMS CNTY W UNI,20251231,N,1,109074,10679,38972,54921,96424,0,0,0,96835,12239,12239,930,411,0,4502,411,0
6732,CITIZENS NB OF WOODSFIELD,20251231,N,1,155166,22553,65191,62814,137148,0,6500,0,143942,11224,11224,3164,294,6500,4608,294,0
6760,CITIZENS BANK OF WEST VA INC,20251231,NM,1,704628,44999,70543,553532,620730,846,5715,0,631675,72953,72953,23021,4384,6561,35554,4384,0
6762,FAYETTE CNTY NB FAYETTEVILLE,20251231,N,1,154554,930,79558,70238,132335,0,11000,0,143567,10987,10987,2586,232,11000,3828,232,0
6786,MOUNTAIN VALLEY BANK N A,20251231,N,1,199013,18522,54011,121909,173319,0,0,0,174207,24806,24806,2814,888,0,4571,888,0
6787,FIRST NB OF PETERSTOWN,20251231,N,1,84072,10081,28140,37814,73457,0,0,0,73512,10560,10560,3095,55,0,8037,55,0
6794,FNB BANK INC,20251231,NM,1,273991,8077,36577,205358,241558,0,5186,0,249167,24824,24824,10480,2423,5186,23979,2423,0
6800,FIRST NEIGHBORHOOD BANK,20251231,NM,1,156407,4996,36874,74576,140725,0,0,0,142133,14274,14274,6588,1408,0,39961,1408,0
6803,MCNB BANK&TRUST CO,20251231,NM,1,362670,11206,76539,249983,295240,0,24156,0,321658,41012,41012,18692,2262,24156,24942,2262,0
6805,FIRST NB OF WILLIAMSON,20251231,N,1,118521,20257,21207,74375,93970,751,0,0,95520,23001,23001,1516,799,751,2682,799,0
6811,FIRST NATIONAL BANK,20251231,N,1,1062836,122511,152452,734128,971327,0,0,0,975698,87138,87138,27736,4371,0,53745,4371,0
6813,FARMERS BANK OF APPOMATTOX,20251231,SM,1,365660,7269,86726,245921,317224,2453,5000,0,326717,38943,38943,18543,2040,7453,25744,2040,0
6821,NATIONAL BANK OF BLACKSBURG,20251231,N,1,1821703,59250,654377,989418,1646795,0,0,0,1659675,162028,162028,86132,12880,0,118658,12880,0
6861,SKYLINE NATIONAL BANK,20251231,N,1,1293036,22849,114177,1049532,1178186,0,0,0,1185727,107309,107309,53008,7541,0,106478,7541,0
6862,CHESAPEAKE BANK,20251231,SM,1,1664048,34480,545967,989130,1467004,12590,0,0,1491671,172377,172377,67853,12077,12590,94471,12077,0
6863,POWELL VALLEY NATIONAL BANK,20251231,N,1,517608,67719,33063,393136,464324,0,0,0,469354,48254,48254,13341,5030,0,23690,5030,0
6913,PIONEER BANK,20251231,SM,1,354220,12862,44051,287703,283317,0,30000,0,315226,38994,38994,5794,1909,30000,9604,1909,0
6917,FIRST BANK,20251231,SM,1,2038666,160910,320410,1435026,1816064,0,25000,0,1850273,188393,188393,71365,9209,25000,122320,9209,0
6954,CAYUGA LAKE NATIONAL BANK,20251231,N,1,287613,25912,79538,173295,263666,0,2219,0,266487,21126,21126,6798,602,2219,8868,602,0
6959,BALLSTON SPA NATIONAL BANK,20251231,N,1,928503,28146,66562,794470,765967,0,74000,0,850049,78454,78402,25593,10082,74000,39325,10082,0
6976,DIME COMMUNITY BANK,20251231,SM,1,15332384,2350667,1419109,10662825,12949436,0,560400,0,13686828,1645556,1645437,593862,101950,560400,899783,176992,0
6985,CANANDAIGUA NB&T CO,20251231,N,1,5315449,334596,944846,3888042,4384014,0,400000,0,4857418,458031,457962,89993,73404,400000,147965,73404,0
6989,COMMUNITY BANK NATIONAL ASSN,20251231,N,1,17000592,276478,4328509,10861944,14553206,231163,458770,0,15382691,1617901,1615176,505250,139552,689933,1533661,139552,0
6990,PUTNAM COUNTY NB OF CARMEL,20251231,N,1,173817,40302,13473,115535,127682,0,0,0,128621,45196,45196,2762,939,0,4507,939,0
7018,NATIONAL BANK OF COXSACKIE,20251231,N,1,511817,33006,104699,362675,451857,0,12407,0,467223,44594,44594,6733,2959,12407,11437,2959,0
7025,DELAWARE NB OF DELHI,20251231,N,1,370521,17700,74792,260314,334415,0,152,0,339104,31417,31417,13476,4537,152,17715,4537,0
7031,FIRST NB OF DRYDEN,20251231,N,1,203426,21658,72519,98957,179800,0,0,0,180091,23335,23335,7794,291,0,10292,291,0
7074,ARROW BANK NATIONAL ASSN,20251231,N,1,4421213,214184,565959,3418771,3939998,0,9195,0,3991724,429489,429428,133159,42531,9195,222299,42531,0
7085,FIRST NB OF GROTON,20251231,N,1,202559,3674,89296,105517,173890,0,0,0,175261,27298,27298,2493,1371,0,4072,1371,0
7123,JEFF BANK,20251231,NM,1,661805,72073,189561,357718,558357,0,2653,0,568659,93146,93146,36439,7649,2653,42453,7649,0
7151,LYONS NATIONAL BANK,20251231,N,1,2071682,128778,317267,1530271,1887744,0,0,0,1913785,157897,157841,63078,26041,0,95366,26041,0
7213,CITIBANK NATIONAL ASSN,20251231,N,1,1836436000,335363000,403957000,700763000,1465300000,13296000,70675000,10500000,1659008000,177428000,176530000,101663000,55308000,94471000,396353000,99237000,0
7230,NBT BANK NATIONAL ASSN,20251231,N,1,15879824,483276,2636954,11461222,13632370,148069,43176,0,14031405,1848419,1848419,724338,207790,191245,1298372,207790,0
7274,WSB MUNICIPAL BANK,20251231,NM,1,153058,8841,143230,0,96312,0,0,0,130522,22536,22536,987,34210,0,987,34210,0
7356,CHAMPLAIN NATIONAL BANK,20251231,N,1,485836,7078,119468,327787,422418,0,15200,0,449040,36796,36796,27557,11422,15200,31503,11422,0
7404,FIRST KEYSTONE CMTY BANK,20251231,NM,1,1529069,121249,394226,939013,1142016,36845,206033,0,1397735,131334,131334,49364,12841,242878,74581,12841,0
7468,FIRST COMMONWEALTH BANK,20251231,NM,1,12311455,174476,1532950,9653723,10343364,22966,258276,49480,10801313,1510142,1510142,443038,127227,330722,950306,127227,0
7493,EPHRATA NATIONAL BANK,20251231,N,1,2256965,60459,588428,1501447,1914564,0,130331,0,2058325,198640,198640,69591,13430,130331,106631,13430,0
7506,ACNB BANK,20251231,NM,1,3211593,65338,531131,2335012,2475524,20977,280000,0,2813292,398301,398301,171765,36791,300977,280112,36791,0
7514,PEOPLES SECURITY B&T CO,20251231,NM,1,5261716,269206,584682,4028694,4435803,0,167073,0,4662134,599582,599582,162709,43599,167073,379134,59258,0
7526,HONESDALE NATIONAL BANK,20251231,N,1,1126023,41924,153792,874016,961036,0,0,0,977477,148546,148546,43272,16441,0,56291,16441,0
7542,AMERISERV FINANCIAL BANK,20251231,SM,1,1449813,50738,244697,1019840,1249609,0,47117,0,1308361,141452,141452,96244,11635,47117,134538,11635,0
7551,FULTON BANK NATIONAL ASSN,20251231,N,1,31982120,1029352,4865794,23796531,26848886,39066,890672,0,28407741,3574379,3530379,1120672,477818,929738,2290443,629117,0
7590,NATIONAL BANK OF MALVERN,20251231,N,1,222411,25115,49327,141593,185929,0,0,0,187081,35330,35330,2247,1152,0,6376,1152,0
7593,FIRST CITIZENS CMTY BANK,20251231,SM,1,3059673,37916,444874,2337209,2382712,15496,266803,0,2701672,358001,358001,110442,36661,282299,239674,36661,0
7599,JIM THORPE NEIGHBORHOOD BANK,20251231,SM,1,260462,36808,90385,123745,237296,0,0,0,238345,22117,22117,7315,1049,0,9524,1049,0
7613,PENNIAN BANK,20251231,NM,1,662124,31572,163183,428736,573667,0,34000,0,612978,49146,49146,31378,5311,34000,38633,5311,0
7614,JUNIATA VALLEY BANK,20251231,NM,1,895480,11448,238143,594295,781873,15406,35220,0,839088,56392,56392,31564,6589,50626,51594,6589,0
7631,UNB BANK,20251231,NM,1,169220,3442,65382,88104,157928,0,0,0,158864,10356,10356,5653,936,0,12292,936,0
7646,NEFFS NATIONAL BANK,20251231,N,1,470382,5128,201618,251481,359438,0,36200,0,399030,71352,71352,6284,3392,36200,12155,3392,0
7658,FIRST NB&T CO OF NEWTOWN,20251231,N,1,1142322,20145,549734,501251,956773,34310,40000,0,1037295,105027,105027,57115,6212,74310,71192,6212,0
7659,NEW TRIPOLI BANK,20251231,SM,1,663985,12344,102415,511410,584916,0,24000,0,614589,49396,49396,31017,5673,24000,37816,5673,0
7675,FIRST NORTHERN BANK&TRUST CO,20251231,SM,1,936387,63742,230612,564432,781554,0,0,0,804228,132159,132159,35134,22674,0,77601,22674,0
7714,QNB BANK,20251231,NM,1,1884754,49670,522675,1253145,1644295,14601,66000,0,1739496,145258,145258,42037,14600,80601,59264,14600,0
7759,UNIVEST BANK&TRUST CO,20251231,SM,1,8404657,553712,491289,6841927,7199956,24411,200000,0,7497602,907055,907055,244838,73235,224411,517729,73235,0
7789,TURBOTVILLE NATIONAL BANK,20251231,N,1,222879,6588,34424,170340,184377,735,0,0,186661,36218,36218,6063,1549,735,11527,1549,0
7799,CITIZENS&NORTHERN BANK,20251231,SM,1,3121896,45593,498007,2324908,2584952,1618,147935,0,2770764,351132,351132,141591,36259,149553,253388,36259,0
7848,COMMUNITY BANK,20251231,NM,1,1547248,31692,279895,1152145,1348148,0,20000,0,1384469,162779,162779,45384,16321,20000,83516,16321,0
7886,FIRST UNITED NATIONAL BANK,20251231,N,1,367501,37279,113515,200254,345032,0,0,0,346468,21033,21033,12186,1436,0,16453,1436,0
7888,FIRST NB OF PENNSYLVANIA,20251231,N,1,50018001,2495195,7843559,34819377,39124307,835883,2155000,420000,43226952,6791049,6711049,1628426,483427,3410883,4859870,691762,0
7900,NEXTIER BANK NATIONAL ASSN,20251231,N,1,2928928,191560,387244,2161784,2539721,0,72295,0,2634124,294804,294804,103808,22108,72295,188340,22108,0
7909,MARION CENTER BANK,20251231,NM,1,417378,12545,81649,306850,379995,10227,0,0,391812,25566,25566,11002,1590,10227,16334,1590,0
7946,BNY MELLON NATIONAL ASSN,20251231,N,1,31329000,7416000,94000,18774000,26728000,0,600000,200000,27833000,3496000,3496000,784000,305000,800000,5045000,305000,0
8011,SVG BANK OF MENDOCINO COUNTY,20251231,NM,1,1342665,58768,454386,734972,1029665,0,125000,0,1160280,182385,182385,82049,5615,125000,94539,5615,0
8018,GROVE BANK&TRUST,20251231,SM,1,1365487,203380,295895,808372,1150488,20488,50000,0,1231695,133792,133792,40666,10719,70488,57840,10719,0
8021,CREWS BANK&TRUST,20251231,NM,1,2321472,376615,654991,1250765,2070692,3361,0,0,2081564,239908,239908,13339,7511,3361,39101,7511,0
8028,MOUNT VERNON BANK,20251231,NM,1,188645,18213,39613,121166,173523,0,0,0,175576,13069,13069,4992,2053,0,9653,2053,0
8033,CITIZENS TRUST BANK,20251231,SM,1,795547,66304,276668,375887,682470,0,789,0,693750,101797,101797,33031,10491,789,76688,10491,0
8035,BATH STATE BANK,20251231,NM,1,337321,1489,61064,259156,275196,1449,41000,0,319460,17861,17861,12470,1815,42449,15612,1815,0
8056,MERCHANTS BANK OF INDIANA,20251231,NM,1,19390856,212202,1837403,15444488,13101471,0,3770792,0,17155470,2235386,2235386,928743,283207,3770792,1896763,283207,0
8063,NORTH SALEM STATE BANK,20251231,NM,1,776253,8990,50054,609745,689861,0,15000,0,713452,62801,62801,21318,8591,15000,107464,8591,0
8067,COMMUNITY STATE BANK,20251231,NM,1,150775,1995,9559,127393,126831,0,10000,0,137743,13032,13032,2373,912,10000,11828,912,0
8074,GARRETT STATE BANK,20251231,SM,1,393781,40317,68915,278331,335126,0,17417,0,355174,38607,38607,3699,2631,17417,6218,2631,0
8083,FAIRFAX STATE SAVINGS BANK,20251231,NM,1,277281,5113,102860,156219,234153,0,23000,0,258408,18873,18873,8542,1255,23000,13089,1255,0
8094,NSB BANK,20251231,NM,1,468647,6747,90507,341572,400169,8421,17500,0,430100,38547,38547,12708,4010,25921,29821,4010,0
8101,PRIMEBANK,20251231,SM,1,772931,8438,42504,703421,681950,6200,0,0,692174,80757,80757,9836,4024,6200,18568,4024,0
8108,NEW CENTURY BANK,20251231,SM,1,85100,2012,0,77192,69317,0,4594,0,74319,10781,10781,1023,408,4594,5896,408,0
8110,KENDALL BANK,20251231,NM,1,213389,9056,12526,178297,189601,0,0,0,192123,21266,21266,2494,2522,0,13510,2522,0
8117,PBT BCORP,20251231,SM,1,379360,9594,37607,298385,333001,0,9000,0,355340,24020,24020,17398,13339,9000,33774,13339,0
8118,BANK OF JAMESTOWN,20251231,NM,1,266161,12467,82115,159493,192299,24816,13932,0,231702,34459,34459,3301,655,38748,12086,655,0
8120,MAGNOLIA BANK INC,20251231,NM,1,515459,5323,43402,420927,444781,0,0,0,461678,53781,53781,7209,16897,0,45807,16897,0
8121,SECURITY BANK&TRUST CO,20251231,NM,1,69665,2080,35943,27660,57799,0,0,0,58855,10810,10810,685,1056,0,3982,1056,0
8122,FIRST&PEOPLES BANK&TRUST CO,20251231,NM,1,206098,5019,94930,86331,188850,0,0,0,189395,16703,16703,18414,545,0,19818,545,0
8126,COMMONWEALTH CMTY BANK INC,20251231,NM,1,151958,7921,77572,52091,130661,0,0,0,131125,20833,20833,9703,464,0,14374,464,0
8136,INDEPENDENCE BANK OF KY,20251231,SM,1,3791470,147064,1417497,2090377,3179251,0,285000,0,3488617,302853,302853,47972,24366,285000,136532,24366,0
8140,COLFAX BANKING CO,20251231,NM,1,154813,19919,54162,68175,140925,0,0,0,141309,13504,13504,1901,384,0,12557,384,0
8141,SABINE STATE BANK&TRUST CO,20251231,NM,1,1313421,50339,115761,1097028,1167052,0,5573,0,1178191,135230,135230,22811,5566,5573,50293,5566,0
8144,BANK OF GUEYDAN,20251231,SM,1,69326,1360,41570,23685,53004,0,0,0,53492,15834,15834,1209,488,0,2711,488,0
8149,FIRST AMERICAN BANK&TRUST,20251231,NM,1,1364195,120081,362181,834503,1194779,0,0,0,1204103,160092,160092,19715,9324,0,47430,9324,0
8162,STATE SAVINGS BANK,20251231,NM,1,413185,42821,11271,308234,374166,0,0,0,376433,36752,36752,4623,2267,0,50859,2267,0
8165,HONOR BANK,20251231,NM,1,416761,15205,41453,329741,374413,0,0,0,376659,40102,40102,10772,2246,0,30362,2246,0
8172,LAKE-OSCEOLA STATE BANK,20251231,NM,1,465668,43735,125977,254580,393575,0,19000,0,416872,48796,48796,18673,4297,19000,41376,4297,0
8183,CITIZENS STATE BANK,20251231,SM,1,526613,66806,63303,377607,481393,0,0,0,483589,43024,43024,8045,2196,0,18897,2196,0
8191,FIRST STATE BANK OF RED WING,20251231,NM,1,85750,12567,35287,34881,82375,0,0,0,82522,3228,3228,624,147,0,3015,147,0
8197,PORTAGE BANK,20251231,NM,1,96547,4247,6836,80562,74368,0,13300,0,88682,7865,7865,2392,1014,13300,4902,1014,0
8200,CITIZENS BANK MINNESOTA,20251231,NM,1,596223,11092,149291,405470,509603,10367,19825,0,543726,52497,52497,20406,3931,30192,30370,3931,0
8205,AMERICANA COMMUNITY BANK,20251231,NM,1,174474,4503,29336,134395,154639,0,0,0,155476,18998,18998,4586,837,0,6240,837,0
8207,PRAIRIE SUN BANK,20251231,NM,1,113343,9303,18202,78528,102312,0,0,0,102739,10604,10604,5608,427,0,7310,427,0
8210,FREEPORT STATE BANK,20251231,NM,1,169034,13179,35090,109923,152130,0,0,0,152811,16223,16223,1737,681,0,10842,681,0
8214,FARMERS STATE BANK OF HAMEL,20251231,NM,1,200247,21213,105328,67102,179127,0,7500,0,187362,12885,12885,4923,735,7500,6604,735,0
8218,FIRST STB OF SWANVILLE,20251231,NM,1,22955,3957,2450,16058,18206,0,0,0,18538,4417,4417,183,332,0,490,332,0
8231,COPIAH BANK,20251231,SM,1,329494,14845,120040,175299,281458,4000,4000,0,291878,37616,37616,9914,2420,8000,19310,2420,0
8232,BANK OF HOLLY SPRINGS,20251231,NM,1,552553,42327,49858,428508,459634,0,10000,0,475192,77361,77361,20849,5558,10000,31860,5558,0
8234,RIVERHILLS BANK,20251231,NM,1,431757,18759,181995,217291,376277,0,1322,0,378708,53049,53049,6486,1109,1322,13712,1109,0
8235,PLANTERS BANK&TRUST CO,20251231,NM,1,2064227,99439,567377,1265972,1757489,0,69045,0,1836310,227917,227917,70035,9776,69045,131439,9776,0
8243,BANK OF ANGUILLA,20251231,NM,1,192039,29093,45131,92945,159132,0,0,0,163251,28788,28351,18755,4119,0,24870,4119,0
8250,BANK OF WIGGINS,20251231,NM,1,229895,45413,84306,87142,206550,0,0,0,207995,21900,21900,10171,1445,0,13034,1445,0
8251,ADRIAN BANK,20251231,SM,1,188581,6624,49565,127798,167748,0,0,0,168569,20012,20012,2665,821,0,4594,821,0
8252,OMB BANK,20251231,SM,1,2109531,204197,17475,1818965,1843420,0,61500,0,1922209,187322,187322,49261,17289,61500,68894,17289,0
8255,MONTGOMERY BANK,20251231,SM,1,1199730,68311,20168,1012172,1036107,0,24364,0,1069278,130452,130452,35809,8807,24364,99079,8807,0
8268,FARMERS BANK OF LOHMAN MO,20251231,NM,1,80568,6382,44996,24149,67755,0,0,0,68122,12446,12446,1949,367,0,5041,367,0
8273,UMB BANK NATIONAL ASSN,20251231,N,1,72780016,7869062,19443506,38361960,61057431,3324938,0,0,65252430,7527586,7527586,2863976,870061,3324938,7105488,870061,0
8274,EXCHANGE BANK CO,20251231,SM,1,334707,31124,82410,199474,301254,1229,0,0,303880,30827,30827,9423,1397,1229,21699,1397,0
8276,ALTON BANK,20251231,NM,1,133429,6842,45855,74326,117006,0,6000,0,123292,10137,10137,1354,286,6000,6406,286,0
8282,FIRST MISSOURI STATE BANK,20251231,NM,1,278469,42669,0,216299,245259,0,8000,0,254810,23659,23659,8709,1551,8000,19501,1551,0
8283,LEAD BANK,20251231,NM,1,2610128,946501,285105,1060220,2331035,0,655,0,2384526,225602,225602,264644,52836,655,318302,52836,0
8295,O BANNON BANKING CO,20251231,NM,1,321108,17013,43673,243477,286616,0,4250,0,292723,28385,28385,3665,1857,4250,16945,1857,0
8296,CENTURY BANK OF THE OZARKS,20251231,SM,1,278184,17634,1130,237266,247372,0,0,0,252070,26114,26114,11054,4698,0,22154,4698,0
8317,FIRST STATE BANK OF FORSYTH,20251231,NM,1,170463,27733,60381,78457,148679,6014,0,0,155276,15187,15187,3518,583,6014,3892,583,0
8321,STOCKMENS BANK,20251231,NM,1,566651,20879,10617,501446,487565,1162,7500,0,500664,65987,65987,20968,4437,8662,33709,4437,0
8322,NEBRASKA STATE BANK&TRUST CO,20251231,NM,1,285470,8873,43768,219111,235952,0,15500,0,251930,33540,33540,5166,478,15500,13718,478,0
8333,FIRST TRI COUNTY BANK,20251231,NM,1,74142,1876,14839,49916,66497,0,0,0,66795,7347,7347,1299,298,0,7511,298,0
8383,FIRST STATE BANK OF HARVEY,20251231,NM,1,94771,1182,50506,36040,86105,0,0,0,86906,7865,7865,2605,801,0,7043,801,0
8386,KODABANK,20251231,NM,1,533700,28728,47256,425560,460899,0,15000,0,480509,53191,53191,14956,4610,15000,32156,4610,0
8387,BANKNORTH,20251231,NM,1,697020,24763,26111,598090,551322,165,61989,0,620456,76564,76564,27081,6980,62154,48056,6980,0
8390,LINCOLN STATE BANK,20251231,NM,1,126135,2744,47898,70586,106203,0,9870,0,117030,9105,9105,3681,957,9870,4907,957,0
8397,WATERFORD COMMERCIAL&SVG BK,20251231,NM,1,56113,3875,10869,38663,48336,0,0,0,48605,7508,7508,732,269,0,2706,269,0
8403,OTTOVILLE BANK CO,20251231,SM,1,92286,10525,34897,40382,71370,0,297,0,73308,18978,18978,6122,1641,297,6482,1641,0
8405,FARMERS&MERCHANTS TR CHAMBER,20251231,NM,1,2239135,128720,454586,1559512,1836236,0,200000,0,2054611,184524,184524,56340,18375,200000,96317,18375,0
8426,1ST SUMMIT BANK,20251231,NM,1,1511927,14617,542374,874479,1205443,0,177056,0,1402829,109098,109098,53912,20330,177056,80457,20330,0
8432,ONE BANK OF TENNESSEE,20251231,NM,1,1662136,168184,354507,1064273,1479562,14379,30,0,1517183,144953,144953,27477,23212,14409,75172,23212,0
8439,CENTENNIAL BANK,20251231,NM,1,851821,82803,53020,667887,752337,0,8997,0,767684,84137,84137,31846,6350,8997,48111,6350,0
8468,EXCHANGE BANK,20251231,NM,1,3304145,188055,1208001,1697588,2875470,0,46607,0,2957418,346727,346727,186393,35341,46607,210501,35341,0
8487,CENTRAL STATE BANK,20251231,NM,1,177236,40440,15245,118718,146981,0,0,0,147543,29693,29693,1923,562,0,2833,562,0
8491,SCOTT STATE BANK,20251231,NM,1,202836,7252,65380,119821,177517,0,1000,0,179410,23426,23426,6846,893,1000,10383,893,0
8499,UNION STATE BANK,20251231,NM,1,164600,7909,42891,99227,138848,0,2055,0,141726,22874,22874,2814,823,2055,14573,823,0
8503,FARMERS STATE BANK,20251231,NM,1,75769,3121,29744,40742,65758,0,0,0,66114,9655,9655,1145,356,0,2162,356,0
8506,NEW ALBIN SAVINGS BANK,20251231,NM,1,343927,973,223413,114748,289382,800,1000,0,292195,51732,51732,4254,1013,1800,4793,1013,0
8507,SLOAN STATE BANK,20251231,NM,1,70764,7812,33537,25353,65810,0,0,0,65967,4797,4797,745,157,0,4062,157,0
8510,FARMERS TRUST&SAVINGS BANK,20251231,NM,1,143695,11507,33542,93050,130013,0,0,0,130341,13354,13354,4290,328,0,5596,328,0
8511,CRAWFORD COUNTY T&SB,20251231,NM,1,287314,16346,62461,196899,260914,0,0,0,262287,25027,25027,8689,1373,0,11608,1373,0
8519,WHITE STATE BANK,20251231,NM,1,105289,3504,54797,36908,92591,0,0,0,93284,12005,12005,1834,693,0,10080,693,0
8522,FIRST STATE BANK,20251231,NM,1,130797,12116,46951,60563,107299,2951,0,0,110589,20208,20208,2874,339,2951,11167,339,0
8527,CONCORDIA BANK&TRUST CO,20251231,NM,1,649501,53574,197598,364382,569340,12371,0,0,585028,64473,64473,13466,3317,12371,33947,3317,0
8531,BANK OF COUSHATTA,20251231,NM,1,318093,2670,138605,137155,245196,45760,0,0,291581,26512,26512,5794,625,45760,39663,625,0
8532,BANK OF ERATH,20251231,NM,1,108941,29586,26557,46042,93904,0,0,0,94616,14325,14325,3546,712,0,6756,712,0
8533,TENSAS STATE BANK,20251231,NM,1,185266,13031,51987,109842,160784,0,1000,0,163338,21928,21928,7806,1554,1000,10406,1554,0
8534,ST LANDRY BANK&TRUST CO,20251231,NM,1,298627,41626,175021,76839,274598,0,0,0,275196,23431,23431,2488,598,0,5141,598,0
8535,FIRST COMMUNITY BANK,20251231,NM,1,89953,26488,20175,38844,79081,0,0,0,79400,10553,10553,1387,319,0,4446,319,0
8536,PROGROWTH BANK,20251231,NM,1,411728,11364,307462,83042,333960,0,54000,0,391501,20227,20227,9114,3541,54000,9860,3541,0
8537,BANKCHEROKEE,20251231,NM,1,408209,18145,93952,281150,337820,0,33000,0,374770,33439,33439,11907,3950,33000,14962,3950,0
8541,STATE BANK OF FAIRMONT,20251231,NM,1,141531,16714,19069,103410,127168,0,0,0,127540,13991,13991,1857,372,0,2338,372,0
8544,UNITED COMMUNITY BANK,20251231,NM,1,354056,20814,95843,209055,321999,0,386,0,325210,28846,28846,7330,2825,386,28344,2825,0
8546,SENTRY BANK,20251231,NM,1,374619,18507,64933,271667,324239,0,13000,0,338406,36213,36213,5164,1167,13000,19512,1167,0
8552,GREAT SOUTHERN BANK,20251231,SM,1,331142,16560,153670,144126,303021,0,0,0,304674,26468,26468,7047,1653,0,16786,1653,0
8560,BANK 21,20251231,NM,1,195906,10803,1974,173548,157850,0,15200,0,174500,21406,21406,5747,1450,15200,9581,1450,0
8564,BANK OF GRAIN VALLEY,20251231,NM,1,107717,17662,21552,67327,83191,0,0,0,83353,24364,24364,390,162,0,1176,162,0
8569,GOPPERT FINANCIAL BANK,20251231,NM,1,296371,35152,61044,183045,254364,0,10465,0,265895,30476,30476,5908,1066,10465,17130,1066,0
8572,CITIZENS BANK OF ROGERSVILLE,20251231,NM,1,126262,11679,17333,90325,104612,0,7300,0,112527,13735,13735,1264,615,7300,6925,615,0
8576,MARIES COUNTY BANK,20251231,NM,1,607148,17753,189244,359358,525938,0,0,0,528678,78470,78470,17863,2740,0,40793,2740,0
8584,BANK OF IBERIA,20251231,SM,1,70425,5422,15964,41677,63205,0,0,0,64171,6254,6254,2539,966,0,7362,966,0
8594,MONTROSE SAVINGS BANK,20251231,NM,1,57377,4096,19531,32896,48002,145,0,0,48365,9012,9012,781,218,145,854,218,0
8595,I3 BANK,20251231,SM,1,218075,5024,29772,169533,172283,0,26563,0,200000,18075,18075,10221,1154,26563,13746,1154,0
8604,FIRST STATE BANK,20251231,NM,1,43682,9026,4849,28628,36792,0,1036,0,38001,5681,5681,1117,173,1036,1179,173,0
8632,CITIZENS STB AT MOHALL,20251231,NM,1,79455,884,18654,58369,65596,4420,0,0,70404,9051,9051,1324,388,4420,1548,388,0
8637,DAKOTA WESTERN BANK,20251231,SM,1,420831,36965,96662,271623,368907,0,7000,0,381067,39764,39764,14116,5160,7000,15581,5160,0
8640,FARMERS&MERCHANTS BANK OF ND,20251231,NM,1,118925,9066,35086,53625,105904,0,0,0,106228,12697,12697,3056,324,0,21148,324,0
8647,FARMERS STATE BANK,20251231,NM,1,190680,9225,37940,122113,172506,0,5006,0,177780,12900,12900,6195,268,5006,21402,268,0
8660,COMMERCIAL BANK&TRUST CO,20251231,NM,1,1089051,87517,326577,613204,985322,0,0,0,994912,94139,94139,39812,9590,0,61753,9590,0
8661,FARMERS BANK,20251231,SM,1,81421,10086,2664,66253,72475,0,0,0,73186,8235,8235,892,711,0,2418,711,0
8663,FIRSTBANK,20251231,SM,1,16265349,942504,1459734,12398719,13932191,99865,29229,0,14289960,1975389,1975296,482970,228675,129094,1464392,228675,0
8668,FARMERS&MERCHANTS BANK,20251231,SM,1,1372297,20882,345339,881626,1250729,0,0,0,1264315,107982,107982,50550,13586,0,124450,13586,0
8672,BLUE GRASS VALLEY BANK,20251231,NM,1,62873,13441,13651,34778,56669,0,0,0,56941,5932,5932,512,272,0,1003,272,0
8681,LAMONT BANK OF ST JOHN,20251231,NM,1,58958,1691,12299,34242,55962,0,100,0,56317,2641,2641,1179,255,100,10726,255,0
8693,BLUFF VIEW BANK,20251231,NM,1,151509,5342,42536,96295,118727,3195,6500,0,129199,22310,22310,4188,777,9695,7336,777,0
8695,BANK OF LAKE MILLS,20251231,NM,1,489021,8474,36369,416816,407499,0,24000,0,434892,54129,54129,20921,3393,24000,27362,3393,0
8698,PORT WASHINGTON STATE BANK,20251231,NM,1,1034482,104816,234998,630872,953737,0,0,0,964446,70036,70036,33289,10709,0,63796,10709,0
8700,WALDO STATE BANK,20251231,NM,1,153376,2699,19004,116393,132047,0,5500,0,138693,14683,14683,6830,1146,5500,15280,1146,0
8714,UNITY BANK,20251231,NM,1,611752,63281,65662,456465,537966,0,17856,0,559397,52355,52355,14476,3575,17856,26344,3575,0
8725,COWBOY STATE BANK,20251231,SM,1,52034,8860,4864,33512,45783,0,0,0,45832,6202,6202,781,49,0,4798,49,0
8728,ARVEST BANK,20251231,SM,1,27788097,1171484,4911044,19552319,24329038,502020,234725,0,25491133,2296964,2296768,715118,357768,736745,2153250,425350,0
8730,GATEWAY BANK,20251231,SM,1,173218,1617,357,155807,154961,0,0,0,155881,17337,17337,2264,920,0,15437,920,0
8735,MERCHANTS&FARMERS BANK,20251231,SM,1,270755,6491,19493,218213,231189,0,10110,0,243006,27749,27749,14173,1707,10110,26558,1707,0
8738,CITIZENS BANK&TRUST CO,20251231,SM,1,551687,66463,151447,307719,488755,0,0,0,490978,60709,60709,20272,2223,0,26058,2223,0
8745,FIRST STB OF MIDDLEBURY,20251231,NM,1,813084,10138,127938,632304,653964,9545,45965,0,719350,93734,93734,31602,9876,55510,42704,9876,0
8751,IOWA STATE SAVINGS BANK,20251231,NM,1,282655,23190,85569,163642,250445,3128,0,0,255481,27174,27174,4546,1908,3128,10254,1908,0
8752,FIRST TRUST&SAVINGS BANK,20251231,NM,1,300105,4679,22317,261300,252914,1600,11785,0,269349,30756,30756,7860,3050,13385,11809,3050,0
8760,FARMERS STATE BANK,20251231,NM,1,151040,8717,26411,110608,131438,0,0,0,132330,18710,18710,4181,892,0,5304,892,0
8761,KERNDT BROTHERS SAVINGS BANK,20251231,NM,1,335274,12809,73710,224941,273436,0,24217,0,299494,35780,35780,14478,1841,24217,23814,1841,0
8762,SACRAMENTO DEPOSIT BANK,20251231,NM,1,146971,3911,41425,92120,134863,0,0,0,136130,10841,10841,4937,1267,0,9515,1267,0
8772,SPRINGFIELD STATE BANK,20251231,SM,1,476666,10083,116726,327941,376449,13255,23954,0,421158,55508,55508,18763,7500,37209,21916,7500,0
8774,CECILIAN BANK,20251231,NM,1,1561197,82147,349404,1046155,1284890,51472,52183,0,1397955,163242,163242,45037,9410,103655,83491,9410,0
8775,BANK OF COLUMBIA,20251231,NM,1,230045,14053,25459,185183,202916,0,6500,0,210486,19559,19559,3349,1070,6500,5350,1070,0
8785,PEOPLES EXCHANGE BANK,20251231,NM,1,614539,36531,48814,492221,530819,4600,16000,0,558061,56478,56478,15933,6642,20600,36973,6642,0
8798,COTTONPORT BANK,20251231,NM,1,564315,41217,142296,359512,488608,0,0,0,490018,74297,74297,6145,1410,0,21290,1410,0
8799,JACKSON PARISH BANK,20251231,NM,1,78349,14144,30670,31851,65924,0,0,0,66098,12251,12251,726,174,0,1684,174,0
8811,HEBRON SAVINGS BANK,20251231,NM,1,813727,72850,80497,618227,700380,0,6395,0,711424,102303,102303,27774,4649,6395,42153,4649,0
8816,QUEENSTOWN BANK OF MARYLAND,20251231,NM,1,714601,104716,125332,450541,635779,0,0,0,640995,73606,73606,26833,5216,0,34012,5216,0
8821,UNITED FARMERS STATE BANK,20251231,NM,1,235329,4487,11981,209993,180896,1362,30145,0,213136,22193,22193,8135,733,31507,8868,733,0
8822,ADRIAN STATE BANK,20251231,NM,1,63686,8731,4583,41345,57246,0,0,0,57462,6224,6224,1110,216,0,9027,216,0
8824,EAGLE BANK,20251231,NM,1,223617,14291,64942,138185,185636,5800,0,0,192510,31107,31107,4633,1074,5800,6199,1074,0
8833,CURRIE STATE BANK,20251231,NM,1,101806,1514,36,94762,89341,0,443,0,90717,11089,11089,4028,933,443,5494,933,0
8840,PEOPLES STATE BANK OF WELLS,20251231,NM,1,62129,11335,7731,40712,55228,0,0,0,55354,6775,6775,750,126,0,2351,126,0
8842,GRAND MARAIS STATE BANK,20251231,SM,1,122930,2593,36218,82171,112791,0,0,0,113211,9719,9719,934,420,0,1948,420,0
8843,AMERICAN HERITAGE NB,20251231,N,1,586606,82702,43461,434191,509356,0,0,0,513792,72814,72814,14836,4436,0,26252,4436,0
8845,FARMERS&MERCHANTS STB APPLET,20251231,NM,1,60411,2011,3648,50597,51064,0,1000,0,52206,8205,8205,3874,142,1000,4155,142,0
8848,CENBANK,20251231,NM,1,87184,4247,33785,46800,80576,0,0,0,80968,6216,6216,961,392,0,2352,392,0
8850,NORTH SHORE BANK OF COMMERCE,20251231,SM,1,582836,49530,53687,437115,493396,0,29600,0,532225,50611,50611,33463,9229,29600,42504,9229,0
8851,PARK STATE BANK,20251231,NM,1,1485132,79471,450615,883899,1218888,0,114970,0,1341522,143610,143610,48909,7664,114970,71147,7664,0
8853,GLENWOOD STATE BANK INC,20251231,NM,1,565766,40847,3853,502631,489766,0,19500,0,511234,54532,54532,8432,1968,19500,18435,1968,0
8857,GROVE BANK,20251231,NM,1,56642,6195,12150,35620,45090,0,4357,0,49610,7032,7032,736,163,4357,2677,163,0
8858,STATE BANK OF CHANDLER,20251231,NM,1,70073,8300,10750,47656,59871,0,1500,0,62566,7507,7507,1303,1195,1500,3367,1195,0
8863,WOODLAND BANK,20251231,NM,1,167898,4859,16760,129762,141735,2173,8000,0,153659,14239,14239,6036,1751,10173,16517,1751,0
8865,HERITAGE BANK MINNESOTA,20251231,NM,1,117519,2152,11829,95983,104861,0,5000,0,110248,7271,7271,3450,387,5000,7555,387,0
8866,MERCHANTS BANK NATIONAL ASSN,20251231,N,1,2898711,241884,438354,2025196,2522900,15043,626,0,2563094,335617,335617,107724,24525,15669,193277,24525,0
8867,ULTIMA BANK MINNESOTA,20251231,NM,1,317207,19069,134,289467,277648,0,961,0,281440,35767,35767,5990,2831,961,8537,2831,0
8870,BANKFIRST FINANCIAL SERVICES,20251231,SM,1,3256725,227457,563469,2175985,2804646,0,0,0,2834484,422241,422241,97193,29838,0,289814,29838,0
8879,COMMUNITY BANK OF MS,20251231,NM,1,5015100,416214,1013295,3306019,4565516,1722,4449,0,4601118,413982,413982,110049,29431,6171,279572,29431,0
8889,MIDWEST REGIONAL BANK,20251231,NM,1,1049767,54982,45869,837907,908950,0,20000,0,938071,111696,111696,21426,9121,20000,111009,9121,0
8892,SULLIVAN BANK,20251231,NM,1,1304809,97461,37212,1110907,1156640,5519,20000,0,1191315,113494,113494,34578,9156,25519,59229,9156,0
8893,AMERICAS COMMUNITY BANK,20251231,NM,1,61756,2836,66,56894,46532,0,9250,0,56214,5542,5542,1039,432,9250,1960,432,0
8896,JONESBURG STATE BANK,20251231,NM,1,139209,23951,8758,103170,122154,0,3000,0,126063,13146,13146,1151,909,3000,3330,909,0
8898,ST JOHNS BANK&TRUST CO,20251231,NM,1,305144,8301,63805,222454,268552,0,0,0,269283,35861,35861,2752,731,0,10584,731,0
8903,PEOPLES BANK&TRUST CO,20251231,SM,1,914428,88631,292765,488070,807940,0,25000,0,837884,76544,76544,28055,4944,25000,44962,4944,0
8904,NODAWAY VALLEY BANK,20251231,NM,1,1538518,45862,395167,1020132,1306020,52076,25000,0,1394992,143526,143526,33331,11033,77076,77357,11896,0
8941,BANK FORWARD,20251231,NM,1,1135353,158495,46045,863496,925563,0,78000,0,1013504,121849,121849,23808,9941,78000,67317,9941,0
8942,STOCK GROWERS BANK,20251231,NM,1,331900,20850,145418,157595,299460,1287,0,0,302573,29327,29327,5795,1826,1287,8037,1826,0
8943,MERCHANTS BANK,20251231,NM,1,269474,25880,43780,191866,238722,0,2007,0,243999,25475,25475,6218,3270,2007,7948,3270,0
8946,KINDRED STATE BANK,20251231,NM,1,42945,9927,5816,21518,38923,0,0,0,38993,3952,3952,451,70,0,5684,70,0
8975,COMMUNITY BANK,20251231,NM,1,111369,7313,9114,92592,100495,0,0,0,100729,10640,10640,1371,234,0,2350,234,0
8980,SECURITY STB OF OKLAHOMA,20251231,NM,1,394838,15007,166793,192318,319858,0,31500,0,352509,42329,42329,7749,1151,31500,20720,1151,0
9005,FIRST STATE BANK OF ROSCOE,20251231,NM,1,146777,12045,29120,72811,125028,0,0,0,126596,20181,20181,4388,1568,0,32801,1568,0
9007,HEARTLAND STATE BANK,20251231,NM,1,154728,6266,25935,115251,124870,2011,12737,0,140670,14058,14058,5895,1052,14748,7276,1052,0
9023,POTOMAC BANK,20251231,NM,1,943040,79625,80905,746612,813138,2451,29872,0,852130,90910,90910,26295,6669,32323,35898,6669,0
9024,CALHOUN COUNTY BANK INC,20251231,NM,1,212950,16545,47850,137602,190632,0,0,0,192244,20706,20706,6782,1612,0,10953,1612,0
9030,HARRISON COUNTY BANK,20251231,NM,1,158337,8875,62074,81071,143844,0,0,0,144478,13859,13859,2067,634,0,6317,634,0
9035,HEADWATERS STATE BANK,20251231,NM,1,117440,12394,18145,78151,98063,0,0,0,98389,19051,19051,921,326,0,8750,326,0
9036,SECURITY STATE BANK,20251231,NM,1,139235,16389,29494,83661,109031,0,1450,0,111449,27786,27786,8180,968,1450,9691,968,0
9037,MOUND CITY BANK,20251231,NM,1,544198,25532,79000,413600,469822,0,5000,0,478780,65418,65418,17463,3958,5000,26066,3958,0
9047,CITIZENS STATE BANK,20251231,NM,1,596307,10842,222181,326448,544023,0,13000,0,560812,35495,35495,23284,3789,13000,36836,3789,0
9057,BANK OF MOUNDVILLE,20251231,NM,1,133546,6578,57738,57108,117018,0,0,0,117380,16166,16166,3417,362,0,12122,362,0
9064,PLANTERS FIRST BANK,20251231,NM,1,453373,45029,72322,308564,408808,0,0,0,411940,41433,41433,17028,3132,0,27458,3132,0
9068,BANK OF DUDLEY,20251231,NM,1,502381,102189,38524,337112,453107,0,0,0,455521,46860,46860,11172,2414,0,24556,2414,0
9069,FARMERS&MERCHANTS BANK,20251231,NM,1,312002,81290,107985,117644,281718,0,0,0,284224,27778,27778,3885,2506,0,5083,2506,0
9070,FIRST BANK OF PIKE,20251231,NM,1,85864,7762,10742,53697,76820,0,0,0,77947,7917,7917,2756,1127,0,13663,1127,0
9079,HARVARD STATE BANK,20251231,NM,1,327808,10235,115679,184372,291117,0,9000,0,301146,26662,26662,9301,1029,9000,17522,1029,0
9080,HOLCOMB BANK,20251231,NM,1,311595,14925,58315,228556,238121,0,50000,0,289974,21621,21621,4838,1853,50000,9799,1853,0
9087,1ST SOURCE BANK,20251231,SM,1,9052654,120798,1522486,6889689,7226078,257161,136409,0,7791003,1261651,1218532,336447,154008,393570,519681,171355,0
9096,ATKINS SAVINGS BANK&TRUST,20251231,NM,1,171978,3922,48212,115465,139231,6112,10000,0,156484,15494,15494,3652,1141,16112,4379,1141,0
9099,SOUTH OTTUMWA SAVINGS BANK,20251231,NM,1,518942,7817,156348,319785,429506,0,12578,0,444646,74296,74296,16930,2562,12578,34992,2562,0
9100,PILOT GROVE SAVINGS BANK,20251231,NM,1,1144270,33273,204715,854197,1010151,0,12000,0,1028640,115630,115630,20282,6489,12000,52085,6489,0
9105,WEST IOWA BANK,20251231,NM,1,169591,2778,67259,93917,131638,4289,5350,0,141911,27680,27680,3956,634,9639,5637,634,0
9106,FARMERS STATE BANK,20251231,NM,1,73122,1855,28841,40820,61704,0,3150,0,65241,7881,7881,1392,387,3150,1606,387,0
9120,ROLETTE STATE BANK,20251231,NM,1,49247,4299,5031,34492,43985,0,0,0,44274,4973,4973,1484,289,0,5425,289,0
9121,STATE BANK OF BOTTINEAU,20251231,NM,1,119525,4334,1039,97321,100423,0,8000,0,109354,10171,10171,5682,931,8000,16831,931,0
9123,WESTERN STATE BANK,20251231,NM,1,2558391,254087,64467,2168483,2193986,0,5358,0,2248694,309697,309697,41176,49350,5358,71354,49350,0
9137,OSGOOD BANK,20251231,NM,1,508523,55141,127623,292164,448275,0,15777,0,469288,39235,39235,21598,5236,15777,33595,5236,0
9139,COML&SVG BK MILLERSBURG OH,20251231,SM,1,1292368,99063,315362,817521,1128690,31517,917,0,1167280,125088,125088,41053,6156,32434,60422,6156,0
9155,COUNTYBANK,20251231,NM,1,729554,64777,234645,395315,637791,32100,0,0,682301,47253,47253,18559,12410,32100,34817,12410,0
9168,WAYNE COUNTY BANK,20251231,SM,1,578524,61141,61961,421090,494633,0,6911,0,504938,73586,73586,22466,3394,6911,34332,3394,0
9172,SECURITY BANK&TRUST CO,20251231,NM,1,1554252,54360,315743,1078173,1314426,0,55633,0,1378690,175562,175562,57159,8631,55633,105976,8631,0
9176,APEX BANK,20251231,NM,1,1374320,71521,29327,1193867,1064007,0,94000,0,1170904,203416,203416,25941,12897,94000,79605,12897,0
9179,UNION BANK&TRUST CO,20251231,NM,1,95594,7408,17338,68712,81462,0,0,0,82096,13498,13498,831,634,0,2136,634,0
9189,BRIGHTON BANK,20251231,NM,1,55405,17314,5087,31711,49546,0,0,0,49892,5513,5513,624,346,0,1293,346,0
9196,HOME BANKING CO,20251231,NM,1,123047,5240,47604,59896,111115,0,0,0,112392,10655,10655,4822,1277,0,10307,1277,0
9204,CENTRAL BANK,20251231,NM,1,2051229,26276,554719,1323650,1682249,40785,0,0,1742532,308697,308697,32214,19498,40785,146584,19498,0
9244,GLENNVILLE BANK,20251231,NM,1,416586,56646,113400,215756,370086,0,0,0,375325,41261,41261,14598,5239,0,30784,5239,0
9245,BANK OF LAFAYETTE GEORGIA,20251231,NM,1,448306,30681,223179,171392,377876,1449,49500,0,430333,17973,17973,15853,1508,50949,23054,1508,0
9259,FARMERS STB OF HOFFMAN,20251231,NM,1,215898,3420,90202,104601,166831,0,26066,0,194540,21358,21358,10866,1643,26066,17675,1643,0
9263,STILLMAN BANCCORP N A,20251231,N,1,625171,49009,276749,284311,554381,5635,10642,0,575571,49600,49600,4753,4913,16277,15102,4913,0
9265,RUSHVILLE STATE BANK,20251231,SM,1,130210,14087,55173,56538,114682,0,0,0,116544,13666,13666,3342,1862,0,4412,1862,0
9273,VILLA GROVE STATE BANK,20251231,NM,1,84122,13063,10989,56261,73375,159,0,0,73739,10383,10383,815,205,159,3809,205,0
9288,FIRST BANK OF BERNE,20251231,SM,1,1092796,32409,242767,777372,969584,7409,40000,0,1021977,70819,70819,30624,4984,47409,40248,4984,0
9295,FARMERS STATE BANK,20251231,SM,1,35896,10783,11793,12722,30754,0,0,0,30870,5026,5026,360,116,0,598,116,0
9298,FARMERS&MERCHANTS SB,20251231,SM,1,593773,11203,135666,427981,514050,0,0,0,517816,75957,75957,11209,3766,0,18923,3766,0
9299,RELIANCE STATE BANK,20251231,NM,1,284908,8185,69826,192008,244414,7879,3000,0,256781,28127,28127,4112,1488,10879,14889,1488,0
9300,READLYN SAVINGS BANK,20251231,NM,1,147914,14130,32686,95805,111655,0,9284,0,121438,26476,26476,2999,499,9284,5293,499,0
9306,CITIZENS BANK,20251231,NM,1,221290,6752,48650,158268,194464,1506,0,0,196524,24766,24766,4257,554,1506,7620,554,0
9309,UNITED SOUTHERN BANK,20251231,SM,1,352220,18130,46649,272979,302483,0,8509,0,311960,40260,40260,8789,968,8509,14462,968,0
9310,COMMERCIAL BANK,20251231,NM,1,217167,8873,40038,151225,180036,13054,0,0,196971,20196,20196,5736,3881,13054,17031,3881,0
9313,PBK BANK INC,20251231,NM,1,170524,27657,37507,100604,146513,0,0,0,146919,23605,23605,2478,406,0,4756,406,0
9315,BANK OF MAYSVILLE,20251231,NM,1,160187,2565,60276,88266,129503,0,2142,0,132350,27837,27837,1103,705,2142,9080,705,0
9319,MERCHANTS&FARMERS B&T CO,20251231,NM,1,533315,75264,165808,266051,479875,0,0,0,482004,51311,51311,7321,2129,0,26192,2129,0
9320,MARION STATE BANK,20251231,NM,1,231237,12607,41610,162382,199239,0,3000,0,203999,27238,27238,4928,1760,3000,14638,1760,0
9322,CROSS KEYS BANK,20251231,NM,1,627030,10159,158950,419088,509333,10957,28598,0,552133,74897,74897,20515,3245,39555,38833,3245,0
9323,BANK OF WINNFIELD&TRUST CO,20251231,NM,1,155037,34463,55273,52966,136026,0,0,0,137672,17365,17365,9929,1646,0,12335,1646,0
9325,JONESBORO STATE BANK,20251231,NM,1,1225143,44357,1003001,87784,1142337,0,0,0,1147410,77733,77733,10017,5073,0,90001,5073,0
9326,WASHINGTON STATE BANK,20251231,NM,1,296071,11389,46392,223502,261653,0,0,0,264227,31844,31844,10202,2574,0,14788,2574,0
9327,FARMERS-MERCHANTS B&T CO,20251231,NM,1,467175,66898,132445,244789,341758,0,0,64017,406608,60567,60567,15862,833,64017,23043,833,0
9328,PEOPLES BANK,20251231,NM,1,86850,11228,1768,66349,73761,0,0,0,74250,12600,12600,2973,489,0,7505,489,0
9330,FIRST STB OF LE CENTER,20251231,NM,1,113779,7945,21770,74586,95939,5000,0,0,101829,11950,11950,2401,890,5000,9478,890,0
9332,BANK OF MAPLE PLAIN,20251231,NM,1,85096,1195,39093,40851,74474,0,0,0,75597,9499,9499,1735,1123,0,3957,1123,0
9336,BATTLE BANK NATIONAL ASSN,20251231,N,1,118567,20358,49478,4438,44069,0,0,0,45027,73540,73540,1355,958,0,44293,958,0
9337,CITIZENS STB OF WAVERLY INC,20251231,NM,1,117590,12851,38580,59406,106879,0,0,0,107304,10286,10286,2446,425,0,6753,425,0
9340,FARMERS&MERCHANTS STB NY MIL,20251231,NM,1,78514,3300,39123,32762,70596,50,0,0,71409,7105,7105,2675,763,50,3329,763,0
9349,FIRST STATE BANK OF FOUNTAIN,20251231,NM,1,39646,2049,20729,11187,37124,0,0,0,37249,2397,2397,2605,125,0,5681,125,0
9351,STATE BANK OF LAKE PARK,20251231,NM,1,46223,2635,17407,25468,41754,75,0,0,41963,4260,4260,529,134,75,713,134,0
9354,FARMERS STB OF HOFFMAN,20251231,NM,1,34514,3873,10800,15761,30483,0,0,0,30641,3873,3873,516,158,0,4080,158,0
9356,COMMERCIAL BANK,20251231,NM,1,278104,12707,98502,149586,251733,0,7000,0,260678,17426,17426,12404,1945,7000,17309,1945,0
9359,BANK OF COMMERCE,20251231,NM,1,1122434,198279,248477,597171,990533,0,0,0,997328,125106,125106,38212,6795,0,78507,6795,0
9366,PEOPLES BANK,20251231,NM,1,484585,14146,45122,386561,402164,0,25816,0,428793,55792,55792,12085,813,25816,38756,813,0
9369,BANK OF ADVANCE,20251231,SM,1,526365,39971,67877,395376,458756,0,5000,0,465347,61018,61018,16040,1591,5000,23141,1591,0
9378,F&C BANK,20251231,NM,1,467321,19239,22242,402160,408096,0,7500,0,418896,48425,48425,17054,3300,7500,23680,3300,0
9385,BANK OF BROOKFIELD PURDIN NA,20251231,N,1,112324,8891,71065,23011,97164,2524,0,0,99981,12343,12343,1465,293,2524,9357,293,0
9388,CORNER STONE BANK,20251231,NM,1,202935,11606,27112,158869,176144,2000,0,0,178542,24393,24393,2390,398,2000,5348,398,0
9392,BANK OF GRANDIN,20251231,NM,1,234655,12264,66650,148607,200193,0,0,0,201431,33224,33224,3090,1238,0,7134,1238,0
9396,VALLEY NATIONAL BANK,20251231,N,1,64061947,1565581,7731458,49579566,52309907,91475,2464442,0,55874478,8187469,8185196,2555221,990623,2555917,5185342,1008654,0
9406,BANK OF CATTARAUGUS,20251231,SM,1,27289,1977,7027,16767,23918,0,0,0,23964,3325,3325,362,46,0,1518,46,0
9410,TIOGA STB NA,20251231,N,1,608515,33506,159979,375934,523810,0,14496,0,544863,63652,63652,30202,6557,14496,39096,6557,0
9417,GRANT COUNTY STATE BANK,20251231,NM,1,46972,4923,0,23246,40618,0,0,0,40652,6320,6320,653,34,0,18803,34,0
9420,UNION BANK,20251231,NM,1,327171,5816,100027,201842,277321,0,19000,0,298151,29020,29020,10709,1830,19000,19486,1830,0
9422,CITIZENS STB OF LANKIN,20251231,NM,1,72205,1428,15709,51074,61314,415,4000,0,65912,6293,6293,3484,183,4415,3994,183,0
9423,CHOICE FINANCIAL GROUP,20251231,NM,1,5954318,325227,2177206,3142065,5131463,2000,75009,0,5271143,683175,683175,213131,62671,77009,309820,62671,0
9437,FIRST STATE BANK,20251231,NM,1,1151176,65706,471982,556517,1040353,0,1069,0,1049924,101252,101252,32310,8502,1069,56971,8502,0
9438,MT VICTORY STATE BANK,20251231,NM,1,21868,4204,2649,13573,19614,0,0,0,19626,2242,2242,402,12,0,1442,12,0
9439,PEOPLES SAVINGS BANK,20251231,NM,1,67808,2522,26158,33830,59515,0,0,0,59576,8232,8232,2328,61,0,5298,61,0
9450,FIRST BANK OF OHIO,20251231,NM,1,298680,3697,48264,199384,199111,0,0,0,201047,97633,97633,19527,1936,0,47335,1936,0
9457,NORTH SIDE BANK&TRUST CO,20251231,SM,1,1180148,156462,247773,736851,987697,85707,0,0,1078300,101848,101848,34008,4896,85707,39062,4896,0
9462,FARMERS&MERCHANTS BANK,20251231,NM,1,354811,2261,48172,282562,303425,0,12300,0,317224,37587,37587,8954,1499,12300,21816,1499,0
9463,UNIFIED BANK,20251231,NM,1,851705,46381,234205,487110,657198,29403,75000,0,777843,73862,73862,46964,16242,104403,84009,16242,0
9465,ALVA STATE BANK&TRUST CO,20251231,SM,1,630816,31440,234647,326299,528720,22700,1773,0,554394,76422,76422,36174,1201,24473,38430,1201,0
9467,VALOR BANK,20251231,NM,1,286582,31701,0,248572,244203,0,15693,0,261365,25217,25217,3049,1469,15693,6309,1469,0
9472,WELCH STB OF WELCH OKLA,20251231,NM,1,433974,10783,96320,300078,370140,1679,19500,0,392870,41104,41104,16456,1551,21179,26793,1551,0
9486,CLACKAMAS COUNTY BANK,20251231,NM,1,264025,38630,70217,145264,226510,5893,0,0,232760,31265,31265,1329,357,5893,9914,357,0
9489,PEOPLES BANK,20251231,SM,1,410719,35975,24476,302798,357075,0,35,0,359252,51467,51467,15512,2142,35,47470,2142,0
9499,THREAD BANK,20251231,NM,1,953615,123516,363802,364618,845555,0,0,0,860120,93495,93495,47987,14565,0,101679,14565,0
9502,MOVEMENT BANK,20251231,NM,1,154051,16767,13458,114737,109725,0,25000,0,136309,17742,17742,6212,1584,25000,9089,1584,0
9507,BANK OF MARION,20251231,SM,1,613864,16989,138293,414052,547774,1502,7000,0,559621,54243,54243,37404,3345,8502,44530,3345,0
9517,CLEVELAND STATE BANK,20251231,NM,1,231615,7998,56065,155582,200018,0,11150,0,212930,18685,18685,7970,1762,11150,11970,1762,0
9523,BRISTOL MORGAN BANK,20251231,SM,1,191749,4732,16697,156117,149871,0,21500,0,172779,18970,18970,5000,1408,21500,14203,1408,0
9526,PINERIES BANK,20251231,NM,1,149080,41269,5922,94279,131252,0,0,0,132715,16365,16365,4140,1463,0,7610,1463,0
9529,STATE BANK OF NEWBURG,20251231,NM,1,331793,18474,19790,275436,262812,0,14000,0,278882,52911,52911,8901,2070,14000,18093,2070,0
9536,COMMUNITY STATE BANK,20251231,NM,1,639346,12904,186158,329311,593782,0,0,0,599604,39742,39742,18847,5822,0,110973,5822,0
9614,LOCAL BANK,20251231,NM,1,109703,19163,2708,80619,84747,0,4308,0,91811,17892,17892,2389,2756,4308,7213,2756,0
9615,SWEET WATER STATE BANK,20251231,NM,1,154084,7259,33297,74898,138150,0,0,0,140419,13665,13665,5592,2269,0,38630,2269,0
9620,FIRST BANK,20251231,NM,1,815467,68572,222032,477398,733421,0,0,0,738018,77449,77449,21990,4597,0,47465,4597,0
9622,CAPITAL CITY BANK,20251231,SM,1,4383270,529971,1013271,2536812,3755780,22018,55686,0,3865476,517794,517794,105565,31992,77704,303216,31992,0
9631,ALLIANCE COMMUNITY BANK,20251231,NM,1,404883,21052,106088,250174,358186,0,8960,0,370407,34476,34476,15402,3261,8960,27569,3261,0
9632,FORTRESS BANK,20251231,NM,1,839333,52921,83320,645698,699944,538,39300,0,756508,82825,82825,32370,16726,39838,57394,16726,0
9647,CITIZENS BANK,20251231,NM,1,696309,38450,183224,454073,627356,0,0,0,630146,66163,66163,6934,2790,0,20562,2790,0
9658,CITIZENS STB OF CHENEY KS,20251231,NM,1,88056,8786,17690,58997,80303,0,0,0,80474,7582,7582,2104,171,0,2583,171,0
9659,STATE BANK OF DOWNS,20251231,NM,1,140343,4453,9740,84439,119640,0,1000,0,121069,19274,19274,2228,429,1000,41711,429,0
9661,BANK OF HOLYROOD,20251231,SM,1,64627,2120,16917,39569,53790,0,0,0,53998,10629,10629,782,208,0,6021,208,0
9665,KAW VALLEY BANK,20251231,NM,1,322348,17977,21528,253098,271104,8319,0,0,282797,39551,39551,11844,3374,8319,29745,3374,0
9669,FREDONIA VALLEY BANK,20251231,NM,1,115674,11059,23412,71753,101117,0,2533,0,104165,11509,11509,5719,515,2533,9450,515,0
9672,OWINGSVILLE BANKING CO,20251231,NM,1,101337,4197,13112,75224,88225,0,2744,0,92274,9063,9063,4526,1305,2744,8804,1305,0
9678,EDMONTON STATE BANK,20251231,NM,1,1137917,153802,64230,867609,984428,1467,6765,0,1005630,132287,132287,9664,12970,8232,52276,12970,0
9712,ROCKLAND TRUST CO,20251231,NM,1,24909975,772944,3304855,18349809,20256765,0,416549,0,21034318,3875657,3875657,672996,301442,416549,2482367,361004,0
9719,OXFORD BANK,20251231,SM,1,1088968,264741,116353,653245,965146,114,0,0,975421,113547,111825,30186,10161,114,54629,10161,0
9727,CONCORDE BANK,20251231,NM,1,87191,16180,3607,65736,78018,0,0,0,78450,8741,8741,880,432,0,1668,432,0
9728,FIRST SECURITY BANK,20251231,NM,1,154251,6090,25231,118311,117051,25550,0,0,143095,11156,11156,3422,494,25550,4619,494,0
9733,VANTAGE BANK,20251231,NM,1,76251,1035,51,71722,68348,350,0,0,69219,7032,7032,1495,521,350,3443,521,0
9735,STATE BANK OF NEW RICHLAND,20251231,NM,1,126128,3273,7331,111463,84511,0,28700,0,114855,11273,11273,3843,1644,28700,4061,1644,0
9737,MIDWEST BANK,20251231,NM,1,892840,18077,56745,792240,752502,24500,20000,0,804130,88710,88710,19243,7128,44500,25778,7128,0
9745,HOME STATE BANK,20251231,NM,1,208596,9346,71310,118263,182929,7615,0,0,192213,16383,16383,6528,1669,7615,9677,1669,0
9746,NORTHWESTERN BANK NA,20251231,N,1,168823,18576,21838,120553,148146,0,0,0,150672,18151,18151,2360,2526,0,7856,2526,0
9747,VERGAS STATE BANK,20251231,NM,1,58729,10967,11650,34169,49920,0,0,0,50165,8564,8564,512,245,0,1943,245,0
9751,21ST CENTURY BANK,20251231,NM,1,875946,7576,193613,654987,658596,0,122000,0,788707,87239,87239,14124,8111,122000,19770,8111,0
9752,MARSHALL COUNTY STATE BANK,20251231,NM,1,44062,8058,21960,13665,36993,0,0,0,37154,6908,6908,218,161,0,379,161,0
9760,COMMUNITY BANK MANKATO,20251231,NM,1,542715,11610,26779,476804,471363,6698,11000,0,492797,49918,49918,5527,3736,17698,27522,3736,0
9769,FIRST STB OF ROSEMOUNT,20251231,NM,1,151579,3280,27602,107224,144075,0,0,0,144950,6629,6629,2661,875,0,13473,875,0
9770,FIRST STATE BANK SOUTHWEST,20251231,SM,1,396845,10674,144143,220037,336840,29290,0,0,369145,27700,27700,13985,3015,29290,21991,3015,0
9773,SECURITY STB OF WARROAD,20251231,NM,1,141722,9990,52380,64903,124124,0,0,0,124702,17020,17020,9235,578,0,14449,578,0
9775,BANK OF KILMICHAEL,20251231,SM,1,328913,17474,103325,193682,299938,0,8144,0,310457,18456,18456,7993,2375,8144,14432,2375,0
9777,CITIZENS BANK&TRUST CO,20251231,NM,1,101243,19885,9431,62204,86228,0,163,0,87464,13779,13779,9198,1073,163,9723,1073,0
9788,BLOOMSDALE BANK,20251231,NM,1,372554,4612,93827,252591,341849,0,0,0,342871,29683,29683,2689,1022,0,21524,1022,0
9791,COMMERCIAL TR CO OF FAYETTE,20251231,NM,1,150189,32799,8447,105519,132110,0,2000,0,134201,15988,15988,2170,91,2000,3424,91,0
9794,KEARNEY TRUST CO,20251231,NM,1,316038,38928,104683,168359,279128,0,0,0,281781,34257,34257,2772,2653,0,4068,2653,0
9797,M1 BANK,20251231,NM,1,1196604,147894,30764,919280,1070420,0,0,0,1080023,116581,116581,23602,9603,0,98666,9603,0
9803,BANK OF ODESSA,20251231,NM,1,649834,98988,75524,457143,545558,0,10000,0,559017,90817,90817,11637,3459,10000,18179,3459,0
9812,ADAMS STATE BANK,20251231,NM,1,69569,2734,13461,50985,50681,0,7900,0,58761,10808,10808,1766,180,7900,2389,180,0
9818,PLATTE VALLEY BANK,20251231,NM,1,104961,13248,35526,53986,88390,0,1865,0,91774,13187,13187,2039,1519,1865,2201,1519,0
9819,NEBRASKA STATE BANK,20251231,NM,1,71365,4579,1502,51950,57705,0,0,0,58413,12952,12952,2557,708,0,13334,708,0
9822,STATE BANK OF TABLE ROCK,20251231,NM,1,142850,6024,1615,126282,112766,0,15561,0,128874,13976,13976,7846,547,15561,8929,547,0
9831,ALDEN STATE BANK,20251231,SM,1,447921,48997,72312,296952,377561,0,0,0,380124,67797,67797,18693,2563,0,29660,2563,0
9846,TRUIST BANK,20251231,NM,1,539519000,36256000,112336000,325296000,409427000,2250000,48668000,3553000,476296000,63223000,63223000,25148000,9842000,54471000,65631000,12398000,0
9871,ST HENRY BANK,20251231,SM,1,543685,54130,144358,252736,491268,0,14,0,494942,48743,48743,15496,3660,14,92461,3660,0
9875,BANK360,20251231,NM,1,63307,653,1232,51003,55085,0,900,0,57713,5594,5594,1163,1728,900,10419,1728,0
9879,FIRST STATE BANK,20251231,NM,1,52493,2892,25149,17402,47743,0,0,0,47808,4685,4685,1154,65,0,7050,65,0
9881,SECURITY BANK&TRUST CO,20251231,NM,1,152189,10268,13106,120783,131245,0,8062,0,140071,12118,12118,5415,764,8062,8032,764,0
9888,DIME BANK,20251231,NM,1,1162379,53194,228309,810980,980758,0,42805,0,1040647,121732,121732,50163,17084,42805,69896,17084,0
9889,MID PENN BANK,20251231,NM,1,6116848,97910,769018,4830415,5220516,20833,23139,0,5322486,794362,794362,203473,57998,43972,419505,57998,0
9923,ANDERSON BROTHERS BANK,20251231,NM,1,2207970,166922,191318,1739672,1946455,25000,25000,0,2011421,196549,196549,63278,14966,50000,110058,14966,0
9932,COMMERCIAL STB OF WAGNER,20251231,NM,1,255446,4742,85942,156458,211518,0,15498,0,227870,27576,27576,7049,854,15498,8304,854,0
9935,RIVERS EDGE BANK,20251231,NM,1,337276,6564,62320,254619,272616,6701,25370,0,305944,31332,31332,6431,1257,32071,13773,1257,0
9963,F&M BANK,20251231,NM,1,1549080,108823,152890,1143295,1366308,0,4807,0,1388711,160369,157040,30115,17596,4807,144072,17596,0
9967,AMERICAN STATE BANK,20251231,SM,1,672666,124023,19714,478447,555828,0,35000,0,596013,76653,76653,26342,5185,35000,50482,5185,0
9978,FIRST STATE BANK OF UVALDE,20251231,NM,1,1788521,427244,643191,663633,1573084,0,0,0,1584485,204036,204036,46074,11401,0,54453,11401,0
9986,FARMERS&MERCHANTS BK CRAIG C,20251231,SM,1,92762,3216,27527,59543,76828,0,0,0,77162,15600,15600,655,334,0,2476,334,0
9997,JEFFERSON SECURITY BANK,20251231,NM,1,562182,30808,104252,401786,519123,0,2083,0,525637,36545,36545,20769,4431,2083,25336,4431,0
9998,CAPON VALLEY BANK,20251231,NM,1,236765,12715,35468,172806,211644,0,0,0,214628,22137,22137,8890,2984,0,15776,2984,0
10004,ERGO BANK,20251231,NM,1,261034,8382,36088,203401,219564,3244,10000,0,235140,25894,25894,5727,2332,13244,13163,2332,0
10011,WOODFORD STATE BANK,20251231,NM,1,509049,6797,96884,380040,390422,12263,71726,0,475872,33177,33177,14230,1461,83989,25328,1461,0
10012,PORTAGE COUNTY BANK,20251231,NM,1,215689,19209,63837,123098,180130,0,8850,0,189648,26041,26041,6652,668,8850,9545,668,0
10015,SECURITY BANK,20251231,NM,1,231630,7590,4218,205353,196238,0,7000,0,204209,27421,27421,3432,971,7000,14469,971,0
10044,NATIONAL EXCHANGE BANK&TRUST,20251231,N,1,2920038,91844,1050810,1662185,2301942,27329,7942,0,2365918,554120,554120,100443,28705,35271,115199,28705,0
10055,FIRST SOUTHERN BANK,20251231,NM,1,327683,13076,65418,229327,288457,0,7000,0,296834,30849,30849,9282,1377,7000,19862,1377,0
10057,BANK OF HANCOCK COUNTY,20251231,NM,1,86116,17422,47217,18789,72350,0,0,0,72477,13639,13639,2405,127,0,2688,127,0
10072,PLANTERS&CITIZENS BANK,20251231,NM,1,145425,16938,34703,76985,123552,0,9215,0,133730,11695,11695,5228,963,9215,16799,963,0
10074,APEX BANKING CO OF GEORGIA,20251231,NM,1,76580,2106,18449,36989,70659,0,0,0,70764,5816,5816,1251,105,0,19036,105,0
10075,PEOPLES STATE BANK OF COLFAX,20251231,NM,1,46921,11517,14912,19843,41204,0,222,0,41613,5308,5308,422,187,222,649,187,0
10077,FARMERS STATE BANK OF EMDEN,20251231,NM,1,37148,1997,21348,13129,25938,0,0,0,26120,11028,11028,367,182,0,674,182,0
10101,NAPOLEON STATE BANK,20251231,NM,1,483356,45267,78871,338424,427004,0,0,0,430941,52415,52415,12359,3937,0,20794,3937,0
10111,OHNWARD BANK&TRUST,20251231,NM,1,481985,13588,80844,363819,403770,2971,11014,0,423842,58143,58143,16688,6087,13985,23734,6087,0
10118,LEIGHTON STATE BANK,20251231,NM,1,290870,4357,53676,211187,246685,0,9470,0,258275,32595,32595,4484,2120,9470,21650,2120,0
10120,AMERICAN TRUST&SAVINGS BANK,20251231,NM,1,30950,3074,19307,5870,26072,0,0,0,27231,3719,3719,888,1159,0,2699,1159,0
10121,LIBERTY TRUST&SAVINGS BANK,20251231,NM,1,181110,12066,50875,107024,145762,0,0,0,146504,34606,34606,6181,742,0,11145,742,0
10122,FARMERS SAVINGS BANK&TRUST,20251231,NM,1,212505,3195,84095,114658,192614,3191,0,0,197582,14923,14923,8966,1777,3191,10557,1777,0
10125,CITIZENS SAVINGS BANK,20251231,NM,1,159742,9024,74730,70862,144430,1909,0,0,147411,12331,12331,4135,1072,1909,5126,1072,0
10127,SUCCESS BANK,20251231,NM,1,269686,10403,32586,213412,224411,0,10013,0,237100,32586,32586,8571,2676,10013,13285,2676,0
10132,EXCHANGE STATE BANK,20251231,NM,1,146278,7138,12139,123645,115847,2277,13000,0,131799,14479,14479,3035,675,15277,3356,675,0
10137,COMMERCIAL BANK OF GRAYSON,20251231,NM,1,244877,16512,76207,147015,217012,1165,0,0,218822,26055,26055,2356,645,1165,5143,645,0
10145,HART COUNTY BANK&TRUST CO,20251231,NM,1,23377,3524,987,17889,15627,0,0,0,15951,7426,7426,368,324,0,977,324,0
10157,SHELBY STATE BANK,20251231,NM,1,385777,24931,125610,213815,337346,14618,0,0,354141,31636,31636,10571,2177,14618,21421,2177,0
10159,FIRST STATE BANK&TRUST,20251231,NM,1,473210,68919,85144,298547,430370,0,0,0,434406,38804,38804,6845,4036,0,20600,4036,0
10160,VERSABANK USA NATIONAL ASSN,20251231,N,1,747739,186284,161007,387562,531541,0,0,0,565084,182655,182655,10799,33543,0,12886,33543,0
10162,FIRST STATE BANK MINNESOTA,20251231,NM,1,109350,8207,6991,80038,96343,0,1078,0,97775,11575,11575,2661,354,1078,14114,354,0
10163,SECURITY STB OF MARINE,20251231,NM,1,232117,31919,25977,172431,205760,0,0,0,206665,25452,25452,901,905,0,1790,905,0
10165,FARMERS&MERCHANTS STB PIERZ,20251231,NM,1,342395,16537,102420,210739,314130,0,0,0,315684,26711,26711,9651,1554,0,12699,1554,0
10167,CITIZENS STB OF ROSEAU,20251231,NM,1,286519,3922,115470,161450,251314,0,0,0,252667,33852,33852,4805,1353,0,5677,1353,0
10168,FIRST FARMERS&MERCHANTS BANK,20251231,NM,1,490474,44619,143365,290855,441770,0,1106,0,444754,45720,45720,5305,1878,1106,11635,1878,0
10169,SHERBURNE STATE BANK,20251231,NM,1,337420,3884,35737,261208,278896,0,28000,0,308640,28780,28780,8267,1744,28000,36591,1744,0
10174,FARMERS STB OF UNDERWOOD,20251231,NM,1,113514,11204,12433,85448,99727,4004,400,0,104712,8802,8802,3062,581,4404,4429,581,0
10175,SECURITY STB OF HIBBING,20251231,NM,1,151305,8487,42404,93119,136180,0,0,0,137146,14159,14159,5807,966,0,7295,966,0
10178,PRODUCE STATE BANK,20251231,NM,1,113586,6601,42758,57169,101054,0,0,0,101467,12119,12119,1113,413,0,7058,413,0
10185,ELYSIAN BANK,20251231,NM,1,76548,14015,3573,54934,67207,0,0,0,67480,9068,9068,1942,273,0,4026,273,0
10187,NORTHERN STB OF GONVICK,20251231,NM,1,54598,7980,28732,17501,46388,0,0,0,46621,7977,7977,358,233,0,385,233,0
10191,PRINSBANK,20251231,NM,1,210104,52913,15197,136937,181308,0,0,0,185441,24663,24663,2243,4133,0,5057,4133,0
10194,PINE RIVER STATE BANK,20251231,NM,1,188292,22794,58100,98882,172496,0,0,0,172932,15360,15360,1726,436,0,8516,436,0
10197,HOMETOWN COMMUNITY BANK,20251231,NM,1,105034,5420,10388,86773,94392,0,1025,0,96107,8927,8927,1163,690,1025,2453,690,0
10200,STATE BANK OF JEFFERS,20251231,NM,1,37682,800,11875,19747,32337,0,0,0,32643,5039,5039,748,306,0,5260,306,0
10202,LOWRY STATE BANK,20251231,NM,1,87633,5864,506,78727,71758,0,7500,0,79536,8097,8097,1406,278,7500,2536,278,0
10212,COMMERCE BANK,20251231,NM,1,229767,7083,25104,192773,165086,0,34628,0,201047,28720,28720,4085,1333,34628,4807,1333,0
10214,VERMILLION STATE BANK,20251231,NM,1,931245,70039,434252,408493,808694,0,0,0,812029,119216,119216,13922,3335,0,18461,3335,0
10218,CITIZENS BANK&TRUST CO,20251231,NM,1,322185,4479,130954,162636,293543,0,10975,0,306095,16090,16090,7532,1577,10975,24116,1577,0
10236,GOOSE RIVER BANK,20251231,NM,1,178390,9024,20893,128063,152505,0,5000,0,158721,19669,19669,6510,1216,5000,20410,1216,0
10243,FIRST STATE BANK OF GOLVA,20251231,NM,1,116970,4069,43529,45745,108508,0,0,0,108867,8103,8103,1198,359,0,23627,359,0
10248,FIRST INTERNATIONAL B&T,20251231,NM,1,6161111,591040,597552,4677738,5455407,0,145000,0,5650185,510926,510926,120836,48241,145000,294781,49778,0
10250,PEOPLES STATE BANK OF VELVA,20251231,NM,1,189075,2844,39693,137574,165951,0,4500,0,171750,17325,17325,4551,1299,4500,8964,1299,0
10253,FIRST SECURITY BANK WEST,20251231,NM,1,70374,14215,22171,29930,61956,0,0,0,62047,8327,8327,1287,91,0,4058,91,0
10255,OLD FORT BANKING CO,20251231,NM,1,845174,32449,314135,478086,781594,0,0,0,786657,58517,58517,11950,5063,0,20504,5063,0
10266,CITIZENS BANK CO,20251231,NM,1,331106,7462,117107,185619,289092,0,0,0,291394,39712,39712,14038,2302,0,20918,2302,0
10280,FARMERS&MERCHANTS BANK,20251231,NM,1,133594,9301,37487,79337,114211,0,0,0,114411,19183,19183,5842,200,0,7469,200,0
10307,BUILTWELL BANK,20251231,NM,1,2304592,400798,217357,1541269,2031095,693,0,0,2051335,253257,253257,43839,19547,693,145168,19547,0
10308,BANK OF FAYETTE COUNTY,20251231,SM,1,1095717,82888,77102,888187,947061,0,37698,0,995140,100577,100577,23122,10381,37698,47540,10381,0
10315,BANK OF HALLS,20251231,SM,1,139498,28454,43275,56264,128025,0,0,0,129126,10372,10372,5348,1101,0,11505,1101,0
10317,CITIZENS B&T GRAINGER CNTY,20251231,NM,1,272647,16377,130086,112040,242087,0,0,0,243310,29337,29337,11937,1223,0,14144,1223,0
10319,CITIZENS SAVINGS B&T CO,20251231,NM,1,183222,15542,6829,157170,164799,0,0,0,165820,17402,17402,2693,1021,0,3681,1021,0
10327,CITIZENS STB OF LULING,20251231,NM,1,63133,4177,6479,50931,51409,0,0,0,51551,11582,11582,981,142,0,1546,142,0
10330,COMMERCIAL STATE BANK,20251231,NM,1,120357,10819,60287,42946,107794,0,0,0,108209,12148,12148,3726,415,0,6305,415,0
10344,SCHERTZ BANK&TRUST,20251231,NM,1,770199,95441,36196,609279,658082,0,0,0,663734,106465,106465,19702,5652,0,29283,5652,0
10345,PEOPLES STATE BANK,20251231,NM,1,187410,17222,64764,96056,162846,0,9000,0,172333,15077,15077,7020,487,9000,9368,487,0
10352,CROWELL STATE BANK,20251231,SM,1,54503,11048,12870,27918,48378,0,0,0,48821,5682,5682,2210,443,0,2667,443,0
10363,CITIZENS&FARMERS BANK,20251231,NM,1,2744329,79917,464203,2054288,2354756,0,47842,0,2429391,314938,314343,70026,26793,47842,145921,26793,0
10374,BANNER BANKS,20251231,NM,1,133257,73371,16039,27632,116093,0,0,0,116295,16962,16962,489,202,0,16215,202,0
10378,BANK OF NEW GLARUS,20251231,NM,1,813336,10387,129682,610149,635934,3849,89124,0,735033,78303,78303,25106,6126,92973,63118,6126,0
10380,OOSTBURG STATE BANK,20251231,NM,1,433545,3027,86788,298681,383126,0,0,0,388721,44824,44824,10145,5595,0,45049,5595,0
10382,FARMERS&MERCHANTS BANK&TRUST,20251231,NM,1,174001,6027,44646,117977,146524,394,10000,0,157922,16079,16079,3321,1004,10394,5351,1004,0
10383,STATE BANK FINANCIAL,20251231,SM,1,519820,40320,124536,325895,406657,15753,40000,0,473014,46806,46806,21691,10604,55753,29069,10604,0
10384,WAUMANDEE STATE BANK,20251231,NM,1,350581,22181,50312,259141,300266,0,9500,0,312218,38363,38363,4257,2452,9500,18947,2452,0
10407,FARMERS STATE BANK OF BRUSH,20251231,NM,1,113355,4419,38872,62658,90090,0,709,0,91184,22171,22171,2006,385,709,7406,385,0
10434,STATE BANK OF GRAYMONT,20251231,NM,1,323043,7545,96992,185349,282111,0,2400,0,286837,36206,36206,6981,2326,2400,33157,2326,0
10437,FIRST STATE BANK OF OLMSTED,20251231,NM,1,77527,4898,20970,47994,67847,0,0,0,68197,9330,9330,1009,350,0,3665,350,0
10438,RARITAN STATE BANK,20251231,NM,1,249367,6490,47208,180144,220052,0,0,0,221597,27770,27770,4041,1545,0,15525,1545,0
10446,FREDERICK COMMUNITY BANK THE,20251231,NM,1,195909,18830,70581,99394,174681,0,0,0,175292,20617,20617,6324,611,0,7104,611,0
10458,FARMERS STATE BANK&TRUST CO,20251231,NM,1,134146,10826,25074,90867,122000,0,0,0,123391,10755,10755,4580,1391,0,7379,1391,0
10460,TOWN&COUNTRY BANK MIDWEST,20251231,NM,1,283670,52620,27229,196245,243066,0,0,0,243666,40004,40004,2682,600,0,7576,600,0
10463,MIDDLETOWN STATE BANK,20251231,NM,1,45698,4507,4750,32417,38243,0,1300,0,39894,5804,5804,690,351,1300,4024,351,0
10464,FEDERATED BANK,20251231,NM,1,134806,8091,30655,80792,113985,0,0,0,115120,19686,19686,1408,1135,0,15268,1135,0
10467,GIFFORD STATE BANK,20251231,NM,1,189640,23469,16445,139116,161818,0,0,0,163606,26034,26034,5498,1788,0,10610,1788,0
10469,FARMERS&MERCHANTS BK HUTSONV,20251231,NM,1,52395,7367,5900,35718,43072,0,0,0,43124,9271,9271,2750,52,0,3410,52,0
10471,CAMP GROVE STATE BANK,20251231,SM,1,57559,5006,33291,15382,42086,0,9020,0,51291,6268,6268,3068,185,9020,3880,185,0
10473,IPAVA STATE BANK,20251231,NM,1,217954,22298,43708,144040,176485,0,22000,0,198999,18955,18955,3050,514,22000,7908,514,0
10474,CITIZENS STATE BANK,20251231,NM,1,497871,55229,115727,292979,447671,0,1312,0,451072,46799,46799,9885,2089,1312,33936,2089,0
10492,FARMERS&MERCHANTS SB,20251231,NM,1,123102,1586,34805,78174,101740,0,3500,0,105991,17111,17111,4592,751,3500,8537,751,0
10494,MOUNT VERNON BANK&TRUST CO,20251231,NM,1,186242,4868,41252,134385,153596,0,9920,0,164519,21723,21723,4238,1003,9920,5737,1003,0
10497,IOWA STATE BANK,20251231,NM,1,204578,6062,29618,163336,179392,0,0,0,180460,24118,24118,3078,1068,0,5562,1068,0
10500,FARMERS SAVINGS BANK,20251231,NM,1,135691,11888,27717,88168,112737,0,8000,0,121359,14332,14332,4117,622,8000,7918,622,0
10503,FIRST STATE BANK,20251231,SM,1,84259,2498,40265,33142,74316,0,0,0,74745,9514,9514,2191,429,0,8354,429,0
10505,KANSAS STATE BANK,20251231,NM,1,211716,13089,95265,78578,192042,1140,0,0,194227,17489,17489,2365,1045,1140,24784,1045,0
10520,CITIZENS BANK,20251231,NM,1,231958,28943,44129,145795,176530,36999,0,0,213899,18059,18059,2602,370,36999,13091,370,0
10523,BANK OF COMMERCE&TRUST CO,20251231,NM,1,395907,50286,225477,102243,353798,6250,0,0,363781,32126,32126,8591,3733,6250,17901,3733,0
10528,EXCHANGE B&T NATCHITOCHES LA,20251231,NM,1,188549,11489,75675,98386,169065,0,0,0,169618,18931,18931,2087,553,0,2999,553,0
10531,CITIZENS PROGRESSIVE BANK,20251231,NM,1,255150,34758,10569,188307,222783,0,0,0,224566,30584,30584,7232,1783,0,21516,1783,0
10532,CLB THE COMMUNITY BANK,20251231,NM,1,328148,44377,58987,211526,292123,0,0,0,293138,35010,35010,4738,1015,0,13258,1015,0
10533,WINNSBORO STATE B&T CO,20251231,NM,1,397020,25651,44773,306080,340819,0,10000,0,354023,42997,42997,8917,3204,10000,20516,3204,0
10561,ARCADIAN BANK,20251231,NM,1,236982,2066,39204,181323,200356,0,7500,0,208822,28160,28160,7719,966,7500,14389,966,0
10567,UNITED MINNESOTA BANK,20251231,NM,1,52447,6699,4772,39490,48136,0,0,0,48334,4113,4113,1239,198,0,1486,198,0
10571,FARMERS&MERCHANTS STB ALPHA,20251231,NM,1,47708,7307,4448,30523,41544,0,756,0,42492,5216,5216,679,192,756,5430,192,0
10576,FIRST SOUTHEAST BANK,20251231,NM,1,155122,2893,14846,131762,117179,24900,1123,0,143558,11564,11564,3466,356,26023,5621,356,0
10594,BANK OF FRANKLIN,20251231,NM,1,261023,9031,47646,188492,212700,0,15500,0,229681,31342,31342,6866,1481,15500,15854,1481,0
10595,COMMUNITY FIRST BANK,20251231,NM,1,266831,24224,19821,204472,244028,0,0,0,245243,21588,21588,5476,1215,0,18314,1215,0
10597,TBO BANK,20251231,NM,1,209289,15552,17804,144732,179713,0,0,0,187287,22002,22002,29463,7574,0,31201,7574,0
10608,UNICO BANK,20251231,NM,1,504724,10728,65738,407837,459197,0,150,0,461485,43239,43239,3830,2138,150,20421,2138,0
10618,BTC BANK,20251231,NM,1,1559375,42632,165390,1239663,1157921,0,227350,0,1391196,168179,168179,52387,5925,227350,111690,5925,0
10619,HAWTHORN BANK,20251231,NM,1,1881737,105312,208689,1466297,1579639,0,102086,0,1696490,185247,185247,67422,14765,102086,101439,14765,0
10623,STATE BANK OF MISSOURI,20251231,NM,1,138077,8710,45598,79951,126170,0,0,0,127032,11045,11045,1716,862,0,3818,862,0
10628,PREFERRED BANK,20251231,NM,1,130782,6926,58338,60947,119842,1000,3500,0,124529,6253,6253,1523,187,4500,4571,187,0
10634,PINNACLE BANK,20251231,NM,1,8860281,645875,1413500,6535146,7840122,62791,30521,0,8002364,857917,857917,105107,68930,93312,265760,68930,0
10635,BANK OF STEINAUER,20251231,NM,1,18875,3668,1001,12155,17025,0,0,0,17066,1809,1809,727,41,0,2051,41,0
10637,FIRST CENTRAL BANK,20251231,NM,1,144454,9966,14223,102464,119096,0,8300,0,128707,15747,15747,4351,1311,8300,17801,1311,0
10639,FLATWATER BANK,20251231,NM,1,341831,6140,59759,257019,294992,0,14037,0,312591,29240,29240,13096,3562,14037,18913,3562,0
10641,RIVERSTONE BANK,20251231,NM,1,552997,4748,6373,479936,466962,0,30000,0,498436,54561,54561,7273,1474,30000,61940,1474,0
10643,DUNDEE BANK,20251231,NM,1,903206,6439,82838,784393,735306,0,90500,0,828646,74560,74560,11298,2840,90500,29536,2840,0
10647,AMERICAN EXCHANGE BANK,20251231,SM,1,69712,2308,15592,50100,56464,175,6850,0,63765,5947,5947,1653,276,7025,1712,276,0
10663,ANDOVER BANK,20251231,SM,1,586992,28061,256327,273214,546067,0,0,0,549696,37296,37296,19708,3629,0,29390,3629,0
10667,MABREY BANK,20251231,SM,1,1964393,74966,371415,1449985,1727625,0,87467,0,1827090,137303,137303,26260,11998,87467,68027,11998,0
10672,EXCHANGE BANK,20251231,NM,1,153147,11195,77827,52714,137189,0,0,0,137658,15489,15489,5135,469,0,11411,469,0
10674,BANK OF HYDRO,20251231,NM,1,167849,3445,2843,155849,143534,450,0,0,147748,20101,20101,4010,3764,450,5712,3764,0
10677,JONESTOWN B&T JONESTOWN PA,20251231,NM,1,988719,93966,49487,804769,832721,0,48000,0,890378,98341,98341,31091,9657,48000,40497,9657,0
10685,CENTRAL PENN BANK&TRUST,20251231,NM,1,1251697,40943,220182,908267,1111534,1589,5500,0,1133240,118457,118457,41549,14617,7089,82305,14617,0
10704,AVANA BANK,20251231,SM,1,40610,17542,5791,12877,31095,400,0,0,31738,8872,8872,454,243,400,4400,243,0
10709,CROSSROADS BANK,20251231,NM,1,381018,17377,141443,207011,348013,0,0,0,350280,30738,30738,10262,2267,0,15187,2267,0
10719,PEOPLES STB OF HALLETTSVILLE,20251231,NM,1,396191,103322,136712,149308,361861,0,0,0,363499,32692,32692,6147,1638,0,6849,1638,0
10741,INDEPENDENCE STATE BANK,20251231,NM,1,88359,7016,14443,63964,76467,3131,0,0,79852,8507,8507,1383,254,3131,2936,254,0
10788,ILLINI STATE BANK,20251231,SM,1,172369,7297,48759,107257,123461,3325,21000,0,148570,23799,23799,4127,784,24325,9056,784,0
10791,COMMUNITY BANK,20251231,NM,1,298738,21317,60242,206714,195184,0,57000,0,254596,44142,44142,9406,2412,57000,10465,2412,0
10799,FIRST STB OF CAMPBELL HILL,20251231,NM,1,160037,13709,31450,104152,137793,0,0,0,139678,20359,20359,4824,1885,0,10726,1885,0
10803,DEWEY BANK,20251231,NM,1,30887,1181,4995,22454,25954,0,1000,0,27054,3833,3833,538,100,1000,2257,100,0
10804,DU QUOIN STATE BANK,20251231,SM,1,138540,3182,77244,46330,126921,0,5595,0,132869,5671,5671,1473,353,5595,11784,353,0
10809,FIRST STATE BANK OF VAN ORIN,20251231,NM,1,41979,14371,14403,11022,37411,0,0,0,37825,4154,4154,1644,414,0,2183,414,0
10816,GRAND RIVERS COMMUNITY BANK,20251231,NM,1,16555,2340,1140,11563,14763,0,192,0,15097,1458,1458,1242,142,192,1512,142,0
10820,STATE BANK OF INDUSTRY,20251231,NM,1,62400,5843,15028,39719,53859,0,0,0,54193,8207,8207,1459,334,0,1810,334,0
10821,CLAY COUNTY STATE BANK,20251231,NM,1,105709,20079,37033,46500,93330,336,0,0,94035,11674,11674,993,369,336,2097,369,0
10829,PETEFISH SKILES&CO,20251231,NM,1,474925,22245,82435,337317,417935,7786,0,0,429705,45220,45220,15388,3984,7786,32928,3984,0
10831,FIRST T&SB OF WATSEKA IL,20251231,SM,1,321275,2614,143644,167755,268636,1422,0,0,271117,50158,50158,6174,1059,1422,7262,1059,0
10840,CAMPUS STATE BANK,20251231,NM,1,25506,3980,3504,16036,22453,0,0,0,22484,3022,3022,306,31,0,1986,31,0
10843,CITIZENS BANK OF CHATSWORTH,20251231,NM,1,37401,4731,13228,16647,32631,0,812,0,33601,3800,3800,1286,158,812,2795,158,0
10844,BUENA VISTA NATIONAL BANK,20251231,N,1,324277,19473,77330,208767,274627,0,9130,0,288936,35341,35341,11406,5179,9130,18707,5179,0
10845,CLAY CITY BANKING CO,20251231,NM,1,250704,5410,45710,162223,226608,0,0,0,228556,22148,22148,7174,1948,0,37361,1948,0
10849,TOMPKINS STATE BANK,20251231,NM,1,305175,10079,107604,170480,276069,0,0,0,276696,28479,28479,10952,627,0,17012,627,0
10853,WEST CENTRAL BANK,20251231,NM,1,246489,7330,48791,180852,208196,0,13989,0,224039,22450,22450,3301,1854,13989,9516,1854,0
10855,STATE BANK OF BEMENT,20251231,NM,1,185585,10752,45354,118375,158459,1250,7000,0,167515,18070,18070,4207,806,8250,11104,806,0
10858,ANDERSON STATE BANK,20251231,NM,1,104078,9204,41289,46434,86176,0,0,0,86279,17799,17799,4994,103,0,7151,103,0
10860,MURPHY-WALL STATE B&T CO,20251231,NM,1,210359,24017,44428,129759,189402,0,0,0,190038,20321,20321,3820,636,0,12155,636,0
10871,FIRST STB OF BEECHER CITY,20251231,NM,1,112073,3511,17079,82234,94268,0,0,0,94800,17273,17273,1434,532,0,9249,532,0
10872,CHESTERFIELD STATE BANK,20251231,NM,1,21365,5544,627,14742,19800,0,0,0,19872,1493,1493,294,72,0,452,72,0
10878,WATERMAN BANK,20251231,NM,1,166871,31629,9773,116616,138121,0,1745,0,141478,25393,25393,2924,1612,1745,8853,1612,0
10883,EAGLE VALLEY BANK,20251231,NM,1,219143,4038,31608,167546,193324,0,500,0,195610,23533,23533,6647,1786,500,15951,1786,0
10886,LEGENCE BANK,20251231,NM,1,648646,21253,162553,421954,570819,0,9364,0,585395,63251,63251,25872,5212,9364,42886,5212,0
10903,CENTRAL STATE BANK,20251231,NM,1,568581,14433,101045,444069,477577,0,32099,0,514444,54137,54137,6025,4768,32099,9034,4768,0
10906,BALDWIN STATE BANK,20251231,NM,1,105839,11509,44293,47940,92558,0,1500,0,94404,11435,11435,1836,346,1500,2097,346,0
10907,GUARANTY STATE BANK&TRUST CO,20251231,NM,1,390435,4265,100656,269321,329609,0,18839,0,351655,38780,38780,14768,3207,18839,16193,3207,0
10918,GRANT COUNTY BANK,20251231,NM,1,308893,24540,110722,162099,258049,0,11464,0,271612,37281,37281,7238,2099,11464,11532,2099,0
10919,STATE BANK OF BERN,20251231,NM,1,122703,2896,42760,70823,101512,0,0,0,101957,20746,20746,2680,445,0,6224,445,0
10920,FIDELITY STATE BANK&TRUST CO,20251231,SM,1,203114,88450,86911,20979,156570,0,0,0,158597,44517,44517,6061,2027,0,6774,2027,0
10928,MINERS STATE BANK,20251231,NM,1,141176,7412,37479,88230,124025,0,0,0,125795,15381,15381,5405,1770,0,8055,1770,0
10956,NORTHVIEW BANK,20251231,NM,1,470056,17146,75309,351802,391489,0,27500,0,420547,49509,49509,11700,1558,27500,25799,1558,0
10958,UNITED PRAIRIE BANK,20251231,NM,1,954172,29126,97436,786694,815202,0,39096,0,859287,94885,94885,20724,4989,39096,40916,4989,0
10960,JANESVILLE STATE BANK,20251231,NM,1,94975,6068,13129,72090,79173,0,3527,0,83907,11068,11068,3356,1207,3527,3688,1207,0
10962,GRAND RAPIDS STATE BANK,20251231,SM,1,252810,45769,46721,143688,227186,0,0,0,230097,22713,22713,11194,2911,0,16632,2911,0
10965,LAKE REGION BANK,20251231,NM,1,143503,8985,56902,73001,129161,0,0,0,130068,13435,13435,2223,907,0,4615,907,0
10967,F&M COMMUNITY BANK NA,20251231,N,1,213562,4289,37053,150500,185705,0,10005,0,196614,16948,16948,8664,904,10005,21720,904,0
10969,RANDALL STATE BANK,20251231,NM,1,71033,4742,2782,54557,58678,0,0,0,58805,12228,12228,466,127,0,8952,127,0
10971,PRIME SECURITY BANK,20251231,NM,1,145502,12002,3374,125429,127546,1000,3500,0,132840,12662,12662,1068,794,4500,4697,794,0
10973,ALLIANCE BANK,20251231,NM,1,757769,75409,88453,573017,666404,0,6188,0,679445,78324,78324,9639,6853,6188,20890,6853,0
10976,CENTER NATIONAL BANK,20251231,N,1,232742,4431,64951,156186,205455,0,0,0,208954,23788,23788,3737,3499,0,7174,3499,0
10980,ESB BANK,20251231,NM,1,196122,21186,9533,156768,167131,0,9331,0,177760,18362,18362,2455,1298,9331,8635,1298,0
10982,SECURITY STATE BANK OF OKLEE,20251231,NM,1,47269,3575,22459,20715,39414,0,0,0,39843,7426,7426,338,429,0,520,429,0
10984,SECURITY BANK MINNESOTA,20251231,NM,1,148194,12216,25644,107091,124688,7614,76,0,133184,15010,15010,1510,806,7690,3243,806,0
10988,STEARNS BANK NATIONAL ASSN,20251231,N,1,3343693,213669,106384,2836308,2576191,0,111401,0,2755337,588356,559272,35918,67745,111401,187332,67745,0
10989,LAKE CENTRAL BANK,20251231,NM,1,287083,4961,80911,188256,246301,6500,2000,0,256394,30689,30689,8739,1593,8500,12955,1593,0
10991,FIRST STATE BANK OF BIGFORK,20251231,NM,1,113681,20308,9773,81050,97821,0,2132,0,100827,12854,12854,1790,874,2132,2550,874,0
10993,BONANZA VALLEY STATE BANK,20251231,NM,1,80418,9493,7072,60314,65320,0,7879,0,73477,6941,6941,3182,278,7879,3539,278,0
10998,FM BANK,20251231,NM,1,705168,17883,189920,465521,620667,20160,6044,0,650281,54887,54887,11115,3410,26204,31844,3410,0
11002,ST CLAIR COUNTY STATE BANK,20251231,NM,1,215960,18720,25895,157666,185180,0,0,0,186276,29684,29684,3518,1096,0,13679,1096,0
11003,GRAND MISSOURI BANK,20251231,NM,1,135132,11182,4272,111773,111933,0,2000,0,114497,20635,20635,1070,564,2000,7905,564,0
11013,FIRST STATE BANK OF SHELBY,20251231,NM,1,164373,13354,122158,24868,137883,0,0,0,138593,25780,25780,3610,710,0,3993,710,0
11035,PEAPACK PRIVATE BANK&TRUST,20251231,SM,1,7517888,187820,883524,6187584,6604847,0,74453,0,6784388,733500,733441,133936,105088,74453,258960,105088,0
11063,FIRST-CITIZENS BANK&TRUST CO,20251231,NM,1,229332000,20306000,41442000,147163000,162082000,224000,33515000,430000,205961000,23371000,23371000,14611000,9710000,34169000,20421000,9710000,0
11112,SOMERSET TRUST CO,20251231,NM,1,2440615,45644,643088,1589791,2006669,34582,187175,0,2251835,188780,188780,73678,23409,221757,162092,23409,0
11113,HAMLIN BANK&TRUST CO,20251231,NM,1,481511,23513,139106,300331,373327,0,89,0,384335,97176,97176,11147,10919,89,18561,10919,0
11124,S&T BANK,20251231,NM,1,9864607,162315,986486,7979789,7970793,0,215816,25000,8402972,1461635,1461635,223418,191363,240816,736017,191363,0
11133,FARMERS STATE BANK OF CANTON,20251231,NM,1,82495,1166,32523,42985,68633,0,6636,0,76026,6469,6469,3883,757,6636,5821,757,0
11159,TEXAS CHAMPION BANK,20251231,NM,1,453179,55674,13730,335650,346171,0,56931,0,405626,47553,47553,11976,2524,56931,48125,2524,0
11175,FIRST STATE BANK,20251231,NM,1,127606,8007,21507,85718,95217,0,15269,0,111422,16184,16123,4798,936,15269,12374,936,0
11178,TRANSPECOS BANKS SSB,20251231,SI,1,964795,178005,47577,603627,889077,0,159,0,891082,73713,72886,33942,1846,159,135586,1846,0
11181,FIRST STB OF BROWNSBORO,20251231,NM,1,137595,8341,61972,63819,128538,816,0,0,129481,8114,8114,2180,127,816,3463,127,0
11225,FIRST COMMUNITY BANK,20251231,NM,1,159462,3094,29102,119010,142756,0,500,0,144856,14606,14606,2759,1600,500,8256,1600,0
11228,FIRST CITIZENS STATE BANK,20251231,NM,1,513346,18860,112121,346268,379144,1669,37873,0,424683,88663,88663,20961,5997,39542,36097,5997,0
11232,BANK OF MILTON,20251231,NM,1,233046,20504,39456,167694,199495,0,14500,0,214851,18195,18195,2960,856,14500,5392,856,0
11235,BONDUEL STATE BANK,20251231,NM,1,128044,11789,25607,85543,109961,0,0,0,111227,16817,16817,4871,1266,0,5105,1266,0
11236,HORICON BANK,20251231,NM,1,1586359,104014,82689,1330549,1392108,0,3268,0,1420245,166114,166114,20048,24869,3268,69107,24869,0
11241,CENTENNIAL BANK,20251231,SM,1,22716797,661622,4131192,15297172,17895325,155803,500250,0,18719787,3997010,3997010,784210,168409,656053,2626811,168409,0
11242,PRODUCERS BANK&TRUST,20251231,SM,1,195254,5093,42364,134554,147932,0,0,0,149860,45394,45394,9016,1928,0,13243,1928,0
11243,BANK OF SALEM,20251231,SM,1,263755,42278,8763,199382,230458,0,0,0,231748,32007,32007,10193,1290,0,13332,1290,0
11252,FIRST NB OF IZARD COUNTY,20251231,N,1,230749,14558,62283,113139,159871,0,0,0,162635,68114,68114,19818,2764,0,40769,2764,0
11259,GUNNISON BANK&TRUST CO,20251231,SM,1,250032,11921,34168,162162,206137,0,10000,0,218516,31516,31516,8151,2379,10000,41781,2379,0
11261,MCCLAVE STATE BANK,20251231,NM,1,84431,5027,4344,70798,71604,0,2000,0,73996,10435,10435,2255,392,2000,4262,392,0
11295,CITIZENS BANK OF SWAINSBORO,20251231,NM,1,412938,60914,52405,284887,359946,0,0,0,364173,48765,48765,9532,4227,0,14732,4227,0
11299,FARMERS STB OF ALTO PASS ILL,20251231,NM,1,355015,8654,22218,297685,321905,0,0,0,322799,32216,32216,3480,894,0,26458,894,0
11302,FIRST STATE BANK OF ST PETER,20251231,SM,1,29347,425,20109,8225,23429,321,0,0,24019,5328,5328,449,269,321,588,269,0
11306,FNBC BANK&TRUST,20251231,NM,1,597635,52341,215085,310795,539721,0,0,0,542672,54963,54963,6898,2951,0,19414,2951,0
11307,FARMERS STATE BANK,20251231,NM,1,341323,31359,40723,253637,287785,0,0,0,290548,50775,50775,7251,2763,0,15604,2763,0
11310,BANK OF HERRIN,20251231,NM,1,349502,11996,94826,228153,326858,0,0,0,327733,21769,21769,10099,875,0,14527,875,0
11317,IUKA STATE BANK,20251231,SM,1,142444,7248,12271,114557,102439,0,25994,0,129708,12736,12736,4935,1275,25994,8368,1275,0
11319,LONGVIEW COMMUNITY BANK,20251231,NM,1,268185,14977,41750,187545,217325,14174,3000,0,236276,31909,31909,3431,1777,17174,23913,1777,0
11324,FARMERS&MERCHANTS STB BUSHNE,20251231,NM,1,89385,12591,32879,39812,80879,0,0,0,81238,8147,8147,2268,359,0,4103,359,0
11343,ASHTON STATE BANK,20251231,NM,1,54344,1729,15059,34865,44069,541,2914,0,48022,6322,6322,2642,498,3455,2691,498,0
11347,GRINNELL STATE BANK,20251231,NM,1,500279,9104,88637,355998,347946,19539,83746,0,452196,48083,48083,15337,965,103285,46540,965,0
11352,SANBORN SAVINGS BANK,20251231,NM,1,90239,6087,14343,64537,68453,0,12361,0,81669,8570,8570,3274,855,12361,5272,855,0
11355,BEDFORD LOAN&DEPOSIT BANK,20251231,NM,1,118219,8590,25963,76183,97807,0,4429,0,102519,15700,15700,3466,283,4429,7483,283,0
11358,CUMBERLAND SECURITY BANK INC,20251231,NM,1,427367,44203,34661,340199,371707,0,0,0,372657,54710,54710,3445,950,0,8304,950,0
11407,HIGHPOINT COMMUNITY BANK,20251231,NM,1,589689,161232,55516,350078,532187,0,7000,0,542268,47421,47421,13970,3081,7000,22863,3081,0
11409,VALLEY PREMIER BANK,20251231,NM,1,147317,3608,42444,87233,134037,0,0,0,134591,12726,12726,1224,554,0,14032,554,0
11411,RUSHFORD STATE BANK INC,20251231,NM,1,110211,17786,20469,59581,102555,0,0,0,102914,7297,7297,2105,359,0,12375,359,0
11415,HARVEST BANK,20251231,NM,1,234948,17755,50104,156725,215233,0,0,0,216911,18037,18037,6202,1678,0,10364,1678,0
11417,WELCOME STATE BANK,20251231,SM,1,44240,9818,4934,28706,38190,479,0,0,38749,5491,5491,657,80,479,782,80,0
11431,BANK OF YAZOO CITY,20251231,NM,1,308119,18718,108344,161378,271385,0,0,0,274338,33781,33781,11562,2953,0,19679,2953,0
11445,JEFFERSON BANK,20251231,NM,1,195560,37646,30182,117914,161487,0,0,0,162416,33144,33144,9369,929,0,9818,929,0
11446,UNITY BANK OF MISSISSIPPI,20251231,NM,1,286717,7654,105137,153115,252076,0,12000,0,267545,19172,19172,11664,3469,12000,20811,3469,0
11448,CENTURY BANK,20251231,NM,1,551719,12463,121966,378049,497317,0,0,0,501994,49725,49725,20946,4677,0,39241,4677,0
11459,MID AMERICA BANK,20251231,NM,1,1110588,132248,118461,792041,967247,0,2505,0,979926,130662,130662,17655,10174,2505,67838,10174,0
11462,INDEPENDENT FARMERS BANK,20251231,NM,1,150137,10819,55775,79456,137873,0,900,0,139053,11084,11084,3183,280,900,4087,280,0
11463,CITIZENS-FARMERS BK COLE CAM,20251231,SM,1,196140,10044,40524,132042,166135,0,0,0,167746,28394,28394,8640,1611,0,13530,1611,0
11465,TRI-COUNTY TRUST CO,20251231,NM,1,61506,823,16743,42256,47649,1300,4700,0,53835,7671,7671,1414,186,6000,1684,186,0
11466,HOMEPRIDE BANK,20251231,NM,1,124407,16223,6442,94534,110425,0,1000,0,111922,12485,12485,3552,497,1000,7208,497,0
11475,THAYER COUNTY BANK,20251231,NM,1,89543,2715,27243,51176,67741,0,12035,0,80342,9201,9201,4329,566,12035,8409,566,0
11477,AUBURN STATE BANK,20251231,SM,1,255476,17815,112530,110889,221430,0,1847,0,224425,31051,31051,11879,1148,1847,14242,1148,0
11482,HOMESTEAD BANK,20251231,NM,1,521779,16760,111798,368025,399748,0,24666,0,426862,94917,94917,11233,2448,24666,25196,2448,0
11491,CITIZENS BANK OF CLOVIS,20251231,NM,1,520549,59524,129830,310456,462651,18774,0,0,485038,35511,35511,17617,3613,18774,20739,3613,0
11492,INBANK,20251231,NM,1,1410775,113374,268329,964168,1146030,443,89000,0,1246400,164375,164375,28156,9906,89443,64904,10927,0
11501,FIRST NB OF SCOTIA,20251231,N,1,698520,64020,78252,510418,613915,0,5879,0,632227,66293,66293,35908,12433,5879,45830,12433,0
11507,FIDELITY BANK,20251231,NM,1,4393903,366411,1075765,2812838,3939912,0,0,0,3960889,433014,433014,58977,20977,0,138889,20977,0
11519,SECURITY FIRST BANK OF ND,20251231,NM,1,284643,3710,19063,231289,239872,6248,0,0,249172,35471,35471,8777,3052,6248,30581,3052,0
11521,CHICKASAW COMMUNITY BANK,20251231,SM,1,435936,83438,26395,271608,380765,0,0,0,385804,50132,50132,12568,5039,0,54495,5039,0
11522,LIBERTY NATIONAL BANK,20251231,N,1,1329703,195051,238310,853000,1189399,0,538,0,1195260,134443,134443,25720,5323,538,43342,5323,0
11526,COWBOY BANK,20251231,SM,1,368691,20051,32400,278560,321043,0,3234,0,325003,43688,43688,28369,726,3234,37680,726,0
11527,FIRST STB OF POND CREEK OK,20251231,NM,1,58199,2616,4200,50008,47946,1834,0,0,49843,8356,8356,951,63,1834,1375,63,0
11539,ENTERPRISE BANK OF SC,20251231,NM,1,491150,26026,170520,276720,459698,0,0,0,461453,29697,29697,10781,1755,0,17884,1755,0
11557,FIRST STATE BANK OF BURNET,20251231,NM,1,322701,3103,136251,178288,282407,0,4910,0,287921,34780,34780,2510,604,4910,5059,604,0
11559,FIRST STATE BANK&TRUST CO,20251231,NM,1,541904,30123,299010,179493,483442,0,0,0,487256,54648,54648,29956,3814,0,33278,3814,0
11569,ALLIANCE BANK,20251231,NM,1,1373996,170054,334962,786230,1189802,48952,0,0,1247223,126773,126773,35663,8469,48952,82750,8469,0
11570,GLOBAL ONE BANK,20251231,NM,1,314700,35776,4648,239661,257079,0,0,0,261327,53373,53373,4389,4248,0,34615,4248,0
11578,BURKE&HERBERT BANK&TRUST CO,20251231,SM,1,7900774,288318,1615954,5320218,6410806,0,454158,0,6977264,923510,923510,440594,112300,454158,676284,112300,0
11580,BANK OF SOUTHSIDE VIRGINIA,20251231,NM,1,651181,12603,315019,277611,479844,0,40500,0,523507,127674,127674,43814,3163,40500,45948,3163,0
11582,LEE BANK&TRUST CO,20251231,NM,1,261722,10516,114629,131186,226064,0,3000,0,229587,32135,32135,3668,523,3000,5391,523,0
11595,COMMUNITY FIRST BANK,20251231,SM,1,635794,33105,169300,396582,530688,7076,33352,0,574027,61767,61767,21466,2911,40428,36807,2911,0
11601,LAONA STATE BANK,20251231,NM,1,297047,26578,101876,156216,272275,0,0,0,275135,21912,21912,8772,2860,0,12377,2860,0
11608,BLC COMMUNITY BANK,20251231,NM,1,470624,22443,57669,379830,386065,0,40708,0,429024,41600,41600,6672,2251,40708,10682,2251,0
11623,BANK CMG,20251231,NM,1,894621,79353,37997,595780,773742,0,21143,0,804313,90308,90308,19713,9428,21143,181491,9428,0
11666,D L EVANS BANK,20251231,NM,1,3677023,450217,1321018,1730017,3143135,132063,50000,0,3349841,327182,327182,104079,24643,182063,175771,24643,0
11667,VERMILION VALLEY BANK,20251231,NM,1,192041,3898,70868,112200,150897,0,10300,0,162265,29776,29776,3656,1068,10300,5075,1068,0
11669,FIRST STATE BANK OF FORREST,20251231,NM,1,329290,21786,16894,280750,276510,0,23000,0,300053,29237,29237,5587,543,23000,9860,543,0
11670,CENTRAL BANK ILLINOIS,20251231,NM,1,1423224,44705,309951,983365,1041868,0,225000,0,1275580,147644,147644,58658,8712,225000,85203,8712,0
11674,WARREN-BOYNTON STATE BANK,20251231,NM,1,231029,3184,49463,170535,197432,0,6500,0,205094,25935,25935,4994,1162,6500,7847,1162,0
11680,FARMERS STB OF WESTERN IL,20251231,SM,1,170676,29459,61471,71631,147229,0,0,0,151443,19233,19233,7117,4214,0,8115,4214,0
11681,ANCHOR STATE BANK,20251231,NM,1,65115,17548,12662,31051,55889,0,0,0,56657,8458,8458,1933,768,0,3854,768,0
11682,ANNA STATE BANK,20251231,NM,1,111837,5007,46045,43939,97697,0,0,0,98042,13795,13795,476,345,0,16846,345,0
11686,STATE BANK OF CHERRY,20251231,NM,1,137596,3621,30659,97875,107115,0,13865,0,121503,16093,16093,2630,523,13865,5441,523,0
11699,GOODFIELD STATE BANK,20251231,NM,1,274493,34748,22810,207284,241908,3741,0,0,246570,27923,27923,2403,921,3741,9651,921,0
11702,SHELBY COUNTY STATE BANK,20251231,SM,1,362117,3874,100207,249986,316514,2493,12900,0,333586,28531,28531,5745,1679,15393,8050,1679,0
11706,1ST COMMUNITY BANK,20251231,NM,1,65592,16362,1950,45572,58464,0,0,0,58928,6664,6664,1044,464,0,1708,464,0
11708,TEUTOPOLIS STATE BANK,20251231,SM,1,354961,23921,142237,177175,307500,0,0,0,308555,46406,46406,9747,1055,0,11628,1055,0
11711,BANK OF RANTOUL,20251231,NM,1,268215,13424,137563,105111,221147,16375,3000,0,241055,27160,27160,11017,533,19375,12117,533,0
11715,BANK OF YATES CITY,20251231,NM,1,88620,4367,19402,61072,80061,0,0,0,80730,7890,7890,2544,669,0,3779,669,0
11716,HARTSBURG STATE BANK,20251231,SM,1,20271,6628,6931,6032,17292,1373,0,0,18732,1539,1539,640,67,1373,680,67,0
11719,LIBERTY BANK,20251231,NM,1,186498,20668,39814,115554,160556,0,0,0,162648,23850,23850,7107,2092,0,10462,2092,0
11722,PEOPLES STB OF NEWTON IL,20251231,NM,1,719681,17803,162377,504154,563095,22690,60860,0,650686,68995,68995,28584,4041,83550,35347,4041,0
11729,CIBM BANK,20251231,NM,1,825048,8102,123319,666323,663329,24523,43500,0,744471,80577,80577,16819,13119,68023,27304,13119,0
11731,FAIRVIEW STATE BANKING CO,20251231,NM,1,42906,7098,8959,24178,36793,0,0,0,37441,5465,5465,2082,648,0,2671,648,0
11732,BANK OF FARMINGTON,20251231,NM,1,234829,21850,31443,166042,206280,0,3500,0,212159,22670,22670,8113,2379,3500,15494,2379,0
11734,FLANAGAN STATE BANK,20251231,NM,1,312454,4809,96018,192775,276560,0,13000,0,292512,19942,19942,5870,2952,13000,18852,2952,0
11739,BANKORION,20251231,NM,1,676097,22625,180848,438408,563068,4472,49300,0,620051,56046,56046,19115,3211,53772,34216,3211,0
11741,SOLUTIONS BANK,20251231,NM,1,483924,6858,190604,246806,376397,0,77683,0,455438,28486,28486,18848,1358,77683,39656,1358,0
11746,IROQUOIS FARMERS STATE BANK,20251231,NM,1,168081,4713,50191,104890,150030,2279,0,0,153439,14642,14642,6377,1130,2279,8287,1130,0
11747,FARMERS STATE BANK&TRUST CO,20251231,NM,1,209289,6319,85613,97176,179665,0,0,0,180198,29091,29091,9368,533,0,20181,533,0
11750,BANK OF KAMPSVILLE,20251231,NM,1,129533,5838,65462,46944,106317,0,0,0,106663,22870,22870,5438,346,0,11289,346,0
11759,CITIZENS STATE BANK,20251231,NM,1,125054,7001,42029,69935,99712,0,2788,0,103062,21992,21992,2177,562,2788,6089,562,0
11763,VISIONBANK OF IOWA,20251231,SM,1,898513,43492,56699,758990,754995,2636,47000,0,807410,91103,91103,11022,2779,49636,39332,2779,0
11764,SIBLEY STATE BANK,20251231,NM,1,103588,2719,27080,68738,89745,2806,0,0,93051,10537,10537,4546,500,2806,5051,500,0
11767,FREEDOMBANK,20251231,NM,1,440816,5853,76608,323852,378018,0,14036,0,394490,46326,46326,9133,2436,14036,34503,2436,0
11771,AVAILA BANK,20251231,NM,1,1691867,44557,380609,1151484,1350233,2788,176000,0,1541059,150808,150808,66648,12038,178788,115217,12038,0
11777,COMMERCIAL BANK,20251231,NM,1,377201,23514,173142,170450,343699,0,0,0,345724,31477,31477,6881,2025,0,10095,2025,0
11778,CITIZENS ST B&T ELLSWORTH KS,20251231,SM,1,279751,21337,82225,165629,215569,0,42500,0,259067,20684,20684,6380,998,42500,10560,998,0
11782,BANK OF ABBEVILLE&TRUST CO,20251231,NM,1,242585,27482,81000,117213,212342,0,0,0,214428,28157,28157,4701,2086,0,16890,2086,0
11785,CALDWELL BANK&TRUST CO,20251231,NM,1,284690,41492,13807,201130,251926,0,0,0,256577,28113,28113,13678,4651,0,28261,4651,0
11788,BANK OF SUNSET&TRUST CO,20251231,NM,1,188701,7381,17727,151229,166700,0,0,0,169577,19124,19124,9590,2877,0,12364,2877,0
11792,FRANKLIN STATE BANK&TRUST CO,20251231,NM,1,234652,69409,51191,106808,211786,0,0,0,213402,21250,21250,4498,1616,0,7244,1616,0
11807,UNITED BANK OF MICHIGAN,20251231,NM,1,1078615,84518,85487,836850,903171,0,60517,0,972279,106336,106336,36393,8591,60517,71760,8591,0
11810,HURON COMMUNITY BANK,20251231,SM,1,320120,20995,93487,187693,279688,6652,7000,0,294760,25360,25360,13525,1420,13652,17945,1420,0
11813,CADENCE BANK,20251231,SM,1,53529044,2203988,9137875,37018572,44139279,24828,2252640,0,47285383,6243661,6243661,2022575,832075,2277468,5168609,868636,0
11817,RICHTON BANK&TRUST CO,20251231,SM,1,51352,5547,18246,20276,42417,0,0,0,43207,8145,8145,5160,790,0,7283,790,0
11821,LITTLE HORN STATE BANK,20251231,NM,1,395547,4528,15,332357,333015,0,20000,0,356156,39391,39391,7379,3141,20000,58647,3141,0
11823,MANHATTAN BANK,20251231,NM,1,274696,31823,66055,164210,239625,0,10000,0,251547,23149,23149,5519,1922,10000,12608,1922,0
11860,KILLBUCK SAVINGS BANK CO,20251231,SM,1,914550,22867,262320,570796,774884,0,58250,0,837402,77148,77148,29299,4268,58250,58567,4268,0
11862,BANK OF BEAVER CITY,20251231,NM,1,180231,5929,51328,106627,162299,0,5414,0,168005,12226,12226,5054,292,5414,16347,292,0
11868,FIDELITY DEPOSIT&DISCOUNT BK,20251231,NM,1,2747949,148060,523946,1891833,2467780,0,6808,0,2509186,238763,238763,102126,34451,6808,184110,34598,0
11891,DONLEY COUNTY STATE BANK,20251231,NM,1,50000,10840,25616,6614,39620,0,0,0,39992,10008,10008,1417,372,0,6930,372,0
11904,FIRST STB OF BEN WHEELER TX,20251231,NM,1,184266,3495,99429,68224,156446,0,0,0,156557,27709,27709,6179,111,0,13118,111,0
11905,CITIZENS STATE BANK,20251231,NM,1,187074,8643,51118,121341,165318,0,0,0,167031,20043,20043,1309,1713,0,5972,1713,0
11907,SECURITY STATE BANK,20251231,NM,1,343978,8249,43898,262204,299717,0,0,0,300295,43683,43683,10066,578,0,29627,578,0
11916,BUCKHOLTS STATE BANK,20251231,NM,1,134613,19020,32326,82096,110703,0,0,0,110880,23733,23733,605,177,0,1171,177,0
11922,FIRST STATE BANK OF TEXAS,20251231,NM,1,368714,23470,65975,258093,330638,0,0,0,332469,36245,36245,8772,1831,0,21176,1831,0
11932,FIRST SECURITY STATE BANK,20251231,NM,1,183892,15063,89151,73208,168356,0,5000,0,174099,9793,9793,3893,743,5000,6470,743,0
11934,DOMINION BANK,20251231,NM,1,662300,123766,4231,521409,588358,0,0,0,593780,68520,68520,5494,5422,0,12894,5422,0
11935,FIRST TEXAS BANK,20251231,NM,1,1295534,71795,603212,585838,1146613,0,0,0,1151795,143739,143739,24009,5182,0,34689,5182,0
11952,POCA VALLEY BANK INC,20251231,NM,1,649037,22985,91679,488193,597291,0,0,0,604452,44585,44585,17028,7161,0,46180,7161,0
11953,GRANT COUNTY BANK,20251231,NM,1,396733,6709,48770,299038,343326,0,8843,0,354731,42002,42002,14848,2562,8843,42216,2562,0
11971,BAR HARBOR BANK&TRUST,20251231,NM,1,4678327,79527,597424,3577089,3834108,4802,212016,0,4105023,573304,573304,196060,54097,216818,424287,54097,0
12010,PROVIDENT BANK,20251231,SI,1,24946372,211459,3465490,19334004,19322398,95007,2016948,0,21780803,3165569,3165569,980115,346450,2111955,1935419,346450,0
12013,UNION COUNTY SAVINGS BANK,20251231,SI,1,1502562,151292,1051400,278945,1356160,150000,0,0,1509572,-7010,-7010,9768,3412,150000,20925,3412,0
12079,CITIZENS COMMUNITY BANK,20251231,NM,1,210068,15532,55917,130633,189166,0,6000,0,196277,13791,13791,6293,1111,6000,7986,1111,0
12086,SAINTE MARIE STATE BANK,20251231,NM,1,18889,6869,3053,7890,15042,0,0,0,15077,3812,3645,793,35,0,1077,35,0
12087,SPRING VALLEY CITY BANK,20251231,NM,1,214142,17763,61976,127171,183218,0,3000,0,188080,26062,26062,4753,1862,3000,7232,1862,0
12098,FIRST STATE BANK OF DONGOLA,20251231,SM,1,32659,7481,6317,16778,29165,0,0,0,29330,3329,3329,505,165,0,2083,165,0
12107,FARMERS STATE BANK,20251231,NM,1,67970,5123,25953,34965,60315,1332,4000,0,65829,2141,2141,1487,182,5332,1929,182,0
12113,GERMANTOWN T&SB,20251231,NM,1,510030,7152,201041,279028,417725,0,44000,0,463008,47022,47022,7773,1283,44000,22809,1283,0
12121,BUCKLEY STATE BANK,20251231,NM,1,48599,3659,6872,33429,42334,0,0,0,42343,6256,6256,974,9,0,4639,9,0
12128,CITIZENS SAVINGS BANK,20251231,NM,1,144778,5049,67250,66401,123621,0,4800,0,129351,15427,15427,5401,930,4800,6078,930,0
12135,LYNDON STATE BANK,20251231,NM,1,104739,1725,9232,87710,77237,0,17000,0,95023,9716,9716,4690,786,17000,6072,786,0
12136,WILSON STATE BANK,20251231,NM,1,119050,2919,22348,84734,101609,0,6000,0,108992,10058,10058,3431,1383,6000,9049,1383,0
12139,FORD COUNTY STATE BANK,20251231,NM,1,60927,1578,24165,30293,48350,0,7000,0,55660,5267,5267,1722,310,7000,4891,310,0
12149,FIRST STATE BANK,20251231,NM,1,366580,10892,53048,284011,315020,0,7404,0,327641,38939,38939,14927,5217,7404,18629,5217,0
12162,ELKTON BANK&TRUST CO,20251231,NM,1,193044,32427,66937,85301,162600,4100,0,0,169861,23183,23183,3153,3161,4100,8379,3161,0
12163,FARMERS BANK OF MILTON,20251231,NM,1,312856,4439,77928,210776,255358,77,27500,0,283461,29395,29395,12398,526,27577,19713,526,0
12166,WEST POINT BANK,20251231,NM,1,552821,14098,77742,436442,470947,0,40647,0,514092,38729,38729,20873,2498,40647,24539,2498,0
12201,CLEVELAND STATE BANK,20251231,NM,1,337514,28768,121364,166419,311271,0,0,0,314025,23489,23489,13940,2754,0,20963,2754,0
12203,MERCHANTS&MARINE BANK,20251231,NM,1,940070,80433,319553,445537,631040,0,201000,0,842170,97900,97900,44708,10130,201000,94547,10130,0
12204,CITIZENS BK PHILADELPHIA MS,20251231,NM,1,1512484,68120,504743,833417,1337629,74223,0,0,1437618,74866,74866,62937,25766,74223,106204,25766,0
12207,BANK OF WINONA,20251231,SM,1,139011,5881,78101,46622,116123,0,0,0,122238,16773,16773,5820,6115,0,8407,6115,0
12208,BELGRADE STATE BANK,20251231,SM,1,534840,39344,80643,379974,485829,0,0,0,489427,45413,45413,15480,3598,0,34879,3598,0
12214,UNITED STATE BANK,20251231,NM,1,284264,29465,14673,218517,254137,0,0,0,255878,28386,28386,10956,1741,0,21609,1741,0
12219,FIRST STB OF ST CHARLES MO,20251231,NM,1,560266,34186,32444,437554,423218,0,45000,0,474132,86134,86134,41228,5914,45000,56082,5914,0
12220,COUNTY BANK,20251231,NM,1,133598,5626,26388,96803,115167,0,7500,0,122725,10873,10873,1598,58,7500,4781,58,0
12223,CALLAWAY BANK,20251231,SM,1,497508,19191,76508,376014,412865,28703,5890,0,450242,47266,47266,18419,2784,34593,25795,2784,0
12225,FMB BANK,20251231,NM,1,40888,2711,20677,13135,37250,0,0,0,37367,3521,3521,2979,117,0,4365,117,0
12226,PEOPLES BANK CO,20251231,SM,1,125897,3728,24383,89438,103899,0,10000,0,114823,11074,11074,4156,924,10000,8348,924,0
12229,FIRST BANK,20251231,SM,1,6652312,320887,1961052,3989113,5973955,0,53200,0,6116641,535671,535671,208212,89486,53200,381260,89486,0
12230,PEOPLES BANK,20251231,NM,1,250886,24966,58870,162888,229529,129,0,0,230601,20285,20285,1587,943,129,4162,943,0
12232,BANK OF MONTICELLO,20251231,NM,1,167549,21153,39241,94658,148378,0,1031,0,150541,17008,17008,4128,1132,1031,12497,1132,0
12241,WASHINGTON COUNTY BANK,20251231,NM,1,629309,12614,80157,507388,517918,20417,10000,0,551754,77555,77555,22588,3419,30417,29150,3419,0
12244,FIRST STATE BANK,20251231,NM,1,207384,13282,58403,102889,127348,0,54000,0,181947,25437,25437,6384,599,54000,32810,599,0
12246,COMMERCIAL BANK,20251231,NM,1,60314,1466,15147,42082,52101,0,400,0,52576,7738,7738,1550,75,400,1619,75,0
12248,FIRST NEBRASKA BANK,20251231,SM,1,352422,13103,76066,240118,311357,3802,3000,0,318726,33696,33696,12490,567,6802,23135,567,0
12258,SOUTHWEST CAPITAL BANK,20251231,NM,1,477400,20740,232338,201443,428498,0,0,0,431938,45462,45462,7787,3440,0,22879,3440,0
12259,LEA COUNTY STATE BANK,20251231,SM,1,708018,34769,426098,222620,637578,10809,0,0,652772,55246,55246,19893,4385,10809,24531,4385,0
12266,MECHANICS&FARMERS BANK,20251231,NM,1,479538,16207,163917,274533,405479,0,18,0,411352,68186,68186,19850,5855,18,24881,5855,0
12283,FIRST STATE BANK,20251231,SM,1,146478,12854,81034,37287,137174,0,0,0,137880,8598,8598,3587,706,0,15303,706,0
12284,FARMERS&MERCHANTS BANK,20251231,NM,1,18790,3240,7323,6469,16398,0,0,0,16531,2259,2259,492,133,0,1758,133,0
12285,CATTLEMENS BANK,20251231,NM,1,579108,41278,2538,511184,457531,0,63259,0,525885,53223,53223,18321,5095,63259,24108,5095,0
12298,COWBOY BANK OF TEXAS,20251231,NM,1,110930,1441,14119,66336,90455,0,1500,0,92407,18523,18523,2120,452,1500,29034,452,0
12299,SOUTHSTAR BANK SSB,20251231,SI,1,1288008,70160,171127,986991,1046461,0,72141,0,1123282,164726,164726,16735,4680,72141,59730,4680,0
12303,CITIZENS STATE BANK,20251231,SM,1,462831,29260,59844,346978,401039,0,0,0,404818,58013,58013,15258,3779,0,26749,3779,0
12305,COLUMBUS STATE BANK,20251231,NM,1,333214,146718,164154,19474,289346,0,0,0,290103,43111,43111,1856,757,0,2868,757,0
12315,FIRST STATE BANK,20251231,NM,1,153320,27859,70115,46503,133080,0,0,0,133500,19820,19820,2956,420,0,8843,420,0
12322,CHIPPEWA VALLEY BANK,20251231,NM,1,716171,49537,123737,513785,539390,68000,44084,0,653279,62892,62892,6618,1805,112084,29112,1805,0
12325,BANK OF CASHTON,20251231,NM,1,144651,12246,22260,98806,125822,0,3500,0,129782,14869,14869,3890,460,3500,11339,460,0
12327,BANK OF MAUSTON,20251231,NM,1,427009,48638,126649,245625,370910,0,0,0,372772,54237,54237,3039,1862,0,6097,1862,0
12331,STATE BANK OF CHILTON,20251231,NM,1,505654,55097,40251,394193,423067,0,18400,0,443155,62499,62499,8998,1688,18400,16113,1688,0
12349,COMMUNITY BANK OF CAMERON,20251231,NM,1,218672,9162,47153,153125,191746,0,6550,0,199946,18726,18726,5898,1650,6550,9232,1650,0
12354,HUSTISFORD STATE BANK,20251231,NM,1,79612,2255,18129,56117,56490,0,12000,0,68970,10642,10642,1726,480,12000,3111,480,0
12365,FIRST NB OF ALLENDALE,20251231,N,1,434309,53937,81694,275022,383072,0,10045,0,397454,36855,36855,19170,4337,10045,23656,4337,0
12368,REGIONS BANK,20251231,SM,1,157412000,11845000,33894000,94567000,131987000,0,3418000,497000,139281000,18131000,18071000,8381000,3379000,3915000,17106000,3379000,0
12372,FOWLER STATE BANK,20251231,NM,1,149938,5413,35469,99053,123633,0,6373,0,130843,19095,19095,6516,837,6373,10003,837,0
12383,CARROLLTON BANK,20251231,NM,1,3810105,570046,260205,2862757,3490782,0,0,0,3517495,292610,292610,41433,26713,0,117097,26713,0
12384,JERSEY STATE BANK,20251231,NM,1,198341,15208,77074,91961,176127,0,0,0,177721,20620,20620,8137,1594,0,14098,1594,0
12386,STATE BANK OF TOULON,20251231,NM,1,325669,7801,79990,215851,282205,9420,0,0,293430,32239,32239,13235,1805,9420,22027,1805,0
12388,WILLIAMSVILLE STATE B&T,20251231,NM,1,92724,2015,42198,25859,81473,0,0,0,82005,10719,10719,2162,532,0,22652,532,0
12402,EXCHANGE STATE BANK,20251231,NM,1,109076,7598,36065,61866,93930,4060,91,0,98440,10636,10636,2598,359,4151,3547,359,0
12410,LA SALLE STATE BANK,20251231,NM,1,182616,5394,83651,87119,151564,12056,7150,0,171349,11267,11267,4454,579,19206,6452,579,0
12417,TRI-VALLEY BANK,20251231,NM,1,80320,2958,20351,54121,74602,604,0,0,75479,4841,4841,1390,273,604,2890,273,0
12422,SECURITY STATE BANK,20251231,NM,1,56303,3188,19126,20094,49108,0,0,0,49336,6967,6967,1685,228,0,13895,228,0
12425,DICKINSON COUNTY BANK,20251231,NM,1,20900,6295,503,13545,17010,0,818,0,17958,2942,2942,458,130,818,557,130,0
12432,BAXTER STATE BANK,20251231,NM,1,23968,1541,5154,12811,18100,0,0,0,19120,4848,4848,2330,1020,0,4462,1020,0
12437,RENASANT BANK,20251231,NM,1,26747636,1062781,3590891,19019043,21774368,5774,550000,0,22698267,4049369,4049369,967843,368125,555774,3074921,368125,0
12441,HANCOCK WHITNEY BANK,20251231,NM,1,35458426,637360,8094799,23683956,29554747,617292,432135,0,31116974,4341452,4341452,1579974,435222,1049427,3042311,512800,0
12444,STATE BANK OF COLD SPRING,20251231,NM,1,79657,12039,22118,43996,71830,0,0,0,72031,7626,7626,1140,201,0,1504,201,0
12457,CITIZENS BANK OF EDINA,20251231,NM,1,105299,15370,7216,71310,90071,0,0,0,90692,14607,14607,1800,621,0,11403,621,0
12484,FIRST OKLAHOMA BANK,20251231,NM,1,1257098,93546,20865,1097205,1115338,0,23000,0,1143513,113585,113585,30780,5175,23000,45482,5175,0
12485,PAYNE COUNTY BANK,20251231,SM,1,295234,6119,46429,219220,240850,0,17250,0,258933,36301,36301,11196,833,17250,23466,833,0
12493,PREMIER BANK NATIONAL ASSN,20251231,N,1,336610,33075,35185,257231,288029,0,0,0,295532,41078,41078,5734,7503,0,11119,7503,0
12511,ALLIANCE BANK,20251231,NM,1,257977,8308,43873,196184,209851,0,22080,0,233759,24218,24218,7840,1828,22080,9612,1828,0
12512,COMMUNITY FIRST BANK,20251231,NM,1,106343,8112,30402,63109,88493,0,9000,0,97816,8527,8527,3317,323,9000,4720,323,0
12513,PARTNERS BANK OF WISCONSIN,20251231,NM,1,289805,12596,72475,182961,221062,3485,23600,0,251179,38626,38626,14312,3032,27085,21773,3032,0
12514,IXONIA BANK,20251231,NM,1,951221,69471,97746,730567,606218,0,233927,0,864009,87212,87212,39543,23864,233927,53437,23864,0
12517,BANK FIVE NINE,20251231,NM,1,2666805,185007,362089,2017258,2243475,0,170000,0,2436070,230735,230735,54333,22595,170000,102451,22595,0
12531,PEOPLES BANK,20251231,NM,1,194397,10028,12621,149847,135104,0,30841,0,167282,27115,27115,7878,1337,30841,21901,1337,0
12549,BANK OF CALHOUN COUNTY,20251231,NM,1,96781,26285,13857,51519,87074,0,0,0,87548,9233,9233,1787,474,0,5120,474,0
12585,HOPETON STATE BANK,20251231,NM,1,31601,7937,3458,13621,25468,0,0,0,25542,6059,6059,204,74,0,6585,74,0
12591,CONVERSE COUNTY BANK,20251231,NM,1,1089572,250336,526256,300695,985471,0,0,0,989648,99924,99924,9725,4177,0,12285,4177,0
12592,SECURITY STATE BANK,20251231,SM,1,443958,23158,171626,225595,395213,5063,0,0,405407,38551,38551,18226,5131,5063,23579,5131,0
12594,PUEBLO BANK&TRUST CO,20251231,NM,1,663023,12482,115441,517725,557032,4384,15000,0,579953,83070,83070,5225,3537,19384,17375,3537,0
12602,FARMERS&DROVERS BANK,20251231,NM,1,219659,5298,82035,125120,142632,5120,17171,0,167218,52441,52441,6200,2295,22291,7206,2295,0
12608,CITY BANK&TRUST CO,20251231,NM,1,381755,50838,94012,227444,336097,4919,0,0,341292,40463,40463,2314,276,4919,9461,276,0
12609,PATTERSON STATE BANK,20251231,NM,1,352880,41606,86389,192775,319019,0,5000,0,327076,25804,25804,7325,3057,5000,32110,3057,0
12611,EVANGELINE BANK&TRUST CO,20251231,NM,1,1119590,54361,126085,894529,900207,0,60500,0,969647,149943,149943,26365,8940,60500,44615,8940,0
12614,ORIGIN BANK,20251231,SM,1,9620310,424217,1127735,7575167,8348199,13137,5913,0,8490091,1130219,1130219,157813,109865,19050,493191,122842,0
12616,LEGENDS BANK,20251231,NM,1,593718,28848,117861,427836,478547,0,640,0,483092,110626,110626,6625,3905,640,19173,3905,0
12627,BANK OF WASHINGTON,20251231,NM,1,1170435,71533,18908,1025719,902044,0,115000,0,1028800,141635,141635,17363,11756,115000,54275,11756,0
12633,CENTRAL TRUST BANK,20251231,SM,1,20799746,2064842,6373423,11338224,16767703,1011852,1010000,0,18925414,1874332,1874332,425311,135859,2021852,1023257,135859,0
12661,GREENLEAF BANK,20251231,NM,1,155143,7894,45377,92597,132017,0,10000,0,143122,12021,12021,2941,1105,10000,9275,1105,0
12694,CITIZENS COMMUNITY BANK,20251231,NM,1,138091,10365,25133,92610,121685,0,0,0,122008,16083,16083,4136,323,0,9983,323,0
12706,STATE BANK,20251231,NM,1,303919,35647,55634,198150,260719,0,20195,0,282056,21863,21863,9574,1142,20195,14488,1142,0
12717,BRIDGE COMMUNITY BANK,20251231,NM,1,147957,26640,8536,96466,124439,0,0,0,126437,21520,21520,3640,1998,0,16315,1998,0
12722,SICILY ISLAND STATE BANK,20251231,NM,1,91983,14940,3842,70640,71281,0,8952,0,80651,11332,11332,1420,418,8952,2561,418,0
12745,BANK OF PRAGUE,20251231,NM,1,45508,5133,6247,32861,39930,0,0,0,40051,5457,5457,1087,121,0,1267,121,0
12757,FIRST STATE BANK,20251231,NM,1,101510,5955,24226,68374,86683,0,3000,0,90252,11258,11258,1214,569,3000,2955,569,0
12758,FARMERS STB ALLEN OKLAHOMA,20251231,NM,1,54394,1907,5334,40331,46152,0,0,0,47018,7376,7376,2421,866,0,6822,866,0
12761,F&M BANK,20251231,NM,1,809540,47910,129387,595005,667794,2334,37779,0,716814,92726,92726,30523,8907,40113,37238,8907,0
12769,FIRST UNITED BANK,20251231,NM,1,2451820,174290,672856,1477815,2184192,0,0,0,2205496,246324,246324,36849,21304,0,126859,21304,0
12788,BARABOO STATE BANK,20251231,SM,1,587481,71391,198074,296628,509885,0,8750,0,523745,63736,63736,16682,5110,8750,21388,5110,0
12814,PEOPLES STATE BANK,20251231,NM,1,966256,12894,294960,606520,779127,97,85000,0,870329,95927,95927,34301,6105,85097,51882,6105,0
12815,HOME STB NA,20251231,N,1,768003,67507,169285,491500,677370,0,0,0,685958,82045,82045,23639,8588,0,39711,8588,0
12828,FARMERS BANK FRANKFORT IN,20251231,NM,1,1139311,71468,202819,797630,921135,6287,105000,0,1043811,95500,95500,47176,11389,111287,67394,11389,0
12836,FIRST STATE BANK OF PORTER,20251231,SM,1,158066,2451,65174,76103,134390,0,0,0,135275,22791,22791,9162,885,0,14338,885,0
12839,FIRST FARMERS BANK&TRUST CO,20251231,SM,1,3425975,116557,675834,2489987,2884429,0,190000,0,3099046,326929,326929,88408,20868,190000,143597,24617,0
12854,CENTIER BANK,20251231,NM,1,9663367,195455,1381347,7635097,7841307,75000,640000,0,8681177,982190,982190,372045,124870,715000,451468,124870,0
12855,FARMERS STATE BANK,20251231,NM,1,1628933,40571,229688,1301398,1244786,0,207300,0,1465804,163129,163129,28099,13718,207300,57276,13718,0
12857,DENVER SAVINGS BANK,20251231,NM,1,255972,19520,49876,172399,193008,0,35785,0,230766,25206,25206,10429,1973,35785,14177,1973,0
12858,FARMERS TRUST&SAVINGS BANK,20251231,NM,1,630357,32445,95550,492695,569246,2210,0,0,575014,55343,55343,6328,3558,2210,9667,3558,0
12865,SWEDISH-AMERICAN STATE BANK,20251231,NM,1,57647,753,15415,39451,40677,0,9900,0,50696,6951,6951,1615,119,9900,2028,119,0
12869,FARMERS BANK&TRUST CO,20251231,NM,1,760094,12729,72902,638735,628998,0,60000,0,693434,66660,66660,18424,4436,60000,35728,4436,0
12874,KATAHDIN TRUST CO,20251231,NM,1,1119834,36666,165722,859707,962680,0,30000,0,1011378,108456,108456,35029,18698,30000,57739,18698,0
12893,FIRST STATE BANK OF MICHIGAN,20251231,SM,1,80549,25016,6637,43396,64805,0,0,0,65049,15500,15500,1271,244,0,5500,244,0
12899,MAYVILLE STATE BANK,20251231,NM,1,96644,6965,34722,44801,87280,0,0,0,87452,9192,9192,4698,172,0,10156,172,0
12944,ORANGE BANK&TRUST CO,20251231,SM,1,2650965,204203,419406,1921949,2324730,0,10000,0,2359223,291742,291742,86137,24493,10000,105407,24493,0
12956,BANK OF RICHMONDVILLE,20251231,NM,1,180561,10311,76824,83767,161083,0,0,0,161832,18729,18729,8125,749,0,9659,749,0
12959,CATTARAUGUS COUNTY BANK,20251231,NM,1,375234,31905,97774,223746,328955,0,2065,0,337157,38077,38077,15328,6137,2065,21809,6137,0
12969,UNION BANK CO,20251231,NM,1,1189863,48509,225719,816499,1057521,0,456,0,1064936,124927,124927,39834,6959,456,99136,6959,0
12978,RICHWOOD BANKING CO,20251231,SM,1,1235216,27028,268061,848891,1035231,0,59000,0,1116572,118644,118644,52352,22341,59000,91236,22341,0
12980,CORN CITY STATE BANK,20251231,SM,1,102686,2869,28229,70286,87965,0,8000,0,96165,6521,6521,930,200,8000,1302,200,0
12982,CIVISTA BANK,20251231,SM,1,4326380,61629,680423,3235206,3490179,0,179944,0,3709308,617072,617072,129605,33511,179944,349122,39185,0
12985,ELDERTON STATE BANK,20251231,NM,1,441709,33755,19891,363484,345007,0,42730,0,390090,51619,51619,17338,2353,42730,24579,2353,0
13000,TRINITY CAPITAL BANK OF TX,20251231,NM,1,440824,24682,64298,335595,354794,20883,28961,0,407691,33133,33133,8200,3053,49844,16249,3053,0
13006,PECOS COUNTY STATE BANK,20251231,NM,1,300731,13268,145443,121428,270894,0,0,0,272062,28669,28669,10688,1168,0,20592,1168,0
13012,FIRST COMMUNITY BANK,20251231,SM,1,3248653,128099,121759,2283994,2722282,1214,0,0,2784027,464626,464626,124510,60531,1214,714801,60531,0
13018,MINERS&MERCHANTS BANK,20251231,NM,1,66846,11240,28813,24234,57783,0,0,0,57881,8965,8965,251,98,0,2559,98,0
13020,FIRST EXCHANGE BANK,20251231,NM,1,376464,41432,25723,288352,341100,0,3091,0,346252,30212,30212,9059,2061,3091,20957,2061,0
13025,FARMERS SAVINGS BANK,20251231,NM,1,436858,50283,149844,227474,384178,4266,0,0,390293,46565,46565,4995,1849,4266,9257,1849,0
13030,OAKWOOD BANK,20251231,NM,1,148048,12094,1939,125473,116397,0,15000,0,131824,16224,16224,2117,427,15000,8542,427,0
13032,CITIZENS FIRST BANK,20251231,NM,1,344556,14746,64617,245777,281651,0,28000,0,310957,33599,33599,11366,1306,28000,19416,1306,0
13033,FARMERS STB OF WAUPACA,20251231,SM,1,278969,35464,65157,161730,245866,0,0,0,250784,28185,28185,11292,4918,0,16618,4918,0
13054,PARK BANK NATIONAL ASSN,20251231,N,1,79746,6106,42223,24867,67245,0,0,0,68974,10772,10772,4314,1729,0,6550,1729,0
13055,CITIZENS BANK,20251231,NM,1,1175554,97018,292208,743662,993305,0,28187,0,1024506,151048,151048,26674,3014,28187,42666,3014,0
13058,HIAWATHA NATIONAL BANK,20251231,N,1,756449,21365,143699,558276,580031,0,90000,0,673432,83017,83017,11598,3401,90000,33109,3401,0
13063,KENNEBUNK SAVINGS BANK,20251231,SI,1,2015501,48774,221412,1631896,1628202,0,186213,0,1833935,181566,181566,64750,19520,186213,113419,19520,0
13068,COMMUNITY BANK&TRUST,20251231,SM,1,432755,91662,128001,198844,376339,16565,0,0,396785,35970,35970,5795,3881,16565,14248,3881,0
13071,TOWN&COUNTRY BANK,20251231,SM,1,721577,19044,182741,486804,623207,15647,2086,0,644928,76649,76649,11426,3988,17733,32988,3988,0
13083,FIRST WESTERN BANK,20251231,SM,1,742792,16760,81983,598947,657470,1625,11000,0,676413,66379,66379,20535,6318,12625,45102,6318,0
13102,LAKE CITY BANK,20251231,SM,1,6984247,136995,1186395,5309061,5973527,0,178268,0,6215014,769233,769144,253873,48585,178268,351796,63219,0
13107,CITIZENS STB NEW CASTLE,20251231,NM,1,890538,41156,258864,554784,775438,0,20000,0,800886,89652,89652,21726,5448,20000,35734,5448,0
13109,JACKSON COUNTY BANK,20251231,NM,1,1065907,23493,110875,869873,842608,9172,113000,0,976718,89189,89134,33071,11171,122172,61666,11938,0
13111,HENDRICKS COUNTY B&T CO,20251231,SM,1,235158,14872,65074,139714,214934,0,125,0,215524,19634,19634,6938,465,125,15498,465,0
13112,OWEN COUNTY STATE BANK,20251231,NM,1,389086,20822,78743,266749,313816,0,47235,0,362880,26206,26206,16023,1829,47235,22772,1829,0
13113,PEOPLES TRUST&SAVINGS BANK,20251231,NM,1,244548,8356,47862,175012,196094,0,20000,0,216600,27948,27948,4295,506,20000,13318,506,0
13130,FRIENDSHIP STATE BANK,20251231,SM,1,554670,12182,186546,323058,474750,6119,30000,0,514290,40380,40380,17839,3421,36119,32884,3421,0
13167,BANK OF CLARKSON,20251231,NM,1,173826,4672,41849,117580,141536,2000,11485,0,156240,17586,17586,8715,1219,13485,9725,1219,0
13179,FIRST COMMUNITY BANK,20251231,SM,1,403404,11410,40110,325469,352567,0,7861,0,362599,40805,40805,9727,2171,7861,26415,2171,0
13195,UNION STATE BANK OF HAZEN,20251231,NM,1,250565,7520,89087,137244,230992,0,0,0,231513,19052,19052,3603,521,0,16714,521,0
13196,PEOPLES STATE BANK,20251231,NM,1,71566,12154,13245,42919,62362,0,0,0,62458,9108,9108,1452,96,0,3248,96,0
13198,CORNERSTONE BANK,20251231,NM,1,1785231,79097,314319,1243177,1586156,0,40000,0,1643943,141288,141288,55529,17787,40000,148638,17787,0
13209,FORT JENNINGS STATE BANK,20251231,NM,1,274242,8967,19923,199606,237182,0,0,0,240659,33583,33583,12895,3477,0,45746,3477,0
13216,SAVINGS BANK,20251231,NM,1,517344,6934,99216,373844,436467,2318,21500,0,464886,52458,52458,21791,4601,23818,37350,4601,0
13220,PEOPLES BANK CO,20251231,NM,1,831000,17904,346344,433138,729067,0,19000,0,751245,79755,79755,30978,3178,19000,33614,3178,0
13242,FARMERS&MERCHANTS STATE BANK,20251231,NM,1,240843,6704,17687,204917,179696,0,33185,0,215205,25638,25638,4459,2324,33185,11535,2324,0
13249,STATE SB OF MANISTIQUE,20251231,SM,1,181526,12172,68592,88974,155374,4008,8000,0,167535,13991,13991,4486,153,12008,11788,153,0
13251,CHAMBERS STATE BANK,20251231,NM,1,86006,13423,1370,66217,64545,0,0,0,65364,20642,20642,2293,819,0,4996,819,0
13255,MIDWEST BANK,20251231,SM,1,1252928,23914,218181,927698,1044708,0,99195,0,1147901,105027,105027,32600,3998,99195,83135,3998,0
13264,BANK OF LUXEMBURG,20251231,NM,1,716304,18390,129701,534311,623040,0,30000,0,658111,58193,58193,19079,5071,30000,33902,5071,0
13274,BANK OF COMMERCE,20251231,SM,1,186200,19140,26423,131762,158720,0,0,0,162723,23477,23477,5709,4003,0,8875,4003,0
13297,SOLVAY BANK,20251231,SM,1,1183807,33167,359837,735312,1064959,0,15521,0,1091034,92773,92773,41684,10554,15521,55491,10554,0
13303,BANK OF ENGLAND,20251231,NM,1,328622,57520,136754,96660,249465,0,10000,0,263044,65578,65578,14560,3579,10000,37688,3579,0
13305,NEW WASHINGTON STATE BANK,20251231,NM,1,762918,51219,163447,496402,682874,0,0,0,691608,71310,71310,28222,8734,0,51850,8734,0
13339,STATE BANK&TRUST CO,20251231,SM,1,1536850,68407,188627,1166243,1317530,9230,35552,0,1380172,156678,156678,51213,17860,44782,113573,17860,0
13341,CROGHAN COLONIAL BANK,20251231,SM,1,1314050,28886,383526,820784,973843,50141,145000,0,1177001,137049,137049,45814,8017,195141,80854,8017,0
13366,EXCHANGE BANK&TRUST CO,20251231,SM,1,418381,12298,71512,312022,375388,0,6000,0,383086,35295,35295,12130,1698,6000,22549,1698,0
13381,NORTHEAST MISSOURI STB,20251231,NM,1,157993,11611,67297,67527,141187,0,0,0,142161,15832,15832,4781,974,0,11558,974,0
13382,FARMERS&MERCHANTS STB SPRING,20251231,NM,1,141380,15614,27522,90796,121518,0,5881,0,128621,12759,12759,5653,1222,5881,7448,1222,0
13397,BANK OF UTICA,20251231,NM,1,1405373,46882,1189424,141178,1010249,0,0,0,1046241,359132,359132,13308,35992,0,27889,35992,0
13407,FARMERS STATE BANK,20251231,NM,1,403992,48235,97288,240051,347771,0,0,0,349900,54092,54092,14168,2129,0,18418,2129,0
13415,FARMERS&MERCHANTS BANK,20251231,NM,1,79769,11927,33853,25536,69475,0,0,0,69809,9960,9960,677,334,0,8453,334,0
13416,OKLAHOMA STATE BANK,20251231,NM,1,63818,229,12235,49311,57207,0,0,0,57348,6470,6470,1307,141,0,2043,141,0
13421,UNION BANK&TRUST CO,20251231,NM,1,9093084,76862,1770873,6746224,7734474,0,310000,0,8137478,955606,955606,347853,93004,310000,499125,93004,0
13430,WADENA STATE BANK,20251231,SM,1,205998,6764,58947,133151,186425,0,0,0,187096,18902,18902,4607,671,0,7136,671,0
13450,INTEGRITY BANK,20251231,NM,1,92844,3952,51443,33386,82331,0,0,0,83572,9272,9272,2448,1241,0,4063,1241,0
13454,ROYAL BANK,20251231,NM,1,798759,26147,193534,542905,708273,0,0,0,714230,84529,84529,20424,5957,0,36173,5957,0
13551,STATE EXCHANGE BANK,20251231,NM,1,95067,16589,6531,68976,84069,0,1000,0,85255,9812,9812,2808,186,1000,2971,186,0
13561,FLEETWOOD BANK,20251231,SM,1,401618,15952,126842,237267,355574,0,14000,0,373794,27824,27824,12837,4220,14000,21557,4220,0
13565,BANK OF SUN PRAIRIE,20251231,NM,1,726479,32003,83300,580103,608287,0,45000,0,660120,66359,66359,23366,6833,45000,31073,6833,0
13582,STATE BANK OF NAUVOO,20251231,NM,1,36674,15361,715,18498,33430,0,0,0,33517,3157,3157,598,87,0,2100,87,0
13599,FIRST LOCKHART BANK,20251231,NM,1,397918,55427,22364,299620,357734,0,0,0,360692,37226,37226,8860,2958,0,20507,2958,0
13600,POINTWEST BANK,20251231,NM,1,136897,9263,70537,48838,121897,1500,0,0,123441,13456,13456,1216,44,1500,8259,44,0
13611,BANK OF MEAD,20251231,NM,1,37522,5249,15715,15613,33584,0,0,0,33717,3805,3805,821,133,0,945,133,0
13616,CORYDON STATE BANK,20251231,NM,1,134331,1862,87874,37497,101411,0,0,0,101943,32388,32388,1421,532,0,7098,532,0
13622,DAYSPRING BANK,20251231,NM,1,1154050,40651,212950,798436,920034,0,103520,0,1033089,120961,120961,30707,5507,103520,102013,9535,0
13632,FIRST STATE BANK,20251231,SM,1,613664,53381,101291,431200,539800,0,4450,0,547028,66636,66636,19751,2778,4450,27792,2778,0
13652,PINE COUNTRY BANK,20251231,NM,1,383615,17926,108824,235344,336754,0,0,0,338176,45439,45439,7101,1422,0,21521,1422,0
13656,UNITED COMMUNITY BANK,20251231,NM,1,289307,33042,44929,194196,241400,0,17757,0,263610,25697,25697,12079,4453,17757,17140,4453,0
13662,FARMERS&MERCHANTS STB BLOOMF,20251231,NM,1,219121,5374,62230,144618,187497,0,9734,0,198715,20406,20406,5674,1484,9734,6899,1484,0
13692,BRUNSWICK STATE BANK,20251231,NM,1,170857,13618,5881,146065,154388,0,0,0,154807,16050,16050,3955,419,0,5293,419,0
13696,NEBRASKA STATE BANK,20251231,NM,1,22335,7648,0,13982,18579,0,0,0,18784,3551,3551,693,205,0,705,205,0
13703,GREENVILLE NATIONAL BANK,20251231,N,1,623494,48898,110457,434102,529832,12502,2226,0,548067,75427,75427,18993,3507,14728,30037,3507,0
13712,LIBERTYVILLE SAVINGS BANK,20251231,NM,1,388231,30585,103567,231234,305930,0,37000,0,344585,43646,43646,14331,1655,37000,22845,1655,0
13715,STATE BANK,20251231,NM,1,88833,10005,33143,42836,81055,0,0,0,81480,7353,7353,721,425,0,2849,425,0
13716,MIDDLEFIELD BANKING CO,20251231,NM,1,1901612,39823,155543,1562719,1473787,0,178198,0,1667247,234365,234365,70782,15262,178198,143527,15262,0
13729,PRESCOTT STATE BANK,20251231,NM,1,16654,5337,1730,8598,13711,0,431,0,14190,2464,2464,224,48,431,989,48,0
13735,SAVINGS BANK,20251231,NM,1,292884,2173,65518,218595,251779,214,3000,0,255592,37292,37292,4340,599,3214,6598,599,0
13736,MAYNARD SAVINGS BANK,20251231,NM,1,110766,700,56068,48437,90570,0,6725,0,97609,13157,13157,1407,314,6725,5561,314,0
13737,FARMERS&MERCHANTS BANK&TRUST,20251231,NM,1,212732,5058,65538,124136,180719,0,13500,0,196117,16615,16615,14701,1898,13500,18000,1898,0
13748,UPSTATE NATIONAL BANK,20251231,N,1,276574,24760,23750,221116,190562,0,56000,0,247685,28889,28889,6677,1123,56000,6948,1123,0
13753,BLUE GRASS SAVINGS BANK,20251231,NM,1,220598,2185,87765,116421,180741,0,8500,0,191340,29258,29258,11964,2099,8500,14227,2099,0
13774,BENTON COUNTY STATE BANK,20251231,NM,1,50502,1451,12942,34235,37770,372,3500,0,43035,7467,7467,1691,1393,3872,1874,1393,0
13775,FARMERS STATE BANK,20251231,NM,1,229412,5060,75225,135790,197579,6384,0,0,206421,22991,22991,10211,2458,6384,13337,2458,0
13784,NORTHERN INTERSTATE BANK N A,20251231,N,1,191111,4387,94796,78183,168837,782,9000,0,179937,11174,11174,10666,1318,9782,13745,1318,0
13788,CONCORDIA BK OF CONCORDIA MO,20251231,NM,1,127511,15658,12994,92014,112626,0,0,0,113365,14146,14146,1524,739,0,6845,739,0
13794,MCINTOSH COUNTY BANK,20251231,NM,1,113632,2028,37312,66080,98923,0,1000,0,103032,10600,10600,4366,3109,1000,8212,3109,0
13798,FIRST NB IN FREDONIA,20251231,N,1,105400,13456,60929,29827,93360,0,0,0,93497,11903,11903,1059,137,0,1188,137,0
13801,FARMERS&MERCHANTS BANK,20251231,NM,1,304625,42285,58588,186004,280033,0,0,0,281613,23012,23012,8525,1580,0,17748,1580,0
13802,TWIN VALLEY BANK,20251231,SM,1,145629,3014,29746,93522,135034,0,0,0,135728,9901,9901,3929,694,0,19347,694,0
13809,MINNSTAR BANK NATIONAL ASSN,20251231,N,1,191406,15593,9508,154224,167619,0,2000,0,170168,21238,21238,6054,549,2000,12081,549,0
13813,FIRST NB IN PINCKNEYVILLE,20251231,N,1,137750,2361,64587,64330,124220,0,1900,0,127098,10652,10652,5030,978,1900,6472,978,0
13816,BANK 1ST,20251231,SM,1,164074,1384,62340,95798,133787,0,12600,0,147495,16579,16579,3179,1108,12600,4552,1108,0
13819,COMMERCIAL STATE BANK,20251231,NM,1,245803,3637,23562,208738,219144,796,27,0,221845,23958,23958,6641,1878,823,9866,1878,0
13821,CROSS BANK,20251231,NM,1,567622,18569,84032,443402,479406,0,25139,0,508922,58700,58700,11422,4377,25139,21619,4377,0
13832,TRUST BANK,20251231,NM,1,44037,17839,1032,21945,36477,0,0,0,37038,6999,6999,1324,561,0,3221,561,0
13838,FIELD&MAIN BANK,20251231,SM,1,860833,107519,55983,644308,781985,0,603,0,787254,73579,73579,32435,4666,603,53023,4666,0
13843,KENTLAND BANK,20251231,NM,1,406504,6461,101243,272332,310696,2393,45000,0,361875,44629,44629,19833,3786,47393,26468,3786,0
13868,FIRST STATE BANK NEBRASKA,20251231,SM,1,1125175,35311,141500,877226,953005,0,55117,0,1011677,113498,113498,37955,3555,55117,71138,3555,0
13876,CNB BANK,20251231,NM,1,8372231,520969,835459,6421403,7131555,0,181947,0,7431915,940316,932937,319830,118413,181947,594400,118413,0
13883,FARMERS STATE BANK,20251231,NM,1,169815,6916,68680,85783,151984,0,4700,0,157572,12243,12243,5470,888,4700,8436,888,0
13887,FARMERS&MERCHANTS BANK,20251231,NM,1,304556,9484,136950,120607,275572,0,6000,0,283747,20809,20809,12546,2175,6000,37515,2175,0
13892,SANDHILLS STATE BANK,20251231,NM,1,392581,44997,61423,267077,357399,0,0,0,359004,33577,33577,7216,1605,0,19084,1605,0
13897,FARMERS STATE BANK,20251231,NM,1,392929,27107,57422,294004,352157,0,9000,0,361982,30947,30947,6771,825,9000,14396,825,0
13902,FARMERS STATE BANK OF MEDORA,20251231,NM,1,20955,2263,10091,7305,18473,0,0,0,18593,2362,2362,509,120,0,1296,120,0
13905,FIRST TEXOMA NATIONAL BANK,20251231,N,1,217575,5542,55141,149250,195580,0,0,0,195973,21602,21602,3528,393,0,7642,393,0
13919,SOUTHTRUST BANK N A,20251231,N,1,593611,91053,138808,338809,521408,0,0,0,524897,68714,68714,16033,3489,0,24941,3489,0
13926,STATE BK OF CANTON CANTON KS,20251231,NM,1,34006,3748,11362,16516,25892,0,0,0,26076,7930,7930,868,184,0,2380,184,0
13931,STATE BANK OF SCHALLER,20251231,NM,1,39756,7730,20823,10293,34268,0,0,0,34416,5340,5340,829,148,0,910,148,0
13946,FIRST BANK&TRUST CO,20251231,NM,1,245109,10054,81398,146029,219272,0,0,0,219941,25168,25168,2879,669,0,7628,669,0
13947,ALAMOSA STATE BANK,20251231,NM,1,338190,60611,93317,173276,296083,0,0,0,297722,40468,40468,9240,1639,0,10986,1639,0
13951,COMMUNITY BANK OF LOUISIANA,20251231,NM,1,879593,71015,504320,281959,825488,0,0,0,827398,52195,52195,15664,1910,0,22299,1910,0
13953,IOWA STATE BANK,20251231,SM,1,1263445,29556,288208,865439,917034,107747,100000,0,1134311,129134,129134,55865,9530,207747,80242,9530,0
13955,FOUNDATION BANK,20251231,NM,1,214065,66837,23333,110870,181125,0,0,0,184744,29321,29321,6489,3619,0,13025,3619,0
13959,CBW BANK,20251231,NM,1,82820,64352,3635,7359,58170,0,0,0,58257,24563,24563,1799,87,0,7474,87,0
13960,BANK OF HOUSTON,20251231,NM,1,63363,2588,5542,49827,49670,0,4000,0,54209,9154,9154,1152,539,4000,5406,539,0
13962,BANK OF HARTINGTON,20251231,SM,1,155217,4246,26454,117665,128506,928,12906,0,143039,12178,12178,6129,699,13834,6852,699,0
13983,GRANVILLE NATIONAL BANK,20251231,N,1,116605,6727,53842,52315,103465,0,0,0,104137,12468,12468,1174,672,0,3721,672,0
13986,TRANSACT BANK NATIONAL ASSN,20251231,N,1,6598,1270,401,2305,5164,0,0,0,5538,1060,1060,2309,374,0,2622,374,0
13990,PALO SAVINGS BANK,20251231,NM,1,47291,7686,14863,22580,43501,0,0,0,43637,3654,3654,421,136,0,2162,136,0
13999,FARMERS&MERCHANTS STATE BANK,20251231,NM,1,34044,1444,15469,13429,30509,0,0,0,30570,3474,3474,727,61,0,3702,61,0
14009,CHELSEA STATE BANK,20251231,SM,1,413915,57753,85787,248428,363019,0,11,0,365896,48019,48019,16233,2866,11,21947,2866,0
14017,MIDDLETOWN VALLEY BANK,20251231,NM,1,1128814,30707,140156,924948,985198,0,33000,0,1027562,101252,101252,19790,9294,33000,33003,9364,0
14024,FARMERS&MERCHANTS BK MOUND C,20251231,NM,1,57579,15666,3164,37341,52782,0,735,0,53704,3875,3875,772,187,735,1408,187,0
14025,CONNECTIONS BANK,20251231,NM,1,492806,30069,6276,411458,439263,0,0,0,440978,51828,51828,12094,1715,0,45003,1715,0
14026,SCRIBNER BANK,20251231,NM,1,91674,18796,11040,54323,77862,0,0,0,78146,13528,13528,3005,284,0,7515,284,0
14028,FIRST GUARANTY BANK,20251231,NM,1,4075579,845400,999719,2029047,3636734,7119,135000,0,3811701,263878,263878,103555,32848,142119,201413,32848,0
14029,FIRST LIBERTY BANK,20251231,NM,1,851168,83315,41848,690711,735429,0,10000,0,756172,94996,94996,25891,10743,10000,35294,10743,0
14036,MISSOURI BANK,20251231,SM,1,501959,49192,98314,315855,446042,0,0,0,447078,54881,54881,18990,1036,0,38598,1036,0
14056,FARMERS&MERCHANTS BK ST CLAI,20251231,NM,1,335850,8484,76263,227612,285509,0,10000,0,297239,38611,38611,13323,1730,10000,23491,1730,0
14058,GREAT PLAINS STATE BANK,20251231,NM,1,369086,7917,36100,301635,300638,0,21000,0,325084,44002,44002,7142,3446,21000,23434,3446,0
14065,PINNACLE BANK,20251231,NM,1,2267326,65728,384841,1675853,2015596,1308,0,0,2043892,223434,223434,46824,26988,1308,140904,26988,0
14069,STATE BANK OF SCOTIA,20251231,NM,1,57594,11603,16183,28325,45057,0,0,0,45421,12173,12173,1180,364,0,1483,364,0
14073,COUNTY NATIONAL BANK,20251231,N,1,1319644,15940,170011,1083991,1119392,0,65600,0,1197472,122172,122172,34660,12480,65600,49702,12480,0
14079,GNB BANK,20251231,SM,1,630720,17690,117108,451374,494538,2844,48120,0,553549,77171,77171,31024,8047,50964,44548,8047,0
14083,BISON STATE BANK,20251231,NM,1,123554,4170,2128,97514,97583,0,12320,0,110825,12729,12729,3699,922,12320,19742,922,0
14095,FIRST NB IN FALFURRIAS,20251231,N,1,89932,39472,26928,22443,82149,0,0,0,82221,7711,7711,667,72,0,1089,72,0
14096,GENERATIONS BANK,20251231,NM,1,62228,1011,11181,46479,48494,0,7486,0,56327,5901,5901,2699,347,7486,3557,347,0
14113,PEOPLES STATE BANK,20251231,NM,1,481999,17094,179244,268194,421081,13501,0,0,436319,45680,45680,6965,1737,13501,17467,1737,0
14134,PASSUMPSIC SAVINGS BANK,20251231,SI,1,942403,93017,127461,645065,761557,0,44237,0,821401,121002,121002,39780,15607,44237,76860,15607,0
14136,WELLS RIVER SAVINGS BANK,20251231,SI,1,251880,8832,56666,172125,219733,0,6105,0,229095,22785,22785,7846,3257,6105,14257,3257,0
14140,NORTHFIELD SAVINGS BANK,20251231,SI,1,1610517,37214,343958,1137615,1363156,47618,28809,0,1458410,152107,152107,63864,18827,76427,91730,18827,0
14158,UNION BANK,20251231,NM,1,1616622,21161,328132,1172565,1217797,0,286481,0,1519601,97021,97021,55459,15323,286481,94764,15323,0
14168,PEOPLES TR CO OF ST ALBANS,20251231,NM,1,384277,8340,57288,287746,339187,0,0,0,341942,42335,42335,12184,2755,0,30903,2755,0
14178,SILEX BANKING CO,20251231,NM,1,92366,4270,23707,61736,78899,0,0,0,79080,13286,13286,1008,181,0,2653,181,0
14184,MARION COMMUNITY BANK,20251231,NM,1,350225,24776,83485,218678,319593,0,7000,0,327880,22345,22345,13378,1287,7000,23286,1287,0
14185,FIRST STATE B&T CO INC,20251231,SM,1,641982,17631,123620,455674,556463,0,11800,0,572928,69054,69054,29447,4564,11800,45057,4665,0
14195,FARMERS TRUST&SAVINGS BANK,20251231,SM,1,368610,6363,21132,314595,310947,0,15000,0,327192,41418,41418,8649,1245,15000,26520,1245,0
14207,LINCOLN SAVINGS BANK,20251231,NM,1,1751191,128435,330189,1148916,1514104,0,70000,0,1596309,154882,154882,69588,12205,70000,143651,12205,0
14208,SECURITY SAVINGS BANK,20251231,SM,1,194161,6308,26616,134280,162626,2000,250,0,166765,27396,27396,8680,1889,2250,26957,1889,0
14209,FARMERS STATE BANK,20251231,NM,1,1110296,28942,214536,836993,911491,16020,24000,0,959423,150873,150873,20963,7912,40020,29825,7912,0
14222,SECURITY FINANCIAL BANK,20251231,SM,1,1028747,32997,212717,724772,837761,0,88678,0,932176,96571,96571,28811,5737,88678,58261,5737,0
14225,HOME NB OF THORNTOWN,20251231,N,1,183331,5035,37479,130173,165674,0,0,0,166431,16900,16900,8083,757,0,10644,757,0
14230,MALVERN BANK,20251231,NM,1,242016,27110,254,203707,197792,0,22000,0,220856,21160,21160,6830,1064,22000,10945,1064,0
14247,UNITED BANK&TRUST CO,20251231,NM,1,227243,32483,66773,117944,199622,0,0,0,200149,27094,27094,3679,527,0,10043,527,0
14260,WALTERS BANK&TRUST CO,20251231,NM,1,69569,8441,20458,37723,55835,0,0,0,55894,13675,13675,576,59,0,2947,59,0
14264,CORNHUSKER BANK,20251231,SM,1,1024871,34817,133227,819010,865212,0,55714,0,925151,99720,99720,13274,4225,55714,37817,4225,0
14266,NATIONAL BANK OF COMMERCE,20251231,N,1,2208754,98353,355886,1649849,1846579,7987,130595,0,1994947,213807,213807,47968,9786,138582,104666,9786,0
14269,CITIZENS STATE BANK,20251231,NM,1,430228,10186,72445,328170,364802,22957,4400,0,396209,34019,34019,16450,4050,27357,19427,4050,0
14275,FARMERS&MERCHANTS BANK,20251231,NM,1,205067,19095,66,179205,155103,0,25732,0,181579,23488,23488,5711,744,25732,6701,744,0
14276,FIRST BANK UPPER MICHIGAN,20251231,NM,1,632867,35775,110546,440815,524445,0,20000,0,550909,81958,81958,22073,6464,20000,45731,6464,0
14281,FIRST BANK OF UTICA,20251231,SM,1,80299,8355,119,59815,65356,0,3216,0,69167,11132,11132,3115,595,3216,12010,595,0
14291,BANK,20251231,SM,1,209440,43063,15405,134536,183531,0,3888,0,189317,20123,20123,5167,1898,3888,16436,1898,0
14293,CITIZENS BANK&TRUST,20251231,NM,1,114514,13290,45504,52882,100344,2048,0,0,102617,11897,11897,1904,225,2048,2838,225,0
14311,ADAMS COUNTY BANK,20251231,NM,1,240243,3654,64974,156356,148645,0,65795,0,216096,24147,24147,14513,1656,65795,15259,1656,0
14312,FIVE POINTS BANK OF HASTINGS,20251231,SM,1,520720,32548,202259,258265,459682,2088,0,0,464013,56707,56707,24916,2243,2088,27648,2243,0
14316,CONSERVATION FIRST BANK,20251231,NM,1,118960,4325,5624,104887,96162,0,6625,0,103442,15518,15518,2939,655,6625,4124,655,0
14327,HORIZON BANK,20251231,NM,1,511566,41093,37434,403192,424111,0,1200,0,435003,76563,76563,23676,9692,1200,29847,9692,0
14331,FIRSTBANK,20251231,SM,1,644831,140850,65704,391785,561968,0,1328,0,566523,78308,78308,14932,3227,1328,46492,3227,0
14333,COMMERCIAL BANK&TRUST OF PA,20251231,NM,1,362357,5720,155781,169147,305506,0,17536,0,325732,36625,36625,28794,2690,17536,31709,2690,0
14334,UNITED BANK OF UNION,20251231,NM,1,561850,27084,62428,452342,462600,0,49500,0,515297,46553,46553,8478,3197,49500,19996,3197,0
14344,FARMERS STATE BANK,20251231,SM,1,40991,204,15288,21609,33330,0,3401,0,36876,4115,4115,1962,145,3401,3890,145,0
14349,BANK OF SALEM,20251231,NM,1,144917,12982,32983,90422,131640,0,1000,0,132990,11927,11927,4764,350,1000,8530,350,0
14352,FEDERATION BANK,20251231,NM,1,153694,10023,53742,80447,131829,5356,1230,0,139206,14488,14488,5932,791,6586,9482,791,0
14355,FIRST CITIZENS NB UPPER SAND,20251231,N,1,367550,17751,95962,222267,307116,11476,0,0,324470,43080,43080,18472,5878,11476,31570,5878,0
14382,FIDELITY BANK&TRUST,20251231,NM,1,2520177,57928,489099,1787961,2125580,37063,84134,0,2262420,257757,257757,89714,15643,121197,185189,15643,0
14392,FARMERS TRUST&SAVINGS BANK,20251231,NM,1,199589,14429,30560,144194,153884,0,0,0,156846,42743,42743,9445,2962,0,10406,2962,0
14399,HASKELL NATIONAL BANK,20251231,N,1,74151,14373,29999,25746,64844,0,0,0,65162,8989,8989,3154,318,0,4033,318,0
14400,FIRST NB IN TIGERTON,20251231,N,1,28131,7105,5715,13350,24202,0,0,0,24229,3902,3902,160,27,0,1961,27,0
14410,CITY STATE BANK,20251231,NM,1,774887,107264,70521,575084,684101,0,16887,0,703389,71498,71498,9045,2401,16887,22018,2401,0
14413,IOWA ST B&T CO FAIRFLD IA,20251231,SM,1,330646,27437,47413,243360,279363,0,23468,0,304247,26399,26399,9332,1416,23468,12436,1416,0
14415,BELLEVUE STATE BANK,20251231,NM,1,188475,29016,29885,125290,159081,0,5007,0,164879,23596,23596,3661,791,5007,4284,791,0
14420,FNB BANK,20251231,NM,1,272944,14292,59138,187429,237531,0,12000,0,250454,22490,22490,6152,923,12000,12085,923,0
14427,FIRST NB IN DERIDDER,20251231,N,1,416339,72713,92021,237078,377830,0,0,0,380468,35871,35871,4994,2638,0,14527,2638,0
14445,FARMERS&MERCHANTS UNION BANK,20251231,NM,1,683303,18108,71359,562012,582235,0,11000,0,598841,84462,84462,14010,5606,11000,31824,5606,0
14488,CITIZENS BANK,20251231,NM,1,350183,14140,7071,313021,300436,0,0,0,304263,45920,45920,10946,3827,0,15951,3827,0
14491,BANK OF CHARLOTTE COUNTY,20251231,SM,1,228115,39792,40996,141720,203724,0,0,0,204671,23444,23444,2300,947,0,5607,947,0
14492,HOMEBANK,20251231,NM,1,711607,53146,36216,578914,600732,0,37255,0,646216,65391,65391,20951,8229,37255,43331,8229,0
14507,CNB BANK INC,20251231,NM,1,786337,11123,193873,550098,638679,0,72000,0,720222,66115,66115,22099,9543,72000,31243,9543,0
14513,THUMB BANK&TRUST,20251231,SM,1,675431,49953,197887,380622,607862,0,0,0,610282,65149,65149,23835,2420,0,46969,2420,0
14521,BANK IOWA,20251231,SM,1,2415388,104015,439226,1764089,2030289,5846,156670,0,2220058,195330,195330,62612,27253,162516,108058,27253,0
14522,PCSB BANK,20251231,NM,1,337224,23942,104612,179279,306764,0,0,0,308183,29041,29041,5321,1419,0,29391,1419,0
14523,ANTWERP EXCHANGE BANK CO,20251231,NM,1,158657,10232,22768,110822,145454,0,0,0,145862,12795,12795,5056,408,0,14835,408,0
14531,AMARILLO NATIONAL BANK,20251231,N,1,9551998,1846956,386770,7002497,8336986,69216,0,0,8474958,1077040,1077040,111026,68756,69216,315775,68756,0
14546,NEW ERA BANK,20251231,NM,1,438645,41505,119722,251904,374308,0,0,0,376068,62577,62577,11914,1760,0,25514,1760,0
14556,EXCHANGE STATE BANK,20251231,NM,1,104019,13899,19456,65256,88253,0,3607,0,92525,11494,11494,3980,665,3607,5408,665,0
14560,UNION STATE BANK,20251231,NM,1,125285,12424,32211,76057,104039,0,9000,0,113703,11582,11582,3259,664,9000,4593,664,0
14567,FIRST NATIONAL BANK IN OLNEY,20251231,N,1,455000,31162,159919,244788,404252,645,1321,0,407199,47801,47801,5792,981,1966,19131,981,0
14574,ODIN STATE BANK,20251231,NM,1,81848,1206,14310,63288,73738,592,0,0,74982,6866,6866,1008,652,592,3044,652,0
14578,FARMERS STATE BANK,20251231,NM,1,1275496,111781,237723,878663,1127454,4136,10000,0,1149883,125613,125529,33530,8293,14136,47329,8293,0
14581,CLARKSON BANK,20251231,NM,1,78510,2332,30458,43244,60875,0,9525,0,70584,7926,7926,2366,184,9525,2476,184,0
14584,FIRST NB IN TRINIDAD,20251231,N,1,258951,11827,86036,141127,243103,0,0,0,243272,15679,15679,11080,169,0,19961,169,0
14587,UNIVERSITY BANK,20251231,NM,1,1110261,20941,18464,986221,893703,0,66430,0,988724,121537,108607,33535,28591,66430,84635,28591,0
14597,UNION BANK,20251231,SM,1,677783,54499,140645,459268,598480,0,0,0,604059,73724,73724,9647,5579,0,23371,5579,0
14604,COMMUNITY POINT BANK,20251231,NM,1,239564,4573,25395,199399,206553,1515,14000,0,222502,17062,17062,7976,434,15515,10197,434,0
14619,SAVANNAH BANK NATIONAL ASSN,20251231,N,1,189499,19472,74901,91959,171387,3518,0,0,175425,14074,14074,1513,520,3518,3167,520,0
14633,COMMUNITY SAVINGS BANK,20251231,NM,1,618449,19976,138979,428613,493875,11960,55272,0,565020,53429,53429,9849,3913,67232,30881,3913,0
14642,COMMERCIAL BANK,20251231,NM,1,263549,17877,131885,100518,232332,8000,0,0,241539,22010,22010,8654,1207,8000,13269,1207,0
14644,MALVERN NATIONAL BANK,20251231,N,1,712512,13698,283665,371141,635684,0,5000,0,645939,66573,66573,24808,5255,5000,44008,5255,0
14646,NEWFIELD NATIONAL BANK,20251231,N,1,891361,10324,348855,453126,806715,0,15802,0,824587,66774,66774,32059,2070,15802,79056,2070,0
14649,COMMUNITY BANK,20251231,NM,1,137131,6041,32221,92976,121796,0,0,0,122529,14602,14602,3966,733,0,5893,733,0
14650,HILLS BANK&TRUST CO,20251231,NM,1,4646755,41542,955584,3514866,3371323,586882,64333,0,4044218,602537,602537,85356,21680,651215,134763,21680,0
14660,BANK OF PRAIRIE DU SAC,20251231,NM,1,760487,160626,208610,376114,660466,0,3000,0,666713,93774,93774,11260,3247,3000,15137,3247,0
14662,TRUSTBANK,20251231,NM,1,628361,48060,50427,504796,542911,0,18140,0,566874,61487,61487,12363,5823,18140,25078,5823,0
14674,FIRST NATIONAL BANK IN AMBOY,20251231,N,1,313690,10489,163551,130723,258906,3081,20431,0,284368,29322,29322,5695,1950,23512,8927,1950,0
14679,INDUSTRIAL BANK,20251231,NM,1,773478,29023,294986,399687,604504,5285,50000,0,665968,107510,107510,27834,6179,55285,49782,6179,0
14690,IOWA SAVINGS BANK,20251231,NM,1,290405,29093,95164,159648,260332,5963,0,0,267563,22842,22842,4252,1268,5963,6500,1268,0
14692,PEOPLES BANK,20251231,SM,1,493898,12803,126792,321904,430830,0,18779,0,451736,42162,42162,9338,2127,18779,32399,2127,0
14694,CEDAR VALLEY BANK&TRUST,20251231,NM,1,121368,2204,4206,112233,109322,950,0,0,110555,10813,10813,1962,283,950,2725,283,0
14695,MA BANK,20251231,SM,1,404054,11763,139411,213803,359806,0,3258,0,366116,37938,37938,17451,3052,3258,39077,3052,0
14701,BANK OF NEW MADRID,20251231,NM,1,118470,5632,47037,63122,101708,0,0,0,101975,16495,16495,1748,267,0,2679,267,0
14705,DEWITT BANK&TRUST CO,20251231,NM,1,256847,956,41824,201752,223119,1122,9400,0,235374,21473,21473,7886,1733,10522,12315,1733,0
14712,FIRST NATIONAL BANK,20251231,N,1,2073342,235630,244514,1443579,1571391,0,19794,0,1619329,454013,454013,53217,28144,19794,149619,28144,0
14722,UNION BANK,20251231,NM,1,390571,11231,35953,302429,319217,0,29000,0,358695,31876,31876,12083,10478,29000,40958,10478,0
14730,FRONTIER BANK,20251231,NM,1,424944,16033,206442,194491,380210,0,0,0,381992,42952,42952,6045,1782,0,7978,1782,0
14731,CITIZENS NB OF QUITMAN,20251231,N,1,137209,26356,30786,72191,121006,0,0,0,121386,15823,15823,7555,380,0,7876,380,0
14735,FIRST CMTY BK HEARTLAND INC,20251231,NM,1,492704,26577,44090,387920,438205,0,14000,0,455531,37173,37173,14247,3326,14000,34117,3326,0
14744,WILLIAMSTOWN BANK INC,20251231,NM,1,228460,12065,16438,185804,204305,0,0,0,205072,23388,23388,5077,767,0,14153,767,0
14761,1NB BANK,20251231,SM,1,306614,7674,92489,192930,256675,0,19230,0,277835,28779,28779,11427,1930,19230,13521,1930,0
14769,DMB COMMUNITY BANK,20251231,NM,1,826686,10832,110909,665926,576681,0,154000,0,739119,87567,87567,22418,8438,154000,39019,8438,0
14772,DANVILLE STATE SAVINGS BANK,20251231,NM,1,177878,2978,57061,105919,153907,0,0,0,154787,23091,23091,5667,880,0,11920,880,0
14773,STATE SAVINGS BANK,20251231,NM,1,196340,7865,0,179666,169750,0,3268,0,173751,22589,22589,2822,733,3268,8809,733,0
14779,CITIZENS NB AT BROWNWOOD,20251231,N,1,306138,52708,138119,100985,275139,0,0,0,277058,29080,29080,9851,1919,0,14326,1919,0
14785,CITIZENS SAVINGS BANK,20251231,NM,1,75363,17012,4268,47493,62206,0,5028,0,67636,7727,7727,1733,402,5028,6590,402,0
14801,FIRST STATE BANK&TRUST,20251231,NM,1,535828,17729,292921,209053,461496,0,0,0,462814,73014,73014,10610,1318,0,16125,1318,0
14807,FARMERS SAVINGS BANK,20251231,NM,1,296486,31508,73912,171649,259701,0,7176,0,268395,28091,28091,12487,1518,7176,19417,1518,0
14809,HEARTLAND BANK,20251231,NM,1,267455,9641,30327,215881,200872,31568,0,0,234679,32776,32776,7020,2239,31568,11606,2239,0
14812,TS BANK,20251231,NM,1,437153,9378,154973,212917,403537,4671,0,0,417782,19371,19371,46677,9574,4671,59885,9574,0
14820,CITIZENS NB OF HAMMOND,20251231,N,1,25618,3448,1942,19673,23481,0,0,0,23524,2094,2094,348,43,0,555,43,0
14836,FIRST NB IN NEW BREMEN,20251231,N,1,455520,220498,70841,149089,408411,0,0,0,410126,45394,45394,10431,1715,0,15092,1715,0
14843,MIDWESTONE BANK,20251231,NM,1,6254039,241883,1128211,4485658,5479126,0,5308,0,5551221,702818,702818,185201,48527,5308,398287,66787,0
14851,CITIZENS BANK,20251231,NM,1,1348244,16508,212181,1050509,1136096,2990,19036,0,1173052,175192,173289,16764,14930,22026,69046,14930,0
14853,FIRST NB AT ST JAMES,20251231,N,1,36807,7270,2466,24496,33641,0,0,0,33716,3091,3091,881,75,0,2575,75,0
14857,STATE STREET BANK&TRUST CO,20251231,NM,1,348701,7500,52668,274709,305918,0,9270,0,316785,31916,31916,10798,1597,9270,13824,1597,0
14863,LINKBANK,20251231,NM,1,3067526,45282,288105,2525055,2555580,0,115000,0,2708583,358943,358943,92128,38003,115000,209084,38003,0
14864,STOCKMENS NB IN COTULLA,20251231,N,1,124600,34840,56922,28494,112928,0,0,0,113003,11597,11597,3973,75,0,4344,75,0
14867,HOME STATE BANK,20251231,NM,1,460238,25926,48694,365647,417530,0,0,0,419563,40675,40675,6422,2033,0,19971,2033,0
14868,PEOPLES SAVINGS BANK,20251231,NM,1,190310,8108,34823,139697,149890,0,22575,0,174353,15957,15957,6489,1888,22575,7682,1888,0
14883,COMMUNITY STATE BANK,20251231,SM,1,572351,138795,32800,381915,522687,0,0,0,524189,48162,48162,10840,1502,0,18841,1502,0
14885,FIRST BANK,20251231,NM,1,881951,134537,478425,231083,807530,0,0,0,809757,72194,72194,4995,2227,0,37906,2227,0
14894,FARMERS BANK,20251231,NM,1,269294,33839,44735,183629,238788,0,0,0,240989,28305,28305,2192,2201,0,7091,2201,0
14899,BLUE SKY BANK,20251231,SM,1,1308234,81992,64377,1073251,1163324,0,10000,0,1188076,120158,120158,29839,14752,10000,88614,14752,0
14904,FIRST COMMUNITY BANK,20251231,NM,1,116939,7115,26436,76733,98755,350,3350,0,103019,13920,13920,2328,564,3700,6655,564,0
14907,INTERNATIONAL BK OF AMHERST,20251231,NM,1,104038,20672,28794,51685,89633,0,0,0,89816,14222,14222,2119,183,0,2887,183,0
14911,SHELL LAKE STATE BANK,20251231,NM,1,364718,6178,103912,229792,318536,1211,5000,0,326875,37843,37843,11926,2128,6211,24836,2128,0
14912,BANK OF DIXON COUNTY,20251231,NM,1,132795,15488,19764,89222,113643,0,811,0,114973,17822,17822,1989,519,811,8321,519,0
14914,COLLINS STATE BANK,20251231,NM,1,294501,24153,21430,232714,256372,0,9000,0,267374,27127,27127,5299,2002,9000,16204,2002,0
14920,HAMLER STATE BANK,20251231,SM,1,121183,9967,18842,82907,103377,0,0,0,104283,16900,16900,2518,906,0,9467,906,0
14922,F&M BANK,20251231,NM,1,377441,57337,11644,295822,335103,0,3271,0,339439,38002,38002,6234,1065,3271,12638,1065,0
14929,WEST SHORE BANK,20251231,NM,1,820226,37889,95024,633869,685517,21348,31800,0,745436,74790,74790,25221,6771,53148,53444,6771,0
14930,FIRST IOWA STATE BANK,20251231,SM,1,380280,6577,82601,277943,340331,7801,0,0,349400,30880,30880,10097,1268,7801,13159,1268,0
14952,LYON COUNTY STATE BANK,20251231,NM,1,213553,3382,51257,140445,185223,0,10000,0,195756,17797,17797,1832,533,10000,18469,533,0
14960,STATE BANK OF REESEVILLE,20251231,NM,1,169620,1917,79122,79530,133471,0,22500,0,157166,12454,12454,5586,1195,22500,9051,1195,0
14966,SECURITY NB OF ENID,20251231,N,1,390280,24737,131242,228879,356272,0,0,0,356774,33506,33506,2628,502,0,5422,502,0
14969,KISH BANK,20251231,NM,1,1973005,17306,168790,1690166,1482200,0,300066,0,1807891,165114,165114,56421,25625,300066,96743,25625,0
14974,FIRST STATE BANK&TRUST,20251231,NM,1,480857,6633,108523,340005,421319,14740,0,0,438714,42143,42143,12597,2655,14740,25696,2655,0
14982,UNION STATE BANK,20251231,NM,1,135733,26374,18620,85021,124901,0,0,0,125840,9893,9893,3848,939,0,5718,939,0
14991,FARMERS STATE BANK,20251231,NM,1,329338,17462,47259,234415,287660,0,3000,0,293671,35667,35667,13511,3011,3000,30202,3011,0
14995,RIVER BANK,20251231,NM,1,1045511,100610,76765,834863,782306,2233,136000,0,923838,121673,121673,11445,3299,138233,33273,3299,0
14999,PORT AUSTIN STATE BANK,20251231,NM,1,65894,1547,15589,43968,53050,0,267,0,53671,12223,12223,2771,354,267,4790,354,0
15010,COLUMBUS BANK&TRUST CO,20251231,NM,1,278519,7894,38717,220929,216380,0,34385,0,251329,27190,27190,5943,564,34385,10979,564,0
15019,FIRST BANK,20251231,SM,1,12659342,311950,2561655,8606628,10757586,0,753,0,10952039,1707303,1707303,529217,193700,753,1179109,193700,0
15032,FIRST STATE BANK,20251231,SM,1,1316947,66291,175550,998039,1188226,0,0,0,1192319,124628,124628,46179,4093,0,77067,4093,0
15035,RIVERWIND BANK,20251231,SM,1,168372,3455,33795,102962,154202,0,0,0,158308,10064,10064,7269,4106,0,28160,4106,0
15038,VALLEY STATE BANK,20251231,NM,1,195229,9946,70269,110449,166313,0,3935,0,172425,22804,22804,2040,2177,3935,4565,2177,0
15046,PEOPLES COMMUNITY BANK,20251231,NM,1,393998,27096,109670,236357,345239,0,960,0,348424,45574,45574,12076,2225,960,20875,2225,0
15050,FIRST STATE BANK,20251231,NM,1,328570,6178,71449,239518,292238,0,2000,0,295545,33025,33025,4710,1307,2000,11425,1307,0
15059,LOUISIANA NATIONAL BANK,20251231,N,1,480310,13617,15003,413762,426110,0,0,0,434833,45477,45477,15380,8723,0,37928,8723,0
15078,JUNCTION NATIONAL BANK,20251231,N,1,94552,23649,49319,20809,86387,0,0,0,86555,7997,7997,525,168,0,775,168,0
15085,ARTHUR STATE BANK,20251231,NM,1,814415,40976,141295,591691,666715,10862,80000,0,760603,53812,53812,15159,3026,90862,40453,3026,0
15091,LAKE RIDGE BANK,20251231,NM,1,3274376,246245,407874,2382398,2707857,0,197850,0,2934929,339447,339447,124187,29222,197850,237859,29222,0
15092,RICHLAND COUNTY BANK,20251231,NM,1,109867,6855,50783,45984,91819,0,0,0,92410,17457,17457,4438,591,0,6245,591,0
15098,UNION STATE BANK,20251231,NM,1,41842,9165,12743,19483,36814,0,0,0,36916,4926,4926,381,102,0,451,102,0
15101,SENATH STATE BANK,20251231,NM,1,105586,30030,16427,53389,89761,0,0,0,89834,15752,15752,636,73,0,5740,73,0
15104,BANK OF YORK,20251231,NM,1,305926,161049,40379,96230,265111,3038,0,0,268840,37086,37086,6402,691,3038,8268,691,0
15105,ZAVALA COUNTY BANK,20251231,NM,1,77833,19319,47341,7945,68264,0,0,0,68795,9038,9038,1137,531,0,3228,531,0
15111,CITIZENS STATE BANK,20251231,NM,1,334966,26814,68485,193335,295733,0,925,0,298047,36919,36919,11991,1389,925,46332,1389,0
15113,BANK OF GREELEYVILLE,20251231,NM,1,152175,14825,27513,104178,132576,0,4000,0,136926,15249,15249,1883,350,4000,5659,350,0
15118,GATEWAY FIRST BANK,20251231,NM,1,2006088,137891,128712,1524033,1212920,0,432507,0,1736598,269490,269490,67307,91171,432507,215452,91171,0
15136,BANK OF WISCONSIN DELLS,20251231,NM,1,1064931,22338,169879,825206,894343,0,40000,0,950555,114376,114376,37103,16212,40000,47508,16212,0
15146,GREAT NORTH BANK,20251231,NM,1,218199,12583,42428,132597,172345,0,10578,0,184729,33470,33470,11559,1806,10578,30591,1806,0
15152,BLACK RIVER COUNTRY BANK,20251231,NM,1,103232,6949,16030,75728,88400,0,7076,0,95913,7319,7319,2514,437,7076,4525,437,0
15164,FARMERS STB OF WESTMORELAND,20251231,NM,1,235080,9035,70149,138770,204183,0,0,0,204621,30459,30459,5100,438,0,17126,438,0
15165,PEOPLES STB OF MUNISING,20251231,NM,1,182282,3191,60884,104852,139234,1400,18500,0,159891,22391,22391,9737,757,19900,13355,757,0
15194,KCB BANK,20251231,NM,1,338600,7942,110197,192122,300046,0,0,0,301805,36795,36795,9862,1759,0,28339,1759,0
15200,DECORAH BANK&TRUST CO,20251231,NM,1,770875,16559,153945,566824,666664,4554,14807,0,691343,79532,79532,19371,5318,19361,33547,5318,0
15205,BANK3,20251231,NM,1,494904,39362,22713,411658,417161,0,23500,0,443739,51165,51165,15917,3078,23500,21171,3078,0
15206,FIRST STATE BANK,20251231,NM,1,762558,48209,198970,483791,673523,0,0,0,681637,80921,80921,15468,8114,0,31588,8114,0
15214,FIRST CENTRAL NB OF ST PARIS,20251231,N,1,98177,8408,19148,57486,78024,0,0,0,79540,18637,18637,7174,1516,0,13135,1516,0
15216,PEOPLES BANK,20251231,NM,1,188769,61398,13197,107001,167741,0,0,0,168843,19926,19926,1659,1102,0,7173,1102,0
15228,BANK OF KAUKAUNA,20251231,NM,1,188095,19594,15843,122105,165468,0,6502,0,173218,14877,13900,5905,1248,6502,30553,1248,0
15229,FIRST BUSINESS BANK,20251231,NM,1,4082035,39480,427297,3356213,3381533,0,204607,0,3658671,423364,423364,237130,72531,204607,259045,72531,0
15237,JOHNSON STATE BANK,20251231,NM,1,94077,7863,38107,33544,78369,0,2892,0,81524,12553,12553,2067,263,2892,14563,263,0
15242,NORTHERN STATE BANK,20251231,NM,1,330950,52450,109087,153423,297063,0,0,0,297376,33574,33574,11172,313,0,15990,313,0
15243,PUTNAM COUNTY BANK,20251231,SM,1,650577,27479,155927,449141,564976,0,0,0,569421,81156,81156,5988,4445,0,18030,4445,0
15249,UNITED CITIZENS B&T CO,20251231,NM,1,219799,5925,22106,176823,193583,0,5000,0,199676,20123,20123,3212,1093,5000,14945,1093,0
15254,CITIZENS STATE BANK&TRUST CO,20251231,NM,1,85117,6506,888,71588,73516,0,4000,0,78025,7092,7092,2122,509,4000,6135,509,0
15255,GREENFIELD BANKING CO,20251231,NM,1,148239,3114,47014,89722,130913,0,4197,0,136223,12016,12016,4523,1113,4197,8389,1113,0
15258,FARMERS STATE BANK,20251231,NM,1,82121,5152,17109,51393,70303,0,600,0,72720,9401,9401,2480,1817,600,8467,1817,0
15259,ELK STATE BANK,20251231,NM,1,138859,2167,56039,75301,100377,3501,24499,0,128962,9897,9897,3914,585,28000,5352,585,0
15261,CITIZENS STATE BANK,20251231,NM,1,139279,13696,42595,77756,120212,0,0,0,121420,17859,17859,4036,1208,0,5232,1208,0
15264,PEOPLES SB OF RHINELAND,20251231,NM,1,818751,51554,73705,640399,694049,500,42741,0,741950,76801,76801,19688,4660,43241,53093,4660,0
15270,MERIT BANK,20251231,NM,1,509675,12206,133804,349728,413080,0,39750,0,458424,51251,51251,7066,5594,39750,13937,5594,0
15271,FIRST STATE BANK,20251231,NM,1,564430,16410,126295,379674,457198,0,55885,0,515934,48496,48496,20430,2851,55885,42051,2851,0
15272,MARION COUNTY STATE BANK,20251231,NM,1,648460,7651,126051,488404,553316,1350,31000,0,587369,61091,61091,8933,1703,32350,26354,1703,0
15282,HERITAGE COMMUNITY BANK,20251231,NM,1,327173,18879,5922,288949,266897,0,30500,0,300497,26676,26676,8510,3100,30500,13423,3100,0
15286,NORTHERN STB THIEF RIVER FAL,20251231,NM,1,494312,136777,153349,196378,444828,0,79,0,446247,48065,48065,3563,1340,79,7808,1340,0
15305,DENISON STATE BANK,20251231,NM,1,468720,19450,117826,305489,383505,0,11658,0,396801,71919,71919,23246,1638,11658,25955,1638,0
15306,TRUCOMMUNITY BANK,20251231,NM,1,330031,11500,89322,211940,276044,0,20500,0,297803,32228,32228,12965,1259,20500,17269,1259,0
15310,CB&S BANK INC,20251231,NM,1,2878211,186580,894335,1558021,2424986,2332,250000,0,2700146,178065,178065,145796,22828,252332,239275,22828,0
15311,IOWA FALLS STATE BANK,20251231,NM,1,202257,2045,82433,98472,160701,0,8550,0,171219,31038,31038,4058,1968,8550,19307,1968,0
15321,FIRST STATE BANK,20251231,NM,1,626692,29756,74096,487901,523876,1757,17426,0,548027,78665,78665,16939,4968,19183,34939,4968,0
15323,SILVER LAKE BANK,20251231,NM,1,494067,39205,81610,361943,395217,29057,15000,0,440867,53200,53200,7460,1593,44057,11309,1593,0
15324,SECURITY BANK&TRUST CO,20251231,NM,1,1286708,46913,371664,837640,1161514,0,0,0,1164064,122644,122644,13480,2550,0,30491,2550,0
15326,UNION BANKING CO,20251231,NM,1,51648,468,36901,6979,42079,0,8000,0,50266,1382,1382,2189,187,8000,7300,187,0
15334,ROLLING HILLS BANK&TRUST,20251231,SM,1,472271,26487,55365,360236,405284,0,0,0,409988,62283,62283,12594,4704,0,30183,4704,0
15336,DURDEN BANKING CO INC,20251231,NM,1,283839,6202,38692,230547,237911,1090,0,0,239333,44506,44506,3223,332,1090,8398,332,0
15345,TXN BANK,20251231,SM,1,650179,45808,203705,339724,595891,0,1930,0,599967,50212,50212,31845,2146,1930,60942,2146,0
15346,COMMERCE BANK TEXAS,20251231,NM,1,61415,7919,26489,21843,52498,0,0,0,52969,8446,8446,1078,471,0,5164,471,0
15347,SECURITY BK OF PULASKI CNTY,20251231,NM,1,166906,5418,55095,93530,151015,0,2000,0,153659,13247,13247,4684,644,2000,12863,644,0
15348,FIRST BANK&TRUST CO,20251231,SM,1,54844,19623,12907,20688,43414,2309,1000,0,46803,8041,8041,455,80,3309,1626,80,0
15355,MARION STATE BANK,20251231,NM,1,146656,18317,61793,60442,128699,0,0,0,129926,16730,16730,5671,1227,0,6104,1227,0
15359,SOUTHERN BANK&TRUST CO,20251231,NM,1,5198701,278003,1325471,3391750,4694512,24250,30000,0,4774286,424415,424415,103754,25524,54250,203477,25524,0
15362,BELT VALLEY BANK,20251231,SM,1,88585,11873,3470,71031,73444,0,1477,0,75412,13173,13173,984,491,1477,2211,491,0
15364,FIRST STATE BANK,20251231,NM,1,79574,3848,8200,55704,56892,0,12715,0,70742,8832,8832,4649,1135,12715,11822,1135,0
15367,FARMERS STATE BANK,20251231,NM,1,180931,19114,58091,93916,161352,0,0,0,163481,17450,17450,6873,2129,0,9810,2129,0
15399,RCB BANK,20251231,SM,1,4055412,364957,1230968,2225432,3565699,0,0,0,3591594,463818,463818,39015,25895,0,234055,25895,0
15405,HOUGHTON STATE BANK,20251231,NM,1,210084,5155,31868,155723,175046,0,0,0,175673,34411,34411,8805,627,0,17338,627,0
15415,PEOPLES BANK OF WYACONDA MO,20251231,NM,1,143002,9841,32897,95893,124619,0,3000,0,128479,14523,14523,3919,860,3000,4371,860,0
15423,AMERICAN BANK OF FREEDOM,20251231,NM,1,973766,123831,72973,731560,740310,0,133000,0,879240,94526,94526,23632,5930,133000,45402,5930,0
15427,CHELSEA SAVINGS BANK,20251231,NM,1,199649,11722,101150,82537,176859,0,0,0,177791,21858,21858,2751,932,0,4240,932,0
15442,ROBERT LEE STATE BANK,20251231,NM,1,44161,3278,23251,16283,38379,0,0,0,38477,5684,5684,1029,98,0,1349,98,0
15443,LAKE ELMO BANK,20251231,NM,1,531361,65188,43106,404559,466270,4204,0,0,474141,57220,57220,8971,3667,4204,18508,3667,0
15444,AMERICAN ST B&T CO WILLISTON,20251231,NM,1,647512,8798,313314,291662,568323,1629,12914,0,587239,60273,60273,15461,4373,14543,33738,4373,0
15460,SPUR SECURITY BANK,20251231,NM,1,134524,9919,28221,82532,125002,0,0,0,125733,8791,8791,1433,731,0,13852,731,0
15463,STATE BANK OF DE KALB,20251231,NM,1,491391,108232,4021,366247,430642,0,0,0,432762,58629,58629,3177,2120,0,12891,2120,0
15465,UNITED SOUTHERN BANK,20251231,NM,1,841773,63634,297510,432891,771128,0,0,0,780308,61465,61465,37265,9180,0,47738,9180,0
15469,FIRST STATE BANK OF RANSOM,20251231,NM,1,47993,1639,22303,20223,39020,0,0,0,39322,8671,8671,1720,302,0,3828,302,0
15471,FIRST STATE BANK OF CANDO,20251231,NM,1,74175,5167,39766,27067,67378,0,0,0,67822,6353,6353,881,444,0,2175,444,0
15472,FIRST UNITED BANK,20251231,NM,1,723672,20003,133909,525075,620742,0,22896,0,648545,75127,75127,25531,4907,22896,44685,4907,0
15477,CITIZENS BANK OF AMERICUS,20251231,NM,1,504882,118515,109015,260505,450169,0,5066,0,458312,46570,46570,12832,3077,5066,16847,3077,0
15478,UNITED VALLEY BANK,20251231,NM,1,722777,51617,119717,508048,609904,0,28222,0,645001,77776,77776,12373,6875,28222,43395,6875,0
15480,COLEMAN COUNTY STATE BANK,20251231,NM,1,289717,40564,70500,160627,262335,0,0,0,264162,25555,25555,4435,1827,0,18026,1827,0
15489,WEST PLAINS BANK&TRUST CO,20251231,NM,1,719374,54160,138294,492535,660038,904,0,0,665918,53456,53456,21560,4976,904,34385,4976,0
15496,FIRST STATE BANK OF BLAKELY,20251231,NM,1,668744,109421,99355,431293,528787,0,11050,0,543474,125270,125270,20719,3637,11050,28675,3637,0
15501,LYTLE STB OF LYTLE TEXAS,20251231,NM,1,107633,4186,53030,43598,91864,0,1900,0,95168,12465,12465,5923,1404,1900,6819,1404,0
15510,AMERISTATE BANK,20251231,SM,1,467314,67886,37760,330655,418724,0,1625,0,422694,44620,44620,12313,2345,1625,31013,2345,0
15511,FIRST STATE BANK,20251231,SM,1,1822291,38241,647706,984087,1630844,0,0,0,1669010,153281,153281,43503,38166,0,152257,38166,0
15519,CITIZENS STATE BANK,20251231,NM,1,273768,40482,20862,203042,244807,0,0,0,245556,28212,28212,7673,749,0,9382,749,0
15523,MUENSTER STATE BANK,20251231,NM,1,222278,4935,130017,79399,187638,0,9000,0,196804,25474,25474,6065,166,9000,7927,166,0
15532,CENTREBANK,20251231,NM,1,111532,16149,0,90580,91699,0,0,0,92069,19463,19463,2451,370,0,4803,370,0
15539,FIRST STATE BANK,20251231,NM,1,409722,17550,17455,363759,365835,0,0,0,370488,39234,39234,7427,4653,0,10958,4653,0
15545,FRONTIER BANK,20251231,NM,1,1431193,13491,83597,1288884,1134415,0,141135,0,1290857,140336,140336,19739,15307,141135,45221,15307,0
15546,CHILLICOTHE STATE BANK,20251231,NM,1,136565,14100,47324,71203,124769,0,0,0,125510,11055,11055,2021,741,0,3938,741,0
15547,BANK OF LAKE VILLAGE,20251231,SM,1,81804,12953,20676,42684,68317,0,0,0,68651,13153,13153,4744,334,0,5491,334,0
15555,CENTRAL BANK,20251231,SM,1,2260937,68050,146897,1939530,1900675,9571,110000,0,2029739,231198,231198,38299,9493,119571,106460,9493,0
15562,PIONEER BANK&TRUST,20251231,NM,1,1014794,84284,351690,531121,905998,0,0,0,916353,98441,98441,27230,10355,0,47699,10355,0
15565,FIRST SOUTHERN BANK,20251231,NM,1,1041146,16330,294793,667042,898792,23110,0,0,926341,114805,114805,32550,4439,23110,62981,4439,0
15566,HOOSIER HEARTLAND STATE BANK,20251231,NM,1,352471,4329,59180,263155,309861,0,15000,0,328385,24086,24086,14383,3524,15000,25807,3524,0
15572,FIRST NB OF PULASKI,20251231,N,1,1501598,180080,262421,999224,1341367,1893,0,0,1359476,142122,142122,43971,16216,1893,59873,16216,0
15578,INTEGRITY BANK PLUS,20251231,NM,1,90127,1872,18185,64861,78263,0,1538,0,80790,9337,9337,1701,989,1538,5209,989,0
15580,FIRST BANK OF COASTAL GA,20251231,NM,1,221411,6715,144152,64487,198082,0,10000,0,208691,12720,12720,5279,609,10000,6057,609,0
15584,MID-MISSOURI BANK,20251231,NM,1,927265,96043,137912,650937,826903,0,0,0,831487,95778,95778,7494,4584,0,42373,4584,0
15585,BAY PORT STATE BANK,20251231,NM,1,153282,5918,11178,126324,136896,0,0,0,137519,15763,15763,2610,623,0,9862,623,0
15590,TAYLOR COUNTY BANK,20251231,NM,1,243257,11076,46543,173278,216671,0,0,0,218579,24678,24678,2439,1908,0,12360,1908,0
15593,IPSWICH STATE BANK,20251231,NM,1,75071,13669,14959,34207,62753,0,0,0,63618,11453,11453,3829,865,0,12236,865,0
15597,SECURITY STB OF KENYON,20251231,NM,1,72151,5077,10369,48829,63021,0,0,0,63281,8870,8870,3634,260,0,7876,260,0
15598,HORIZON FINANCIAL BANK,20251231,NM,1,206010,4926,27671,157046,176827,5530,0,0,183601,22409,22409,9784,1244,5530,16367,1244,0
15606,HAMILTON BANK,20251231,NM,1,112266,5486,50864,52278,105536,0,0,0,105805,6461,6461,1462,269,0,3638,269,0
15610,FARMERS&MERCHANTS STATE BANK,20251231,NM,1,267560,26905,69963,163259,238151,2557,0,0,241559,26001,26001,3724,851,2557,7433,851,0
15614,WEST BANK,20251231,NM,1,4141577,349673,468447,2971165,3474630,0,270000,0,3775336,366241,366241,122499,30706,270000,352292,30706,0
15621,FIRST FARMERS&MERCHANTS STB,20251231,NM,1,97789,13186,12127,69696,88050,0,734,0,89394,8395,8395,1111,610,734,2780,610,0
15629,QUOIN FINANCIAL BANK,20251231,NM,1,241503,28997,38834,150771,205915,0,0,0,211055,30448,30448,7919,5140,0,22901,5140,0
15632,GREENFIELD BANKING CO,20251231,NM,1,889642,105331,148813,605567,751916,0,10000,0,768246,121396,121396,9980,6330,10000,29931,6330,0
15651,STATE BANK&TRUST CO,20251231,NM,1,196359,17139,63428,108733,170868,5316,0,0,176997,19362,19362,2658,813,5316,7059,813,0
15657,ALLIANCE BANK CENTRAL TEXAS,20251231,NM,1,1248145,42047,278052,854171,1003293,0,95000,0,1101058,147087,147087,19879,2765,95000,73875,2765,0
15663,FIRST STATE BANK,20251231,NM,1,949765,70547,310406,496427,852409,0,220,0,858847,90918,90918,35343,6218,220,72385,6218,0
15664,FREEDOM BANK INC,20251231,NM,1,422265,25639,75700,293287,374527,0,0,0,377938,44327,44327,17394,3411,0,27639,3411,0
15669,MCBANK,20251231,NM,1,456080,74170,159724,201436,416543,0,3099,0,422750,33330,33330,15104,3108,3099,20750,3108,0
15671,BANK OF CLARENDON,20251231,NM,1,441857,68645,141562,212347,392641,0,0,0,396285,45572,45572,15032,3644,0,19303,3644,0
15675,CITIZENS BANK&TRUST CO,20251231,NM,1,376087,18410,144688,195724,328076,0,0,0,330097,45990,45990,4273,2021,0,17265,2021,0
15687,GRANT COUNTY STATE BANK,20251231,NM,1,388565,72613,0,305890,308679,0,35000,0,344678,43887,43887,8426,999,35000,10062,999,0
15690,CLEAR LAKE BANK&TRUST CO,20251231,SM,1,636139,55168,73715,476764,574348,0,1417,0,582774,53365,53365,17677,7009,1417,30492,7009,0
15699,PINELAND BANK,20251231,NM,1,569937,64417,57690,398107,509006,0,0,0,513869,56068,56068,9282,4863,0,49723,4863,0
15701,SEYMOUR BANK,20251231,NM,1,240230,28817,70746,132422,199980,0,20000,0,220643,19587,19587,4060,663,20000,8245,663,0
15703,TOWN&COUNTRY BANK&TRUST CO,20251231,NM,1,421882,37192,86375,274657,368715,0,0,0,370939,50943,50943,13468,2224,0,23658,2224,0
15708,CASEY COUNTY BANK INC,20251231,SM,1,439395,30750,182535,212025,305799,94851,0,0,403512,35883,35883,7131,2862,94851,14085,2862,0
15728,DAKOTA COMMUNITY B&T NA,20251231,N,1,1396548,118183,471369,761839,1256203,12608,8000,0,1286833,109715,109715,31534,10022,20608,45157,10022,0
15729,PARTNERS BANK,20251231,NM,1,415315,25818,29096,347713,348442,0,10000,0,361431,53884,53884,8505,2989,10000,12688,2989,0
15731,SECURITY BANK OF TEXAS,20251231,NM,1,164016,31270,886,119412,141982,0,0,0,143764,20252,20252,3574,1782,0,12448,1782,0
15734,SECURITY SAVINGS BANK,20251231,NM,1,532836,51143,35869,415332,474740,0,0,0,477171,55665,55665,11112,2431,0,30492,2431,0
15741,COMMERCIAL BANK OF MOTT,20251231,NM,1,138281,4223,27291,100870,112881,3048,3652,0,120474,17807,17807,5315,893,6700,5897,893,0
15749,SECURITY STATE BANK,20251231,NM,1,61088,27767,11986,19765,48992,0,0,0,49399,11689,11689,987,407,0,1570,407,0
15751,FLAT BRANCH BANK,20251231,NM,1,95839,38378,5828,47865,81470,0,0,0,81912,13927,13927,579,442,0,3768,442,0
15752,FIRST STATE BANK,20251231,NM,1,1592935,46193,154207,1312600,1304692,23105,77917,0,1427751,165184,165184,43098,22037,101022,79935,22037,0
15760,CITIZENS NB OF ALBION,20251231,N,1,345712,8086,91884,228333,282950,195,3000,0,287088,58624,58624,13144,943,3195,17409,943,0
15762,FIRST AMERICAN BANK,20251231,NM,1,34760,2537,5249,21870,30121,0,0,0,30221,4539,4539,752,100,0,5104,100,0
15763,FIRST NB OF NOKOMIS,20251231,N,1,177505,5126,59844,98251,156726,0,1212,0,158867,18638,18638,5808,929,1212,14284,929,0
15771,NORTHEAST GEORGIA BANK,20251231,NM,1,651699,110876,139155,318937,557207,0,5335,0,564931,86768,86768,20555,2389,5335,82731,2389,0
15772,MEDIAPOLIS SAVINGS BANK,20251231,NM,1,258421,11940,35172,198592,222330,0,9238,0,232932,25489,25489,7411,1364,9238,12717,1364,0
15778,GRANT COUNTY BANK,20251231,SM,1,62793,9202,32093,10872,53582,0,0,0,53902,8891,8891,548,320,0,10626,320,0
15779,FARMERS&MERCHANTS BANK,20251231,SM,1,954125,32124,161651,732771,826414,0,42499,0,874317,79808,79808,24689,5404,42499,27579,5404,0
15784,STOCK EXC BK CALDWELL KS,20251231,SM,1,90011,2038,8004,76154,79974,2500,0,0,82694,7317,7317,1539,220,2500,3815,220,0
15792,PEOPLES BK OF MONITEAU CNTY,20251231,NM,1,80169,6470,24353,47884,69994,738,1000,0,72124,8045,8045,1100,392,1738,1462,392,0
15797,BROADWAY NATIONAL BANK,20251231,N,1,5888744,629096,1681999,3265815,5332023,0,0,0,5414270,474474,474474,210645,82247,0,311834,82247,0
15799,PREMIER COMMUNITY BANK,20251231,NM,1,551388,31869,98254,373582,484089,0,18000,0,509952,41436,41436,16727,7863,18000,47683,7863,0
15801,FARMERS&MERCHANTS BANK,20251231,SM,1,522946,18329,126912,340051,443946,0,0,0,451307,71639,71639,28932,7361,0,37654,7361,0
15808,IOWA STATE BANK,20251231,NM,1,466961,48460,138383,261906,380672,13038,563,0,397991,68970,68970,3178,3718,13601,18212,3718,0
15809,SECURITY STATE BANK&TRUST,20251231,NM,1,2143301,289570,281846,1467575,1799425,0,106214,0,1914119,229182,229182,71577,8480,106214,104310,8480,0
15815,CENTRAL BANK&TRUST CO,20251231,NM,1,3943327,413038,479913,2892205,3073285,226526,55000,0,3461013,482314,482314,41856,106202,281526,158171,106202,0
15817,GENESIS BANK,20251231,NM,1,83557,14966,5198,59443,68968,0,0,0,69934,13623,13623,1110,966,0,3950,966,0
15820,RED RIVER STATE BANK,20251231,NM,1,120360,1779,3317,103722,103203,0,0,0,103889,16471,16471,1394,686,0,11542,686,0
15826,CLAXTON BANK,20251231,NM,1,265286,16413,52727,171628,228352,0,0,0,230010,35276,35276,6558,1658,0,24518,1658,0
15839,SECURITY STATE BANK,20251231,NM,1,113143,11307,19791,78210,84118,0,0,0,84321,28822,28822,3227,203,0,3835,203,0
15847,SUNRISE BANK DAKOTA,20251231,NM,1,63317,10871,23996,25273,55742,0,0,0,56400,6917,6917,2749,658,0,3177,658,0
15853,FARMERS STATE BANK,20251231,NM,1,26576,5962,6100,13796,23557,0,500,0,24099,2477,2477,645,42,500,718,42,0
15871,PEOPLES BANK,20251231,NM,1,555786,14590,288816,224855,497883,0,4761,0,504977,50809,50809,21266,2333,4761,27525,2333,0
15873,MILLEDGEVILLE STATE BANK,20251231,NM,1,211080,10722,54087,134982,163816,0,24826,0,190594,20486,20486,9683,1952,24826,11289,1952,0
15883,DEMOTTE STATE BANK,20251231,SM,1,610154,8777,259769,248726,505332,353,49000,0,557730,52424,52424,28002,3045,49353,92882,3045,0
15898,FIRST STB OF LIVINGSTON,20251231,SM,1,706722,66999,392554,217452,614963,0,0,0,617617,89105,89105,18960,2654,0,29717,2654,0
15899,FUSION BANK,20251231,SM,1,246634,46113,53115,126581,185455,0,27913,0,214169,32465,32465,5373,801,27913,20825,801,0
15904,FOUR COUNTY BANK,20251231,NM,1,91656,18184,11772,60013,79530,0,0,0,79948,11708,11708,1314,418,0,1687,418,0
15908,UNION STATE BANK,20251231,SM,1,202261,3824,60256,117572,170153,6060,8500,0,185468,16793,16793,4505,755,14560,20609,755,0
15912,IVES BANK,20251231,SI,1,1680205,56548,143251,1382720,1352410,0,85559,0,1457625,222580,222580,67397,19656,85559,97686,19656,0
15913,FIRST COMMUNITY BANK&TRUST,20251231,SM,1,201699,19490,65307,101782,170073,1055,0,0,175201,26498,26498,11285,4073,1055,15120,4073,0
15930,MAXWELL STATE BANK,20251231,NM,1,27533,7614,10282,8867,23783,0,0,0,23972,3561,3561,454,189,0,770,189,0
15932,CITIZENS BANK,20251231,NM,1,1103926,147484,268746,620579,978214,3326,0,0,986424,117502,117502,19337,4884,3326,67117,4884,0
15939,PEOPLES STATE BANK,20251231,NM,1,147817,18267,82058,44654,134272,0,0,0,134533,13284,13284,1091,261,0,2838,261,0
15945,FOREST PARK NB&T CO,20251231,N,1,318796,4619,49408,253822,280791,0,8065,0,293736,25060,25060,7809,4880,8065,10947,4880,0
15947,IOWA STATE BANK,20251231,NM,1,375883,19787,84685,262115,329535,0,3000,0,335022,40861,40861,8321,2487,3000,9296,2487,0
15953,GUARANTY BANK&TRUST CO,20251231,NM,1,2913249,122476,557569,2028471,2551818,0,2344,0,2581309,331940,331940,85870,27147,2344,204733,27147,0
15966,FULTON SAVINGS BANK,20251231,SI,1,489503,19817,114869,257944,294535,0,43000,0,351116,138387,138387,57687,13581,43000,96873,13581,0
15969,RONDOUT SAVINGS BANK,20251231,SI,1,512006,32370,48434,408393,448969,0,16000,0,468747,43259,43259,11631,3778,16000,22809,3778,0
15970,ULSTER SAVINGS BANK,20251231,SI,1,1383907,80236,167855,1045288,1223138,0,22007,0,1262669,121238,121238,62889,17524,22007,90528,17524,0
15987,WALDEN SAVINGS BANK,20251231,SB,1,968287,23331,158127,734101,820016,0,50473,0,879908,88379,88379,42120,9419,50473,52728,9419,0
15990,WATERTOWN SAVINGS BANK,20251231,SI,1,941392,57450,232468,576414,762649,0,0,0,771811,169581,169581,41748,9162,0,75060,9162,0
16026,RIDGEWOOD SAVINGS BANK,20251231,SI,1,7481657,405011,1674762,4852692,5933629,0,512562,0,6540581,941076,940937,332725,94390,512562,549192,94390,0
16030,NORTH COUNTRY SAVINGS BANK,20251231,SI,1,365975,18728,2945,308449,288861,0,23100,0,317834,48141,48141,28769,5873,23100,35853,5873,0
16032,RHINEBECK BANK,20251231,SI,1,1301581,101986,162203,953385,1115207,0,25153,0,1167730,133851,133851,60738,27370,25153,84007,27370,0
16039,SAWYER SAVINGS BANK,20251231,SI,1,287967,22692,35500,220049,237895,0,18000,0,259088,28879,28879,4373,3193,18000,9726,3193,0
16040,GENERATIONS BANK,20251231,SB,1,347125,18278,26216,266923,297847,0,17333,0,315589,31536,31536,23604,409,17333,35708,409,0
16068,APPLE BANK,20251231,SI,1,19225517,790338,3931933,13274204,15709760,0,1649561,0,17648072,1577445,1577445,635889,288751,1649561,1229042,288751,0
16075,RAYNE STATE BANK&TRUST CO,20251231,NM,1,541188,55488,133483,331826,484987,0,567,0,490256,50932,50932,14543,4702,567,20391,4702,0
16079,YORK STATE BANK,20251231,NM,1,193601,14904,27315,136958,162137,0,400,0,163127,30474,30474,7531,590,400,14424,590,0
16094,EXCHANGE STATE BANK,20251231,NM,1,52892,837,20964,29164,48113,0,0,0,48364,4528,4528,794,251,0,1927,251,0
16101,MILFORD BANK,20251231,SI,1,644286,18101,92267,502102,503612,0,67500,0,588529,55757,55757,26520,17417,67500,31816,17417,0
16110,BUTTE STATE BANK,20251231,SM,1,57936,1513,17260,35743,47706,0,4075,0,52092,5844,5844,2611,311,4075,3420,311,0
16111,HIGHLAND BANK,20251231,NM,1,765504,15373,190628,535551,661249,0,36000,0,708079,57425,57425,13395,10830,36000,23952,10830,0
16114,FARMERS STATE BANK&TRUST CO,20251231,NM,1,170668,5239,60710,78351,154570,0,0,0,155705,14963,14963,4223,1135,0,26368,1135,0
16116,NEBRASKA BANK,20251231,NM,1,478812,24479,67527,352383,405072,0,26143,0,433281,45531,45531,15656,2066,26143,34423,2066,0
16120,RILEY STB OF RILEY KANSAS,20251231,NM,1,123410,3706,33315,82947,107120,0,3000,0,110665,12745,12745,2279,545,3000,3442,545,0
16125,EASTERN COLORADO BANK,20251231,NM,1,705038,33303,109967,476088,594291,0,29000,0,630321,74717,74717,27667,7030,29000,85680,7030,0
16126,CITIZENS BANK OF THE MIDWEST,20251231,NM,1,240709,14965,42470,162519,194690,0,30100,0,226502,14207,14207,11924,1712,30100,20755,1712,0
16127,FNB COMMUNITY BANK,20251231,SM,1,475264,40235,123834,275584,426386,0,0,0,429903,45361,45361,11345,3517,0,35611,3517,0
16130,FIRST NATIONAL BANK ALASKA,20251231,N,1,5099945,258738,2008987,2696661,3734714,739103,15127,0,4530699,569246,569246,49563,41755,754230,135559,41755,0
16151,STATE BANK,20251231,SM,1,73971,10542,10107,49161,67147,0,0,0,67744,6227,6227,2939,597,0,4161,597,0
16152,PEOPLES BANK,20251231,NM,1,256941,21788,25257,198202,224046,0,0,0,227536,29405,29405,7626,3490,0,11694,3490,0
16154,BANK OF ELGIN,20251231,SM,1,86410,9604,14238,59521,73501,0,259,0,74041,12369,12369,2242,281,259,3047,281,0
16160,WAUKESHA STATE BANK,20251231,NM,1,1601754,49939,276121,1175916,1259866,69942,76151,0,1419485,182269,182269,70546,13526,146093,99778,13526,0
16161,CAMPBELL COUNTY BANK INC,20251231,NM,1,237700,7623,26051,190877,201167,2000,649,0,206289,31411,31411,10526,2473,2649,13149,2473,0
16162,FIRST STATE BANK OF PURDY,20251231,NM,1,239156,35244,34956,159762,212031,7460,337,0,220798,18358,18358,6017,970,7797,9194,970,0
16167,METAMORA STATE BANK,20251231,SM,1,101222,5414,14518,70979,88971,0,3000,0,92775,8447,8447,3686,804,3000,10311,804,0
16175,WEST ALABAMA BANK&TRUST,20251231,NM,1,1001455,54916,242697,571708,885448,0,15000,0,907852,93603,93603,42044,7404,15000,132134,7404,0
16176,JOHNSON CITY BANK,20251231,NM,1,139859,4834,18548,86635,121929,0,0,0,122094,17765,17765,893,165,0,29842,165,0
16177,FIRST STATE BANK,20251231,NM,1,128685,40807,25148,56984,113532,0,0,0,113798,14887,14887,1215,266,0,5746,266,0
16185,SAMSON BANKING CO INC,20251231,NM,1,118099,5955,70062,40197,99608,0,0,0,100127,17972,17972,967,519,0,1885,519,0
16191,STOCKMAN BANK OF MONTANA,20251231,NM,1,7583294,122939,2008272,5005924,6228838,205484,364700,0,6851466,731828,731828,205514,52444,570184,446159,52444,0
16198,MASON CITY NATIONAL BANK,20251231,N,1,86811,4975,47095,32242,75485,0,0,0,75656,11155,11155,1053,171,0,2499,171,0
16201,BANK OF WOLCOTT,20251231,NM,1,274561,4998,118142,144529,228375,1721,15000,0,246349,28212,28212,5301,1253,16721,6892,1253,0
16216,FARMERS&MERCHANTS BANK,20251231,SM,1,1953484,30817,361061,1363539,1618196,7723,95070,0,1735411,218073,218073,87688,14422,102793,198067,14422,0
16221,RELIABANK DAKOTA,20251231,NM,1,771540,16085,231197,487301,635793,0,71375,0,711989,59551,59551,13619,4821,71375,36957,4821,0
16222,SHERWOOD STATE BANK,20251231,NM,1,104986,1980,16813,77911,86659,826,4509,0,92584,12402,12402,4466,590,5335,8282,590,0
16228,WHEELER COUNTY STATE BANK,20251231,NM,1,170005,69001,4174,95549,146134,0,0,0,147162,22843,22843,819,1028,0,1281,1028,0
16231,DAKOTA HERITAGE BANK,20251231,NM,1,424513,10280,47750,345894,357675,4500,23500,0,388480,36033,36033,15740,2805,28000,20589,2805,0
16243,BANK OF EASTERN OREGON,20251231,NM,1,960382,106790,201265,612649,849933,0,0,0,858602,101780,101780,29350,8669,0,39678,8669,0
16246,COMMERCIAL BANKING CO,20251231,SB,1,372716,27445,39108,285379,327936,0,5000,0,335838,36878,36878,13771,2902,5000,20784,2902,0
16247,NEIGHBORS BANK,20251231,NM,1,113019,13455,9200,79550,94177,0,0,0,99438,13581,13581,5404,5195,0,10814,5261,0
16249,DEVON BANK,20251231,NM,1,456680,24627,197641,198932,300605,0,127175,0,431244,25436,25436,19626,3464,127175,35480,3464,0
16250,MARQUETTE BANK,20251231,SM,1,2150999,127016,462396,1404903,1774370,142211,31000,0,1961553,189446,189446,76220,13972,173211,156684,13972,0
16265,PEOPLES BANK,20251231,NM,1,1177250,21227,115462,991609,1000470,1959,35710,0,1048122,129128,129128,20603,9983,37669,48952,9983,0
16275,CITIZENS BANK OF COCHRAN,20251231,NM,1,202944,22427,11577,163577,172625,0,0,0,175068,27876,27876,2317,2443,0,5363,2443,0
16276,CONSTITUTION BANK NA,20251231,N,1,659873,15846,152620,464859,598603,0,0,0,601054,58819,58819,8854,2451,0,26548,2451,0
16281,BANK OF LUMBER CITY,20251231,NM,1,24979,6977,4797,8899,21680,0,0,0,22019,2960,2960,1772,339,0,4306,339,0
16282,BANK OF BEARDEN,20251231,NM,1,59630,5812,14798,30394,52595,0,0,0,53071,6559,6559,229,476,0,8626,476,0
16283,SOUTH COAST BANK&TRUST,20251231,NM,1,264886,28154,35980,190984,236003,0,6000,0,243820,21066,21066,3828,1817,6000,9768,1817,0
16288,SOUTHERN BANK,20251231,NM,1,370876,17378,79690,233906,317029,0,20000,0,339448,31428,31428,11126,2419,20000,39902,2419,0
16307,MANUFACTURERS BANK&TRUST CO,20251231,NM,1,738507,11426,163687,515969,638317,0,13250,0,658548,79959,79959,24365,6981,13250,47425,6981,0
16318,MARSEILLES BANK,20251231,NM,1,75915,2382,35469,36482,66498,0,4745,0,71711,4204,4204,1423,468,4745,1582,468,0
16330,BATTLE CREEK STATE BANK,20251231,SM,1,53974,1002,8136,38693,44215,0,0,0,44401,9573,9573,1103,186,0,6143,186,0
16332,FIRST STATE BANK&TRUST,20251231,NM,1,502762,108907,178207,201056,455658,2331,0,0,459118,43644,43644,3417,1129,2331,14592,1129,0
16333,FIRST STATE BANK,20251231,NM,1,230264,12296,38643,164354,199022,0,1350,0,201256,29008,29008,9005,884,1350,14971,884,0
16334,FIRST STATE BANK OF ODEM,20251231,NM,1,201279,38467,62253,92263,171624,0,0,0,172526,28753,28753,5861,902,0,8296,902,0
16339,TRI-COUNTY BANK,20251231,NM,1,243630,4341,55935,151047,222208,0,2500,0,226436,17194,17194,9568,1728,2500,32307,1728,0
16344,STATE BANK OF PEARL CITY,20251231,NM,1,69434,16563,19952,31437,61882,0,0,0,62162,7272,7272,486,280,0,1482,280,0
16363,CAPRA BANK,20251231,NM,1,978096,15833,469851,459659,883204,0,18500,0,907503,70593,70593,18176,5799,18500,32753,5799,0
16369,CITIZENS BANK,20251231,NM,1,241802,17665,38194,173466,190968,8000,20000,0,220089,21713,21713,7333,1121,28000,12477,1121,0
16370,HICKSVILLE BANK,20251231,NM,1,217052,16185,52176,135991,194671,0,2000,0,198965,18087,18087,7911,2294,2000,12700,2294,0
16386,BRANTLEY BANK&TRUST CO,20251231,NM,1,116424,11861,23634,74235,105391,0,0,0,106318,10106,10106,1652,927,0,6694,927,0
16389,BANK OF TRAVELERS REST,20251231,NM,1,1555193,144403,447768,890370,1397008,7784,0,0,1421690,133503,133503,39668,16898,7784,72652,16898,0
16394,TABLE GROVE STATE BANK,20251231,NM,1,47319,2170,10601,33445,41096,0,0,0,41356,5963,5963,728,260,0,1103,260,0
16396,LAFAYETTE STATE BANK,20251231,NM,1,247355,25575,45316,161823,225179,0,0,0,228042,19313,19313,8568,2863,0,14641,2863,0
16402,BENNINGTON STATE BANK,20251231,NM,1,1254344,69545,293299,804276,1067567,41193,16000,0,1129521,124823,124823,25674,4761,57193,87224,4761,0
16410,ANDOVER STATE BANK,20251231,NM,1,229710,2407,13759,187704,206721,0,2500,0,210593,19117,19117,3280,1372,2500,25840,1372,0
16413,BANK OF STRONGHURST,20251231,NM,1,85767,1985,37743,41912,75453,0,500,0,76280,9487,9487,2284,327,500,4127,327,0
16416,FSNB NATIONAL ASSN,20251231,N,1,478802,36588,263894,139805,384575,0,3640,0,399340,79462,79462,19676,11125,3640,38515,11125,0
16417,CITIZENS BANK&TRUST CO,20251231,NM,1,175876,20279,22941,127880,155015,0,0,0,156919,18957,18957,2609,1904,0,4776,1904,0
16418,BANKSOUTH,20251231,SB,1,1555126,157440,111658,1201439,1339551,0,40000,0,1400090,155036,155036,56630,20539,40000,84589,20539,0
16436,CENTERA BANK,20251231,NM,1,320575,7358,141895,154435,293470,0,0,0,295540,25035,25035,13199,2070,0,16887,2070,0
16440,FARMERS&MERCHANTS BANK,20251231,NM,1,172793,27678,73111,64451,148546,0,0,0,149499,23294,23294,6736,953,0,7553,953,0
16448,SECURITY STATE BANK,20251231,NM,1,107108,3854,38509,56812,99331,0,0,0,99770,7338,7338,3229,439,0,7933,439,0
16450,BUSEY BANK,20251231,SM,1,18052735,293891,2909088,13399528,15032901,166929,113806,0,15569285,2483450,2483450,739342,255649,280735,1450228,255649,0
16453,WHITESVILLE STATE BANK,20251231,NM,1,138023,8746,48356,73776,125148,0,1500,0,128490,9533,9533,5983,1842,1500,7145,1842,0
16464,MERCHANTS&PLANTERS BANK,20251231,NM,1,359338,61001,104572,168792,321505,0,353,0,326788,32550,32550,15994,4930,353,24973,4930,0
16470,JEFFERSON BANK,20251231,NM,1,2993110,377304,512260,1887948,2723590,0,0,0,2755250,237860,237860,76178,31660,0,215598,31660,0
16473,FIRST BANK,20251231,NM,1,151957,4100,37195,99798,113722,975,16268,0,132908,19049,19049,9518,1943,17243,10864,1943,0
16477,STATE BANK OF LAKOTA,20251231,NM,1,66931,1126,15370,39864,60615,0,0,0,60787,6144,6144,1046,172,0,10571,172,0
16501,FIRST BANKERS TRUST CO NA,20251231,N,1,1230620,94318,428948,642790,1039200,68482,25000,0,1144221,86399,86399,48209,11539,93482,64564,11539,0
16516,NEBRASKA STATE BANK,20251231,NM,1,20891,13181,0,7424,17909,0,0,0,17968,2923,2923,276,59,0,286,59,0
16539,METAIRIE BANK&TRUST CO,20251231,NM,1,651699,22119,109983,492096,576557,0,2330,0,582972,68727,68727,9744,4085,2330,27501,4085,0
16546,JD BANK,20251231,NM,1,1259331,74842,342617,762814,1124242,3,0,0,1133454,125877,125877,42262,9209,3,79058,9209,0
16547,BANK PLUS,20251231,NM,1,157058,1200,17346,128170,110340,5123,23300,0,139716,17342,17342,6366,953,28423,10342,953,0
16553,ELKHORN VALLEY BANK&TRUST,20251231,NM,1,1416593,21654,294626,1021438,1142600,347,119090,0,1270626,145967,145967,48224,8589,119437,78875,8589,0
16561,STATE BANK OF EASTON,20251231,NM,1,28039,3677,5080,18166,23102,0,981,0,24198,3841,3841,912,115,981,1116,115,0
16571,BMO BANK NATIONAL ASSN,20251231,N,1,252074150,24168686,63650511,137554293,196979273,1345516,12673254,0,214682310,37391840,37358799,11525518,3566727,14018770,26700660,3684267,0
16581,CITIZENS STATE BANK,20251231,NM,1,80434,889,3821,60444,66582,0,0,0,67143,13291,13291,477,561,0,15280,561,0
16583,STATE BANK OF BURRTON,20251231,SM,1,8494,1208,1202,5401,7595,0,0,0,7604,890,890,550,9,0,683,9,0
16584,CARVER STATE BANK,20251231,NM,1,117077,24159,40838,44614,98131,0,0,0,100392,16685,16685,4017,2261,0,7466,2261,0
16585,VERMONT STATE BANK,20251231,NM,1,31203,9259,5582,13094,22419,0,0,0,23622,7581,7581,894,1203,0,3268,1203,0
16595,CCB COMMUNITY BANK,20251231,NM,1,663231,73608,63492,497530,596206,0,0,0,601720,61511,61511,11538,5514,0,28601,5514,0
16600,FIRST STATE BANK,20251231,NM,1,208728,51850,142544,10205,182341,0,0,0,182934,25794,25794,2224,593,0,4129,593,0
16601,BANK NORTHWEST,20251231,NM,1,222602,16070,30398,167473,199340,0,0,0,199846,22756,22756,5271,506,0,8661,506,0
16603,PEOPLES BANK,20251231,SM,1,133871,4900,5052,103969,118561,0,215,0,119021,14850,14850,3773,245,215,19950,245,0
16604,BANK INDEPENDENT,20251231,SM,1,3009302,506557,421926,1786432,2622590,14946,60000,0,2742742,266560,266560,86531,45206,74946,294387,45206,0
16609,ROCHELLE STATE BANK,20251231,NM,1,78095,10454,10341,54721,71086,0,0,0,71389,6706,6706,1289,303,0,2579,303,0
16612,FNB PICAYUNE BANK,20251231,SM,1,281929,18050,75945,182734,240127,0,0,0,241319,40610,40610,2364,1192,0,5200,1192,0
16620,UNION BANK INC,20251231,NM,1,415050,51245,173036,170979,376746,1480,0,0,380231,34819,34819,9865,2005,1480,19790,2005,0
16629,ESB FINANCIAL,20251231,NM,1,381354,22302,91743,252629,330883,0,16000,0,350216,31138,31138,11202,3333,16000,14680,3333,0
16635,LUMINATE BANK,20251231,NM,1,511047,104604,1999,367446,431804,0,8575,0,462281,48766,48766,26752,21902,8575,36998,21902,0
16636,TORRINGTON SAVINGS BANK,20251231,SI,1,1013850,65622,103565,773939,808073,0,16100,0,833211,180639,180639,59370,9038,16100,70724,9038,0
16643,FIRST STATE BANK,20251231,SM,1,61139,10842,27344,20256,54947,0,0,0,55227,5912,5912,1670,280,0,2697,280,0
16652,SOUTHWEST BANK,20251231,NM,1,715606,61708,145144,479930,633075,0,0,0,639193,76413,75640,14698,6118,0,28824,6118,0
16656,SECURITY STB OF AITKIN,20251231,NM,1,112585,8603,43164,52678,104519,0,1000,0,105959,6626,6626,5325,440,1000,8140,440,0
16659,NORTHEAST BANK,20251231,NM,1,828855,7013,206101,604380,716115,0,35300,0,759405,69450,69450,7759,7990,35300,11361,7990,0
16664,PADUCAH BANK&TRUST CO,20251231,SM,1,1017221,29136,172349,777781,805802,41034,45000,0,904033,113188,113188,31467,12197,86034,37955,12197,0
16666,ITASCA BANK&TRUST CO,20251231,NM,1,776732,34351,168557,546671,698987,0,0,0,703629,73103,73103,12505,4642,0,27153,4642,0
16667,WASHINGTON STATE BANK,20251231,NM,1,81814,6147,44979,29557,73836,0,2000,0,76168,5646,5646,654,332,2000,1131,332,0
16689,GIBSLAND BANK&TRUST CO,20251231,NM,1,586150,39523,98231,403228,477675,0,20000,0,499590,86560,86560,18908,1915,20000,45168,1915,0
16695,FIRST STATE BANK,20251231,NM,1,369817,51880,91856,217788,325175,0,0,0,326706,43111,43111,4828,1531,0,8293,1531,0
16704,BANKWEST,20251231,NM,1,247818,5229,94619,133631,225894,0,0,0,228715,19103,19103,4172,2821,0,14339,2821,0
16707,SOUTH CENTRAL STATE BANK,20251231,NM,1,205240,3285,48604,141510,151633,0,23837,0,178207,27033,27033,9441,2737,23837,11841,2737,0
16720,WESTERN BANK,20251231,NM,1,305494,42672,64597,176015,271209,0,0,0,274682,30812,30812,8207,3473,0,22210,3473,0
16723,CAROLINA BANK&TRUST CO,20251231,NM,1,886375,123043,152346,580179,774283,0,0,0,780873,105502,105502,21905,6590,0,30807,6590,0
16733,NORTH STAR BANK,20251231,NM,1,406754,65984,88286,247367,370446,0,0,0,371884,34870,34870,2132,1438,0,5117,1438,0
16744,PEOPLES STATE BANK,20251231,NM,1,23833,1184,250,20924,17863,0,1200,0,19200,4633,4633,757,137,1200,1475,137,0
16752,NATIONAL BANK OF ST ANNE,20251231,N,1,140608,7487,8723,114693,124786,0,0,0,125977,14631,14631,3913,1191,0,9705,1191,0
16753,CITIZENS STATE BANK,20251231,NM,1,1206192,117383,285116,742781,1048435,0,0,0,1059886,146306,146306,34129,11451,0,60912,11451,0
16757,CAMPBELL&FETTER BANK,20251231,NM,1,354808,40080,64545,231278,285767,28941,0,0,319389,35419,35419,16523,4681,28941,18905,4681,0
16780,GREAT OAKS BANK,20251231,NM,1,399319,17979,93711,272086,354610,10,0,0,359230,40089,40089,7175,4610,10,15543,4610,0
16788,UNION STATE BANK,20251231,NM,1,70898,2642,11764,53173,62893,0,947,0,64711,6187,6187,2921,871,947,3319,871,0
16795,ALL CAPITAL BANK,20251231,SM,1,161524,14090,4028,127961,144526,0,0,0,145600,15924,15924,2695,1074,0,15445,1074,0
16810,FARMERS&MERCHANTS BANK,20251231,NM,1,987619,36264,613286,245331,827401,3478,45000,0,903621,83998,83998,75571,27742,48478,92738,27742,0
16817,CITIZENS BANK,20251231,NM,1,511745,79399,62917,312637,433742,0,0,0,436872,74873,74873,4523,3130,0,56792,3130,0
16820,BANK OF GLEN BURNIE,20251231,NM,1,359945,5488,103469,228505,332382,0,4042,0,338607,21338,21338,19808,2183,4042,22483,2183,0
16825,SUNMARK COMMUNITY BANK,20251231,NM,1,398584,72630,15245,280017,345046,0,0,0,350984,47600,47600,7107,5938,0,30692,5938,0
16835,PROSPERITY BANK,20251231,NM,1,38458815,1748908,10613425,21471626,28768719,201216,1950000,0,31089068,7369747,7369747,650234,169083,2151216,4624856,169133,0
16840,RIVER FALLS STATE BANK,20251231,NM,1,137652,2869,22913,103142,122000,613,1000,0,124163,13489,13489,8150,550,1613,8728,550,0
16849,FIRST ARKANSAS BANK&TRUST,20251231,NM,1,1166855,55005,249080,761816,1029444,2669,13746,0,1063872,102983,102983,52539,18013,16415,100954,18013,0
16852,CITIZENS DEP BK ARLINGTON,20251231,NM,1,347895,22047,66574,239811,289158,0,17187,0,308292,39603,39603,9331,1947,17187,19463,1947,0
16854,COMMUNITY 1ST BANK LAS VEGAS,20251231,NM,1,292100,31070,111133,91150,266017,0,0,0,266623,25477,25477,5942,606,0,58747,606,0
16858,FIRST AMERICAN BANK&TRUST CO,20251231,NM,1,853218,18639,141466,657632,720699,10409,5000,0,740721,112497,112497,23971,4613,15409,35481,4613,0
16863,CITIZENS INDEPENDENT BANK,20251231,NM,1,314606,13918,89638,198207,267062,0,8804,0,283527,31079,31079,6206,7661,8804,12843,7661,0
16866,WEST TEXAS STATE BANK,20251231,NM,1,380914,50824,61001,243232,335071,0,1500,0,338641,42273,42273,2947,2070,1500,25857,2070,0
16868,CORN GROWERS STATE BANK,20251231,NM,1,37313,3760,6462,25089,31202,0,3000,0,34395,2918,2918,1745,193,3000,2002,193,0
16889,UNITED COMMUNITY BANK,20251231,SM,1,27929114,403244,5977142,19213269,24136285,85000,0,0,24537659,3391455,3391455,764229,272092,85000,2335459,316374,0
16891,PILGRIM BANK,20251231,NM,1,723028,10642,182996,480919,588249,0,63367,0,654866,68162,68162,23851,3250,63367,48471,3250,0
16895,FIRST STATE BANK OF BEDIAS,20251231,NM,1,213338,21536,54013,125109,173379,0,0,0,174622,38716,38716,9933,1243,0,12680,1243,0
16897,F&M BANK,20251231,NM,1,418551,20201,98167,270940,356150,0,5000,0,365057,53494,53494,21280,3907,5000,29243,3907,0
16900,PRINCEVILLE STATE BANK,20251231,SM,1,120998,12743,34845,62305,99243,0,5000,0,104785,16213,16213,4401,542,5000,11105,542,0
16906,STATE BANK OF TAUNTON,20251231,NM,1,48176,635,11046,24711,38600,0,4471,0,43242,4934,4934,816,171,4471,11784,171,0
16908,SSB BANK,20251231,NM,1,116564,11788,21020,71234,101853,0,0,0,102127,14437,14437,960,274,0,12522,274,0
16910,22ND STATE BANKING CO,20251231,NM,1,272805,7736,23519,210004,223418,0,0,0,236866,35939,35939,10784,13448,0,31546,13448,0
16916,F&M BANK&TRUST CO,20251231,NM,1,90406,8956,5040,62537,76343,0,4000,0,82970,7436,7436,11302,2627,4000,13873,2627,0
16941,FARMERS STATE BANK,20251231,NM,1,81041,1485,31211,43290,73713,0,0,0,73954,7087,7087,807,241,0,5055,241,0
16953,BANK OF CLARKS,20251231,NM,1,62332,3526,5731,47514,48204,0,8000,0,56596,5736,5736,2632,392,8000,5561,392,0
16958,MINNWEST BANK,20251231,NM,1,3012445,325021,370632,2151057,2645028,0,13895,0,2686403,326042,326042,76307,27480,13895,165735,27480,0
16959,BANK OF BILLINGS,20251231,NM,1,95496,9067,0,76877,82035,0,0,0,82916,12580,12580,1436,881,0,9552,881,0
16968,PEOPLES BANK,20251231,NM,1,439480,28522,129104,260264,390511,0,0,0,393247,46233,46233,12107,2736,0,21590,2736,0
16970,PEOPLES BANK OF KENTUCKY INC,20251231,NM,1,542312,56410,59177,398718,467208,9397,0,0,480467,61845,61845,19621,3862,9397,28007,3862,0
16971,SOLUTIONS NORTH BANK,20251231,NM,1,471789,9588,136722,292350,387888,5178,18240,0,414503,57286,57286,14767,3197,23418,33129,3197,0
16976,COMMUNITY STB OF ORBISONIA,20251231,NM,1,458972,8541,64324,349038,410888,0,702,0,414902,44070,44070,15828,3312,702,37069,3312,0
16980,BANK OF COLORADO,20251231,NM,1,7710086,378043,1956219,5167914,6751808,114113,50518,0,6971223,738863,738863,68330,54784,164631,207910,54784,0
16982,BANK OF PONTIAC,20251231,SM,1,1170761,92926,166530,835595,1000722,7906,19500,0,1037163,133598,133598,37651,9035,27406,75710,9035,0
17001,FIRST SECURITY BANK&TRUST CO,20251231,NM,1,255112,2131,352,213384,209374,0,21000,0,231460,23652,23652,6718,1086,21000,39245,1086,0
17009,CENTRAL BANK OF KANSAS CITY,20251231,NM,1,413610,68576,9157,325491,351458,0,7500,0,362962,50648,50583,7283,4004,7500,10386,4004,0
17011,FNB SOUTH,20251231,NM,1,713582,60451,135877,453486,596547,0,0,0,604704,108878,108878,54581,8157,0,63768,8157,0
17040,WILSON&MUIR BANK&TRUST CO,20251231,NM,1,844478,72893,221876,522219,750167,34089,0,0,787642,56836,56836,13494,3386,34089,27490,3386,0
17062,STATE BANK OF BELLINGHAM,20251231,NM,1,49624,1607,19717,24635,40769,0,3500,0,44547,5077,5077,906,278,3500,3665,278,0
17068,LABETTE BANK,20251231,NM,1,527825,54797,145367,305372,442339,0,12800,0,459412,68413,68413,15600,4273,12800,22289,4273,0
17073,PEOPLES BANK,20251231,NM,1,105828,34101,31339,36696,91852,0,0,0,92090,13738,13738,3001,238,0,3692,238,0
17077,FIRST US BANK,20251231,NM,1,1155121,73547,168540,842314,1034675,0,0,0,1045514,109607,109607,31789,10839,0,70720,10839,0
17094,HOMEBANK TEXAS,20251231,NM,1,376443,22119,17217,290815,325771,0,5000,0,333103,43340,43340,6565,2332,5000,46292,2332,0
17096,LIBERTY STATE BANK,20251231,NM,1,157573,2494,81965,58340,142097,0,0,0,142866,14707,14707,2286,769,0,14774,769,0
17108,COMMUNITY B&T WACO TEXAS,20251231,NM,1,637595,34532,195967,385251,555644,0,0,0,557492,80103,80103,17424,1848,0,21845,1848,0
17115,PARTNERS BANK OF NEW ENGLAND,20251231,SI,1,1064499,19727,131914,859211,817755,0,135467,0,959370,105129,105129,33194,6148,135467,53647,6148,0
17120,FIRST SECURITY BANK,20251231,NM,1,908343,21656,279332,542956,785403,0,38000,0,827969,80374,80374,33334,4566,38000,64399,4566,0
17122,LAKE COUNTRY COMMUNITY BANK,20251231,NM,1,32647,9204,8309,13801,29350,0,0,0,29496,3151,3151,656,146,0,1333,146,0
17123,ARTISANS BANK,20251231,SI,1,714697,36136,133376,510094,639996,0,3000,0,647900,66797,66797,14653,4904,3000,35091,4904,0
17138,PEOPLES STATE BANK,20251231,NM,1,13643,1575,1249,9776,11870,0,0,0,11880,1763,1763,187,10,0,1043,10,0
17145,HERITAGE BANK,20251231,NM,1,593699,4573,310260,265594,399153,60995,0,0,460933,132766,132766,9067,785,60995,13272,785,0
17159,BANK OF UTAH,20251231,NM,1,3575203,249509,271193,2846991,2862457,116987,95000,0,3127731,447472,447472,108975,53287,211987,207510,53287,0
17160,COTTONWOOD VALLEY BANK,20251231,SM,1,37126,3389,22362,6025,31903,0,0,0,32812,4314,4314,1479,909,0,5350,909,0
17162,DAIRY STATE BANK,20251231,NM,1,732134,66783,263212,376805,629638,5103,15000,0,654485,77649,77649,18459,4744,20103,25334,4744,0
17169,STATE BANK&TRUST CO,20251231,NM,1,151560,7881,40266,97291,132552,0,5000,0,138543,13017,13017,4066,991,5000,6122,991,0
17174,PEOPLES STB FAIRMOUNT N D,20251231,NM,1,35951,1179,10044,22980,33220,0,0,0,33331,2620,2620,745,111,0,1748,111,0
17180,MEREDITH VILLAGE SB,20251231,SI,1,1611246,33915,103906,1409174,1311583,22514,109049,0,1457864,153382,153382,30210,14718,131563,64251,14718,0
17190,BANK OF CAMILLA,20251231,NM,1,195737,23997,40006,117460,155085,0,0,0,156000,39737,39737,7256,915,0,14274,915,0
17193,WARRINGTON BANK,20251231,NM,1,172802,15498,105169,50398,144129,0,0,0,144208,28594,28594,1120,79,0,1737,79,0
17205,POTTER STATE BANK OF POTTER,20251231,NM,1,53637,6614,17237,21103,47284,0,229,0,47621,6016,6016,2355,108,229,8683,108,0
17211,CITIZENS BANK,20251231,SM,1,1600483,138051,99203,1254788,1458975,0,275,0,1465306,135177,135177,57084,6056,275,108441,6056,0
17214,CITIZENS STATE BANK,20251231,NM,1,474210,5189,147618,284191,424410,0,0,0,431028,43182,43182,7205,6618,0,37212,6618,0
17229,HENDERSON STATE BANK,20251231,NM,1,635427,17976,79883,508779,483606,0,85000,0,570358,65069,65069,20306,1752,85000,28789,1752,0
17230,ALBANY B&T CO NA,20251231,N,1,729563,134977,43073,540066,601838,0,0,0,606976,122587,122587,7660,5138,0,11447,5138,0
17232,SIDNEY STATE BANK,20251231,NM,1,140646,9302,35502,93319,125503,0,1000,0,127364,13282,13282,1154,861,1000,2523,861,0
17241,NORTH CENTRAL BANK,20251231,NM,1,159348,11477,49203,85946,137257,0,1000,0,139520,19828,19828,6676,1263,1000,12722,1263,0
17259,ST ANSGAR STATE BANK,20251231,SM,1,189283,6065,52531,124692,146140,208,24511,0,171449,17834,17834,4350,590,24719,5995,590,0
17262,ESSEX BANK,20251231,SI,1,519868,73791,48836,363513,434739,0,2275,0,446311,73557,73557,8677,9297,2275,33728,9297,0
17266,COLUMBIA BANK,20251231,NM,1,66821352,2379541,11223383,47572182,54336279,207265,3202952,0,58679507,8141845,8141845,2410257,933011,3410217,5646246,933011,0
17280,BANK OF TIOGA,20251231,NM,1,394447,9402,231266,117710,386761,47,0,0,390683,3764,3764,33236,3875,47,36069,3875,0
17281,CITY NATIONAL BANK,20251231,N,1,98429760,6060983,19594711,68195885,78538052,0,4924659,400000,86043484,12386276,12386276,2848408,2180773,5324659,4578181,2180773,0
17282,BANKIOWA,20251231,NM,1,823634,17361,91003,674268,688591,19270,4286,0,722664,100970,100970,29139,10517,23556,41002,10517,0
17308,CENTRAL PACIFIC BANK,20251231,SM,1,7397722,378653,1310603,5230559,6615293,0,25000,0,6764011,633711,633711,285178,123718,25000,477907,123718,0
17317,GOPPERT STATE SERVICE BANK,20251231,NM,1,324327,35923,21025,257608,292432,0,0,0,294223,30104,30104,6662,1791,0,9771,1791,0
17320,PEOPLES BANK&TRUST,20251231,NM,1,618052,7948,155850,415778,501067,29665,25000,0,561518,56534,56534,23042,5786,54665,38476,5786,0
17323,FIRST STATE COMMUNITY BANK,20251231,NM,1,4469173,244354,562629,3325403,3749877,0,148880,0,3925765,543408,543347,185167,27008,148880,336787,27008,0
17327,BANK OF DICKSON,20251231,NM,1,278408,9316,88110,172340,249083,0,0,0,250381,28027,28027,3911,1298,0,8642,1298,0
17348,SOUTH STORY BANK&TRUST,20251231,NM,1,610652,31498,6523,548666,471943,0,61617,0,539405,71247,71247,8962,5845,61617,23965,5845,0
17350,FIRST STB OF SAN DIEGO,20251231,NM,1,73718,24888,31239,17096,66923,0,0,0,67190,6528,6528,419,267,0,495,267,0
17369,CARSON BANK,20251231,NM,1,204864,19442,38392,136598,183444,0,4000,0,188257,16607,16607,6486,813,4000,10432,813,0
17374,MID-AMERICA BANK,20251231,NM,1,548817,7436,43658,427258,408884,0,80736,0,494653,54164,54164,21116,5033,80736,70465,5033,0
17375,STATE EXCHANGE BANK,20251231,NM,1,55776,3506,22823,17161,51378,0,0,0,51655,4121,4121,740,277,0,12286,277,0
17388,M C BANK&TRUST CO,20251231,NM,1,478103,91602,38562,308419,382718,0,0,0,397590,80513,80513,17385,14872,0,39520,14872,0
17393,GERMAN AMERICAN BANK,20251231,NM,1,8376930,117833,1653744,5805220,7048051,43853,102137,0,7257382,1119548,1119548,247308,63341,145990,800133,63341,0
17399,IMPACT BANK,20251231,SM,1,164393,5316,41084,100315,151960,0,0,0,152615,11778,11778,6759,655,0,17678,655,0
17410,BENDENA STATE BANK,20251231,NM,1,130916,3652,38859,83358,110639,5870,1700,0,118592,12324,12324,3447,383,7570,5047,383,0
17411,MOUNTAIN VALLEY BANK,20251231,SM,1,562231,31192,98246,401319,453153,0,47500,0,504793,57438,57438,11746,4140,47500,31474,4140,0
17431,STONE BANK,20251231,SM,1,882596,18238,95286,680592,704207,0,98000,0,811692,70904,70904,49177,9485,98000,88480,9485,0
17437,DACOTAH BANK,20251231,SM,1,4835143,108858,568577,3923712,4321159,0,0,0,4373060,462083,462083,148869,51901,0,233996,51901,0
17438,FIRST NB OF AMERICA,20251231,N,1,6700737,275362,78162,6141795,3836566,0,2276000,0,6164157,536580,536580,179008,51591,2276000,205418,51591,0
17441,DYSART STATE BANK,20251231,NM,1,17002,2200,1110,11934,13770,0,1360,0,15154,1848,1848,1616,24,1360,1758,24,0
17443,PISCATAQUA SAVINGS BANK,20251231,SI,1,383228,35026,118701,200138,300457,0,40000,0,341569,41659,41659,22445,1112,40000,29363,1112,0
17446,MAVERICK BANK,20251231,NM,1,467683,35369,135135,265982,416270,0,0,0,419698,47985,47985,7139,3428,0,31197,3428,0
17450,DEFIANCE STATE BANK,20251231,NM,1,41777,3474,4156,31522,31061,0,6415,0,37722,4055,4055,2576,246,6415,2625,246,0
17451,HALSTEAD BANK,20251231,SM,1,192531,22289,20474,138854,174526,0,0,0,175211,17320,17320,8489,685,0,10914,685,0
17453,APPLE RIVER STATE BANK,20251231,NM,1,638557,53197,173810,387203,520905,26780,37564,0,588557,50000,50000,19564,3308,64344,24347,3308,0
17470,FIRST BANK CHICAGO,20251231,NM,1,2184037,129775,476142,1488692,1720509,0,254500,0,1988174,195863,195863,80024,13165,254500,89428,13165,0
17477,UNITED BANK&TRUST,20251231,SM,1,905625,13091,161426,669353,713113,14988,71971,0,803348,102277,102277,38183,3276,86959,61755,3276,0
17478,FIRSTIER BANK,20251231,NM,1,1082291,11257,95620,769665,919158,0,30000,0,960820,121471,121471,14575,11662,30000,205749,11662,0
17491,PLAINSCAPITAL BANK,20251231,SM,1,12749613,1129410,2157650,8826051,10914073,153208,47633,0,11242100,1507513,1505737,198161,122783,200841,636502,127186,0
17509,FIRST STB OF THE FL KEYS,20251231,NM,1,1143806,32465,258614,824559,1013467,13619,0,0,1038852,104954,104954,17233,11766,13619,28168,11766,0
17513,FISHER NATIONAL BANK,20251231,N,1,364093,11529,61006,269091,308059,0,19972,0,330332,33761,33761,10103,2301,19972,22467,2301,0
17514,BANTERRA BANK,20251231,NM,1,3288735,64094,547063,2544138,2979494,0,51400,14932,3072011,216724,216724,92939,26185,66332,133440,26185,0
17534,KEYBANK NATIONAL ASSN,20251231,N,1,181707510,11427924,48217097,106385212,153659819,12936,3428405,1932320,162632501,19075009,19074946,8805414,2960000,5373661,15677277,3599021,0
17543,BANK OF DADE,20251231,NM,1,160856,5160,53070,90237,149154,0,0,0,149687,11169,11169,1122,533,0,12389,533,0
17551,COMMUNITY STATE BANK,20251231,NM,1,42842,2724,19340,14371,35137,0,0,0,35206,7636,7636,2053,69,0,6407,69,0
17563,PALMETTO STATE BANK,20251231,NM,1,623382,67034,309064,225660,517545,8414,12000,0,543061,80321,80321,18540,5102,20414,21624,5102,0
17572,FIRST NB IN TAYLORVILLE,20251231,N,1,198046,5696,99937,81085,172563,1300,0,0,175323,22723,22723,6340,1460,1300,11328,1460,0
17580,FNBT BANK,20251231,NM,1,635442,243740,123237,254796,565842,0,0,0,567490,67952,67952,3651,1648,0,13669,1648,0
17587,SIMMESPORT STATE BANK,20251231,NM,1,200048,26241,2115,159783,175924,0,0,0,176516,23532,23532,3576,592,0,11909,592,0
17588,FIRST STATE BANK,20251231,NM,1,878760,57542,159035,624602,792816,0,0,0,800647,78113,78113,22467,7831,0,37581,7831,0
17603,NATIONAL BANK OF ANDREWS,20251231,N,1,321537,8496,49106,218361,285543,0,0,0,290640,30897,30897,18407,5097,0,45574,5097,0
17607,CITY STATE BANK,20251231,NM,1,53601,6293,8635,35906,48335,508,0,0,49043,4558,4558,1961,200,508,2767,200,0
17612,CENTRAL BANK,20251231,SM,1,1318887,68988,199573,1008493,1180647,0,0,0,1195026,123861,123861,32728,14379,0,41833,14379,0
17614,FARMERS BANK&TRUST,20251231,NM,1,1020387,5768,449160,510906,698504,0,84900,0,789099,231288,231288,49665,5695,84900,54553,5695,0
17621,BASILE STATE BANK,20251231,NM,1,80817,4175,165,67209,71634,0,0,0,72105,8712,8712,1485,471,0,9268,471,0
17622,ALDEN STATE BANK,20251231,NM,1,313882,34253,75256,190666,273605,0,0,0,275227,38655,38655,10220,1622,0,13707,1622,0
17629,FARMERS STB OF BLUE MOUND,20251231,NM,1,52725,1791,4107,41730,45996,0,0,0,46094,6631,6631,1009,98,0,5097,98,0
17632,FARMERS STATE BANK,20251231,NM,1,20501,12401,500,7412,18429,0,0,0,18511,1990,1990,155,82,0,188,82,0
17636,ASTRA BANK,20251231,NM,1,435860,11125,161356,226143,384557,0,30075,0,416469,19391,19391,16335,1837,30075,37236,1837,0
17639,RVR BANK,20251231,NM,1,557123,21257,80324,423585,495201,0,0,0,498935,58188,58188,14078,3734,0,31957,3734,0
17643,FIRST NATIONAL BANK,20251231,N,1,470318,37565,196163,217964,442168,0,276,0,444077,26241,26241,12766,1633,276,18626,1633,0
17650,STOCKGROWERS STB ASHLAND KS,20251231,NM,1,225192,4213,69730,133152,194182,0,1200,0,196907,28285,28285,7990,1525,1200,18097,1525,0
17658,NORWAY SAVINGS BANK,20251231,SI,1,2082168,31017,410159,1535436,1594662,0,205034,0,1824558,257610,257610,47124,24862,205034,105556,24862,0
17661,FIRST STATE BANK OF HEALY,20251231,NM,1,119453,1433,34993,69266,99197,0,3500,0,103728,15725,15725,7585,1031,3500,13761,1031,0
17671,BANK OF PRAIRIE VILLAGE,20251231,NM,1,149616,14958,4610,119717,132262,0,0,0,132685,16931,16931,5002,423,0,10331,423,0
17672,CITIZENS STATE BANK,20251231,NM,1,436018,7694,171130,222428,369720,2077,3767,0,379002,57016,57016,21503,3438,5844,34766,3438,0
17676,LEGACY BANK,20251231,NM,1,825888,15289,115229,633170,703652,0,35000,0,744606,81282,81282,19803,5954,35000,62200,5954,0
17685,OUTDOOR BANK,20251231,NM,1,661342,151583,2618,476766,585391,0,10935,0,598500,62842,62842,9158,2174,10935,30375,2174,0
17734,DLP BANK,20251231,NM,1,302952,93640,42391,111953,244769,0,0,0,245675,57277,57277,7466,906,0,54968,906,0
17735,CITY NB OF WEST VIRGINIA,20251231,N,1,6703029,189732,1493684,4486800,5449610,367674,150000,0,6046528,656501,656501,305340,79244,517674,532813,79244,0
17736,HOMETOWN SAVINGS BANK,20251231,SI,1,457801,16417,119526,289880,395523,0,31000,0,429588,28213,28213,22467,3065,31000,31978,3065,0
17739,PLAINS STATE BANK,20251231,NM,1,882402,148584,74412,639762,723676,0,0,0,728104,154298,154298,11538,4428,0,19644,4428,0
17741,MAINE COMMUNITY BANK,20251231,SI,1,2854230,49512,245384,2362605,2289271,3342,256975,0,2589743,264487,264487,98701,33474,260317,196729,40155,0
17743,SACO&BIDDEFORD SVG INST,20251231,SI,1,1446208,25640,184751,1171185,1032362,0,267823,0,1312210,133998,133998,32290,12025,267823,64632,12025,0
17749,BATH SAVINGS INSTITUTION,20251231,SI,1,1497823,39130,531558,842134,1161942,23000,81362,0,1281449,216374,216374,64823,15145,104362,85001,15145,0
17751,ANDROSCOGGIN SAVINGS BANK,20251231,SI,1,1830082,133368,130906,1477297,1458732,0,153734,0,1645779,184303,183919,67701,33313,153734,88511,33313,0
17759,BALTIC STATE BANK,20251231,NM,1,121967,6441,5452,92143,112842,0,0,0,113393,8574,8574,2552,551,0,17931,551,0
17764,CENTREVILLE BANK,20251231,SI,1,3027980,49404,493575,2289114,2284965,0,265289,0,2616601,411379,411379,106939,58802,265289,195887,66347,0
17767,GUARANTY BANK&TRUST CO,20251231,NM,1,306966,22370,48807,219642,264383,0,0,0,264827,42139,42139,9664,444,0,16147,444,0
17769,BANK OF HAYS,20251231,NM,1,370175,7313,145820,201846,318154,0,13960,0,334367,35808,35808,11849,2253,13960,15196,2253,0
17773,BLUE RIDGE BANK,20251231,NM,1,193790,22793,32414,129084,176549,0,0,0,177103,16687,16687,1691,554,0,9499,554,0
17775,FIRST STATE BANK,20251231,NM,1,173690,55350,53723,58774,148197,0,0,0,149962,23728,23728,5529,1765,0,5843,1765,0
17782,PIKES PEAK NATIONAL BANK,20251231,N,1,109908,20587,15377,69564,92408,0,447,0,93128,16780,16780,2645,273,447,4380,273,0
17797,ROLLSTONE BANK&TRUST,20251231,SB,1,847543,13892,174967,596602,686023,0,86997,0,778192,69351,69351,50297,5172,86997,62082,5172,0
17798,BEACON BANK&TRUST,20251231,SM,1,23181570,2045631,1688768,17776713,19711150,0,589788,0,20672598,2508972,2508972,801729,255465,589788,1670458,371660,0
17809,CITIZENS BANK,20251231,NM,1,831732,79890,335564,358200,705666,25721,0,0,744208,87524,87524,44456,12821,25721,58078,12821,0
17811,FIRST NB IN PORT LAVACA,20251231,N,1,381310,51455,107258,205982,313339,0,29964,0,343887,37423,37423,6951,584,29964,16615,584,0
17813,BANK OF HAZELTON,20251231,NM,1,74865,18434,19254,32994,67008,0,0,0,67326,7539,7539,1024,318,0,4183,318,0
17825,BOELUS STATE BANK,20251231,NM,1,23488,16054,2201,5042,19871,0,0,0,19939,3549,3549,131,68,0,191,68,0
17830,CITIZENS BANK OF CHARLESTON,20251231,NM,1,188785,16502,15373,137389,152234,0,0,0,153144,35641,35641,4156,910,0,19521,910,0
17832,KAW VALLEY STATE B&T CO,20251231,SM,1,305934,27876,94955,171167,257446,0,15697,0,273635,32299,32299,3282,492,15697,11936,492,0
17838,WILMINGTON SVG FUND SOCIETY,20251231,SB,1,21217946,1689662,4510577,13143600,17933957,0,14744,0,18550392,2667554,2678024,771980,601691,14744,1874107,601691,0
17841,VERMILION BANK&TRUST CO,20251231,NM,1,169728,65305,35448,66013,151777,0,0,0,152987,16741,16741,2587,1210,0,2962,1210,0
17842,TEXAS BANK&TRUST CO,20251231,NM,1,4380098,371679,433077,3377502,3790159,0,25000,0,3847166,532932,532932,126164,32007,25000,197840,32007,0
17863,STERLING STATE BANK,20251231,NM,1,481944,12658,142863,309238,360924,70040,9000,0,450476,31468,31468,2680,10512,79040,17185,10512,0
17870,CAMBRIDGE SAVINGS BANK,20251231,NM,1,6937271,170473,740829,5662533,5570103,0,545724,0,6233740,703531,703531,257977,117913,545724,363436,117913,0
17872,FIRST NATIONAL BANK CORTEZ,20251231,N,1,152333,2512,36429,96674,132208,0,4000,0,137422,14911,14911,5138,1214,4000,16718,1214,0
17878,BANK OF LOUISIANA,20251231,NM,1,102136,11549,11861,62006,89233,0,0,0,90957,11179,11179,1217,1724,0,16720,1724,0
17881,FREEDOM BANK,20251231,NM,1,301601,48518,53214,172859,246990,0,15000,0,264186,37415,37415,5719,2196,15000,27010,2196,0
17897,KENNEBEC SAVINGS BANK,20251231,SI,1,1822337,41150,215406,1516272,1387979,0,174702,0,1583171,239166,239166,26507,20490,174702,49509,20490,0
17903,MAQUOKETA STATE BANK,20251231,SM,1,433686,12315,177246,216937,333273,21899,9043,0,367406,66280,66280,24497,3191,30942,27188,3191,0
17906,AMERICAN BANK&TRUST CO,20251231,NM,1,271837,26681,51390,185036,227977,9300,6811,0,246102,25735,25735,6278,2014,16111,8730,2014,0
17910,MORRIS BANK,20251231,NM,1,1549495,68156,209918,1180104,1332812,0,0,0,1345001,204494,204494,40571,12189,0,91317,12189,0
17913,FIRST NB OF FORT STOCKTON,20251231,N,1,156853,8354,61494,77645,141183,0,0,0,141823,15030,15030,1912,640,0,9360,640,0
17922,STRASBURG STATE BANK,20251231,NM,1,99606,6461,24272,53045,89333,0,0,0,90484,9122,9122,3528,1151,0,15828,1151,0
17927,VINTAGE BANK KANSAS,20251231,NM,1,271367,5313,74716,174726,218032,1521,25975,0,247410,23957,23957,9753,1882,27496,16612,1882,0
17933,BLUE RIDGE BANK&TRUST CO,20251231,NM,1,883136,112998,123766,614480,740136,28324,27500,0,802770,80366,80366,16966,6810,55824,31892,6810,0
17937,FRANKLIN BANK&TRUST CO,20251231,NM,1,801268,56638,8761,692484,641608,0,54440,0,698681,102587,102587,21617,2633,54440,43385,2633,0
17943,LIBERTY BANK,20251231,SI,1,8984131,193238,1401124,6900235,6949290,0,711518,0,7811517,1172614,1172614,334636,150709,711518,489534,150709,0
17950,FIRST STATE BANK,20251231,NM,1,458534,52607,46567,332727,413564,0,0,0,417421,41113,41113,13306,3857,0,26633,3857,0
17951,FRANKLIN SAVINGS BANK,20251231,SI,1,917282,15383,124377,732518,794502,0,36146,0,839506,77776,77776,30345,8858,36146,45004,8858,0
17959,DOLORES STATE BANK,20251231,NM,1,447718,7510,78037,316283,353244,0,25000,0,383591,64127,64127,14912,5347,25000,45888,5347,0
17960,MERRIMACK COUNTY SB,20251231,SI,1,1384369,61354,125598,1141741,1135223,53177,63238,0,1261219,123150,123150,33543,9581,116415,55676,9581,0
17964,STATE BANK OF SOUTHERN UTAH,20251231,NM,1,2600812,121283,480103,1858311,2285822,0,0,0,2308661,292151,292151,80992,22839,0,141115,22839,0
17975,COMMERCIAL BANK OF OZARK,20251231,NM,1,117900,12984,45842,51910,110494,0,500,0,112367,5533,5533,5840,1373,500,7164,1373,0
17979,CASTROVILLE STATE BANK,20251231,NM,1,306396,57900,63210,179992,279584,0,0,0,280006,26390,26390,3104,422,0,5294,422,0
17982,WALTON STATE BANK,20251231,NM,1,10869,2854,3474,3234,7960,0,0,0,8146,2723,2723,109,186,0,1307,186,0
17985,FIRST HAWAIIAN BANK,20251231,NM,1,23958223,1477752,5609910,14145431,20533140,0,10530,0,21201018,2757205,2757205,1106859,642720,10530,2725130,657348,0
17993,KEYSTONE SAVINGS BANK,20251231,NM,1,195126,6658,63967,117099,163061,0,10361,0,174295,20831,20831,3317,873,10361,7402,873,0
17995,BANK OF GREELEY,20251231,NM,1,50663,13797,10615,24022,43311,0,0,0,44461,6202,6202,1708,1150,0,2229,1150,0
18012,BANK OF NEW HAMPSHIRE,20251231,SM,1,2749252,155317,306992,2141387,2342726,54379,4071,0,2430698,318554,318554,77478,29522,58450,145556,29522,0
18013,MASCOMA BANK,20251231,SM,1,2991929,60071,344398,2461004,2662315,15723,31261,0,2740166,251763,251763,69648,30867,46984,126456,30867,0
18019,PATRIOTS BANK,20251231,NM,1,261243,21969,23664,201623,230806,0,7000,0,238776,22467,22467,5528,970,7000,13987,970,0
18028,SUGAR RIVER BANK,20251231,SI,1,416061,24736,77231,287368,354471,0,8000,0,368623,47438,47438,20137,6152,8000,26726,6152,0
18030,SAVINGS BANK OF WALPOLE,20251231,SI,1,838861,77326,133568,602150,766815,0,425,0,775404,63457,63457,16616,8164,425,25817,8164,0
18033,SECURITY BANK OF THE OZARKS,20251231,NM,1,155050,19123,27069,99334,143969,0,0,0,144276,10774,10774,4390,307,0,9524,307,0
18038,CLAREMONT SAVINGS BANK,20251231,SI,1,620413,53946,56927,474515,462768,0,83541,0,548726,71687,71687,25583,2417,83541,35025,2417,0
18053,BANK OF HAWAII,20251231,SM,1,24142511,946520,7753812,13939653,21269027,50000,558176,0,22390847,1751664,1751664,959503,513644,608176,1502526,513644,0
18059,BANK OF COMMERCE,20251231,NM,1,2259922,148194,377055,1613341,1909271,0,0,0,1936771,323151,323151,64345,27500,0,121332,27500,0
18063,COREBANK,20251231,NM,1,125590,7809,11719,99389,110961,0,0,0,111881,13709,13709,2750,920,0,6673,920,0
18071,WATKINS SAVINGS BANK,20251231,NM,1,83202,2167,34923,33418,71773,0,0,0,72100,11102,11102,1125,327,0,12694,327,0
18094,MARQUETTE FARMERS STB MARQUE,20251231,NM,1,31644,4404,12447,11078,26309,0,0,0,26472,5172,5172,873,163,0,3715,163,0
18100,COREFIRST BANK&TRUST,20251231,NM,1,1291227,66384,289239,860450,1052027,93479,60826,0,1217042,74185,74185,39751,10710,154305,75154,10710,0
18101,FARMERS STB OF BUCKLIN KS,20251231,NM,1,65809,7943,10357,32995,57635,0,0,0,57912,7897,7897,961,277,0,14514,277,0
18109,TRICENTURY BANK,20251231,NM,1,196226,14010,1393,169853,118831,0,55000,0,174430,21796,21796,6894,599,55000,10970,599,0
18118,BANK OF THE PLAINS,20251231,NM,1,445545,23383,79207,318239,389418,0,10052,0,401965,43580,43580,11286,2495,10052,24716,2495,0
18120,FARMERS STB OF ALICEVILLE KS,20251231,NM,1,176751,20309,30072,122314,142439,0,0,0,143213,33538,33538,2220,774,0,4056,774,0
18129,BANKNEWPORT,20251231,SM,1,3006738,109164,453548,2316994,2345991,0,326571,0,2704584,302154,302154,80552,32022,326571,127032,32022,0
18136,FIRST NB OF WAUCHULA,20251231,N,1,85575,14141,4978,61873,74594,0,0,0,76019,9556,9556,3331,1425,0,4583,1425,0
18143,OCONEE STATE BANK,20251231,NM,1,733880,76069,144883,476958,649631,0,10000,0,667193,66687,66687,22843,7562,10000,35970,7562,0
18145,STATE BANK OF EAGLE BUTTE,20251231,NM,1,86332,7512,30971,29857,77378,0,0,0,77612,8720,8720,917,234,0,17992,234,0
18155,BRIDGE CITY STATE BANK,20251231,NM,1,260842,34000,86376,126688,214710,0,24000,0,240011,20831,20831,11653,1301,24000,13778,1301,0
18164,GARFIELD COUNTY BANK,20251231,NM,1,104404,14219,13454,47544,87469,0,0,0,88533,15871,15871,2616,1064,0,29187,1064,0
18165,STOCKGROWERS STATE BANK,20251231,NM,1,128458,1539,34741,83075,95362,1273,16500,0,113674,14784,14784,4264,539,17773,9103,539,0
18171,BANK OF O FALLON,20251231,NM,1,378454,66942,22097,276600,326583,0,0,0,328891,49563,49563,6264,2308,0,12815,2308,0
18185,COMMUNITY NB&T OF TEXAS,20251231,N,1,1622684,170657,142358,1172351,1369699,0,50000,0,1433141,189543,189543,54526,13442,50000,137318,13442,0
18190,UNION SAVINGS BANK,20251231,SI,1,3296954,191225,570007,2294996,2482236,312181,129428,0,2984329,312625,312625,185206,60484,441609,240726,60484,0
18194,ASCEND BANK,20251231,SI,1,1454742,31373,189195,1129633,1284867,0,9950,0,1311620,143122,143122,58823,16803,9950,104541,16803,0
18198,ION BANK,20251231,SM,1,2732114,233045,246338,2030596,2231226,0,84613,0,2402209,329905,329905,128047,74937,84613,222135,86370,0
18199,NEWTOWN SAVINGS BANK,20251231,SI,1,1870620,99502,215737,1465659,1582348,0,91701,0,1710161,160459,160459,54151,36112,91701,89722,36112,0
18200,DIME BANK,20251231,SI,1,1194469,28015,200518,908378,915709,0,137254,0,1063432,131037,131037,44022,10469,137254,57558,10469,0
18204,FIRST COUNTY BANK,20251231,SI,1,2291450,127554,299228,1708976,1775326,0,277660,0,2108799,182651,182651,127873,55813,277660,155692,55813,0
18213,FAIRFIELD COUNTY BANK,20251231,SI,1,1919529,96972,239227,1460686,1393977,0,236550,0,1678128,241401,241401,91143,47601,236550,122644,47601,0
18216,TEJAS BANK,20251231,NM,1,238629,12859,39901,127711,210303,0,0,0,214316,24313,24313,3792,4013,0,58158,4013,0
18221,WEBSTER BANK NATIONAL ASSN,20251231,N,1,83985466,2414442,17979075,55892585,68898748,596738,3231587,0,74211336,9774130,9774130,2592307,1337665,3828325,7699364,1484263,0
18227,STAFFORD SAVINGS BANK,20251231,SI,1,475408,71822,329049,66072,196656,0,0,0,246913,228495,228495,5706,50257,0,8465,50257,0
18229,NORTHWEST COMMUNITY BANK,20251231,SI,1,1204298,16269,155818,976505,1002966,25,107046,0,1120859,83439,83439,46368,10822,107071,55706,10822,0
18237,JEWETT CITY SAVINGS BANK,20251231,SI,1,484580,38653,28886,388246,390923,0,20564,0,415796,68784,68784,20216,4309,20564,28795,4309,0
18238,CHELSEA GROTON BANK,20251231,SI,1,1755941,28748,306368,1302507,1170727,0,285066,0,1486779,269162,269162,86664,30986,285066,118318,30986,0
18258,THOMASTON SAVINGS BANK,20251231,SI,1,1905036,39967,343513,1404355,1658991,0,56812,0,1733056,171980,171980,90525,17253,56812,117201,17253,0
18266,NORTHERN BANK&TRUST CO,20251231,NM,1,3167025,70581,161645,2756335,2589138,0,66515,0,2705115,461910,461910,112878,49462,66515,178464,49462,0
18272,COMMUNITY STATE BANK,20251231,SM,1,1716237,13352,285054,1267511,1341915,0,155149,0,1520997,195240,195240,45187,23933,155149,150320,23933,0
18284,FARMERS SAVINGS BANK,20251231,NM,1,213388,5325,34667,165610,166931,0,21416,0,188748,24640,24640,5875,401,21416,7786,401,0
18296,HAWAII NATIONAL BANK,20251231,N,1,893251,122376,213795,521593,795261,0,2274,0,800678,92573,92573,28781,3143,2274,35487,3143,0
18297,SOUTHSIDE BANK,20251231,NM,1,8508720,383986,2709122,4774223,6942818,98657,321136,0,7444472,1064248,1064248,269862,81861,419793,641389,81861,0
18301,FIRST STATE BANK,20251231,NM,1,146655,9611,19050,89726,119041,0,0,0,120464,26191,26191,2093,1423,0,28268,1423,0
18302,PRODUCER BANK OF TEXAS,20251231,NM,1,53505,24051,3687,19282,37695,0,0,0,39448,14057,14057,1477,1753,0,6485,1753,0
18342,BOSTON TRUST WALDEN CO,20251231,NM,1,88115,169,22409,46,0,0,17,0,23643,64472,64472,17805,23626,17,65491,23626,0
18344,UBANK,20251231,NM,1,906177,138467,26191,710107,790180,0,27290,0,822183,83994,83994,20861,4713,27290,31412,4713,0
18355,NORTH DALLAS BANK&TRUST CO,20251231,NM,1,1870071,243183,271177,1263789,1604345,869,76000,0,1686589,183482,183482,42880,5375,76869,91922,5375,0
18356,CITIZENS STATE BANK,20251231,NM,1,198798,16280,51929,125617,174698,0,0,0,175505,23293,23293,2336,807,0,4972,807,0
18361,COULEE BANK,20251231,NM,1,543010,11903,96685,417128,435105,6311,58500,0,504697,38313,38313,6081,4781,64811,17294,4781,0
18374,SECURITY STATE BANK,20251231,NM,1,999097,17865,168708,756835,798325,0,86639,0,891630,107467,107467,32466,6666,86639,55689,6666,0
18378,SECURITY STB OF WANAMINGO,20251231,NM,1,113597,5949,8489,93087,98296,0,2519,0,101013,12584,12584,1468,198,2519,6072,198,0
18380,FIRST INDEPENDENT BANK,20251231,NM,1,139431,12981,48951,73352,123730,0,0,0,124089,15342,15342,2464,359,0,4147,359,0
18384,NORTHEAST SECURITY BANK,20251231,NM,1,448989,19741,130859,267030,358768,12985,23026,0,398164,50825,50825,16793,3385,36011,31359,3385,0
18385,REGIONAL MISSOURI BANK,20251231,NM,1,573965,17508,79940,445054,490861,0,16000,0,511863,62102,62102,19010,5002,16000,31463,5002,0
18389,WESTERN COMMERCE BANK,20251231,NM,1,866586,116551,254687,472573,780251,0,822,0,781213,85373,85373,13890,140,822,22775,140,0
18394,FARMERS SAVINGS BANK,20251231,NM,1,139236,8167,28620,93707,115896,0,1000,0,117860,21376,21376,6248,964,1000,8742,964,0
18400,IOWA TRUST&SAVINGS BANK,20251231,NM,1,523441,53764,92447,344328,394236,316,53000,0,464198,59243,59243,11324,16646,53316,32902,16646,0
18402,BLACKHAWK BANK&TRUST,20251231,NM,1,1908431,36006,630685,1195012,1582221,76202,52181,0,1722181,186250,186250,27020,11577,128383,46728,11577,0
18408,BANGOR SAVINGS BANK,20251231,SI,1,7354239,104436,1478274,5086206,5701411,336784,607042,0,6826781,527458,527458,419610,181544,943826,685323,181544,0
18409,TD BANK NATIONAL ASSN,20251231,N,1,346188188,28897223,126105349,163682980,283537865,6759402,261939,26300,296455131,49733057,49728084,7427830,5869625,7047641,27502636,5869625,0
18429,MORTON COMMUNITY BANK,20251231,NM,1,5398922,225729,1419387,3530745,4676385,0,173083,0,4867608,531314,531314,83419,18140,173083,223061,18140,0
18431,FIRST BANK KANSAS,20251231,NM,1,594357,28903,153784,391868,540349,0,8000,0,550666,43691,43691,6215,2317,8000,19802,2317,0
18443,CUSB BANK,20251231,SM,1,811064,23905,113663,626337,712417,0,0,0,718119,92945,92945,24767,5702,0,47159,5702,0
18448,SECURITY STATE BANK,20251231,NM,1,113729,13519,40233,57644,103531,0,0,0,103889,9840,9840,1181,358,0,2333,358,0
18454,ZAPATA NATIONAL BANK,20251231,N,1,85839,20348,26157,36810,72776,0,0,0,73179,12660,12660,723,403,0,2524,403,0
18463,HERITAGE BANK,20251231,NM,1,38567,5661,12836,19194,33948,1848,10,0,36385,2182,2182,483,579,1858,876,579,0
18474,FIRST KANSAS BANK,20251231,NM,1,300904,17307,147529,130608,281772,0,0,0,282572,18332,18332,2444,800,0,5460,800,0
18483,ANDES STATE BANK,20251231,NM,1,27884,10322,1170,10684,24020,0,0,0,24145,3739,3739,360,125,0,5708,125,0
18489,ADAMS BANK&TRUST,20251231,SM,1,1340848,183709,230689,883651,1139261,0,10000,0,1161240,179608,179608,22973,11979,10000,42799,11979,0
18503,CATHAY BANK,20251231,NM,1,24213489,1424408,1670179,19944464,20911412,0,17582,0,21200331,3013158,3013158,366495,271337,17582,1174438,271337,0
18508,FIRST SECURITY STATE BANK,20251231,NM,1,87748,13548,12473,59934,74992,0,419,0,75795,11953,11953,709,384,419,1793,384,0
18514,FIRST NEW MEXICO BANK,20251231,NM,1,276213,17303,101149,121685,232777,0,0,0,237061,39152,39152,6887,4284,0,36076,4284,0
18518,WESTSIDE STATE BANK,20251231,NM,1,255043,6163,13240,225613,187993,0,45470,0,234873,20170,20170,5606,1410,45470,10027,1410,0
18519,FIRST SERVICE BANK,20251231,NM,1,921140,30520,41919,764866,815787,0,21912,0,844333,76807,76807,26687,6634,21912,83835,6634,0
18561,SUNRISE BANKS NATIONAL ASSN,20251231,N,1,2718222,216437,634922,1744351,2453288,0,0,1225,2463410,254812,254812,95591,8897,1225,122512,8897,0
18564,FIRST NB OF BROOKFIELD,20251231,N,1,410156,30587,2719,367251,323430,0,32487,0,358147,52009,52009,7055,2230,32487,9599,2230,0
18566,PEOPLES BK OF KANKAKEE CNTY,20251231,NM,1,362023,66305,124178,158130,307976,21096,10200,0,339988,22035,22035,8402,716,31296,13410,716,0
18568,COMMUNITY BANK OF EASTON,20251231,NM,1,44724,26122,600,15819,36010,0,0,0,36405,8319,8319,536,395,0,2183,395,0
18569,PEOPLES STATE BANK,20251231,NM,1,1460917,29652,265777,1096215,1189610,5397,112950,0,1322704,138213,138213,48950,14747,118347,69273,14747,0
18576,BANK OF TEXAS,20251231,SM,1,525992,109994,4427,401269,420209,0,35892,0,457238,68754,68754,5111,1137,35892,10302,1137,0
18584,COMMERCIAL BANK,20251231,NM,1,553680,57374,90621,367942,478002,0,16000,0,496254,57426,57426,24316,2252,16000,37743,2252,0
18592,FIRST BANK OF OWASSO,20251231,NM,1,584463,2919,47836,463818,486556,0,0,0,487887,96576,96576,3328,1331,0,69890,1331,0
18609,AMERICAN BANK OF COMMERCE,20251231,NM,1,1691788,33110,507438,1053879,1300723,11492,220000,0,1552305,139483,139483,76381,20090,231492,97361,20090,0
18610,UNION STATE BANK OF EVEREST,20251231,SM,1,437183,6626,87860,323746,370858,44,23400,0,396120,41063,41063,9127,1818,23444,18951,1818,0
18618,SMBC MANUBANK,20251231,NM,1,7675698,1720022,1064633,4611414,6565276,0,115000,0,6782201,893497,893497,260582,101925,115000,279629,101925,0
18620,CITIZENS B&T CO OF JACKSON,20251231,NM,1,213207,18549,23449,155155,189193,0,0,0,189941,23266,23266,7109,748,0,16054,748,0
18641,FIRST B&T CO OF ILLINOIS,20251231,NM,1,215854,80970,4938,123918,178445,0,0,0,180317,35537,35537,2813,1872,0,6028,1872,0
18660,CHARTER BANK,20251231,NM,1,290256,8962,106219,169785,262483,0,0,0,266710,23546,23546,1933,4227,0,5290,4227,0
18677,VICTORY BANK,20251231,NM,1,252324,34664,78369,125626,218515,0,0,0,219710,32614,32614,2208,1195,0,13665,1195,0
18698,TEXAS STATE BANK,20251231,NM,1,430303,37026,102035,268652,361269,0,15000,0,378341,51962,51962,15959,2072,15000,22590,2072,0
18710,NORTH VALLEY BANK,20251231,NM,1,260409,25211,0,227198,214867,0,10000,0,226282,34127,34127,2049,1415,10000,8000,1415,0
18714,FIRSTBANK,20251231,SM,1,26480975,1031999,8342508,15954276,23072950,0,1400876,0,24620695,1860280,1860280,847211,146869,1400876,1152192,146869,0
18719,GRAND TIMBER BANK,20251231,NM,1,63802,886,3696,55607,52536,0,2250,0,55401,8401,8401,714,615,2250,3613,615,0
18724,CITIZENS STATE BANK,20251231,NM,1,36097,3657,0,30528,28347,0,3750,0,32381,3716,3716,1235,284,3750,1912,284,0
18734,NEWTEK BANK NATIONAL ASSN,20251231,N,1,1730035,282167,16829,1369604,1512878,0,7349,0,1562671,167364,167364,29443,42444,7349,61435,42444,0
18740,HEARTLAND BANK,20251231,NM,1,939734,14259,191317,658540,713222,1991,114800,0,838409,101325,101325,36468,8396,116791,75618,8396,0
18748,BRUNING BANK,20251231,NM,1,679697,14036,130962,497901,553578,24345,42000,0,622239,57458,57458,24794,2316,66345,36798,2316,0
18761,FOUNDATION ONE BANK,20251231,NM,1,177816,3476,25369,142027,150071,0,5500,0,158742,19074,19074,3302,3171,5500,6944,3171,0
18780,SUNDOWN STATE BANK,20251231,NM,1,308021,6180,14810,200632,273619,0,0,0,274493,33528,33528,11061,874,0,86399,874,0
18820,CEDAR RAPIDS STATE BANK,20251231,NM,1,175105,2379,19575,145373,156214,0,2000,0,158567,16538,16538,4796,353,2000,7778,353,0
18841,PHELPS COUNTY BANK,20251231,NM,1,617491,90469,61724,445439,561872,5824,0,0,569952,47539,47539,4162,2256,5824,19859,2256,0
18856,OKLAHOMA CAPITAL BANK,20251231,SM,1,176252,12177,8760,143661,142744,0,9000,0,152629,23623,23623,2205,885,9000,11654,885,0
18858,HOCKING VALLEY BANK,20251231,SM,1,356204,43000,94719,203017,315949,1130,0,0,319867,36337,36337,11756,2788,1130,15468,2788,0
18879,KENNETT TRUST BANK,20251231,NM,1,126968,3331,32786,78954,112955,0,1100,0,114624,12344,12344,7764,569,1100,11897,569,0
18880,FIRST NB OF GILLETTE,20251231,N,1,625881,42916,426910,152043,548019,0,0,0,550185,75696,75696,3363,2166,0,4012,2166,0
18885,NEIGHBORHOOD NATIONAL BANK,20251231,N,1,308662,4183,94105,191780,256388,12374,15069,0,285776,22886,22886,3617,1945,27443,18594,1945,0
18892,KRESS NATIONAL BANK,20251231,N,1,60243,23123,20907,15227,53742,0,0,0,54021,6222,6222,924,279,0,986,279,0
18895,FIRST NB OF LAKE JACKSON,20251231,N,1,211992,29411,129760,49985,203722,0,0,0,205190,6802,6802,1824,1468,0,2836,1468,0
18922,TRI CITY NATIONAL BANK,20251231,N,1,2007657,252139,493811,1152585,1807131,0,693,0,1822377,185280,185280,73339,14553,693,109122,14553,0
18924,OLD GLORY BANK,20251231,NM,1,257422,54334,162705,18074,246911,0,0,0,247860,9562,9562,3723,949,0,22309,949,0
18930,BANK OF BELLE GLADE,20251231,NM,1,158840,56814,34142,66135,145509,0,0,0,146020,12820,12820,1137,511,0,1749,511,0
18937,ST MARTIN NATIONAL BANK,20251231,N,1,28447,1474,12928,12688,24258,0,0,0,24301,4146,4146,197,43,0,1357,43,0
18942,BK SAN JACINTO CNTY COLDSPRI,20251231,NM,1,43479,15170,15197,12420,36828,0,0,0,36848,6631,6631,278,20,0,692,20,0
18983,RIVER CITY BANK,20251231,NM,1,5801890,477470,675398,4475855,5148329,0,85656,0,5253399,548491,548491,141935,19414,85656,173167,19414,0
19001,FIRST MIDWEST BANK OF DEXTER,20251231,NM,1,678976,26959,54702,566337,544576,0,66432,0,614044,64932,64932,15951,3036,66432,30978,3036,0
19008,PARKWAY BANK&TRUST CO,20251231,NM,1,3620138,419543,219725,2885332,2734715,0,419000,13622,3208452,411686,411686,46699,41115,432622,95538,41115,0
19011,LEGACY BANK,20251231,SM,1,363648,5603,98524,233798,287280,7000,5500,0,300695,62953,62953,18210,915,12500,25723,915,0
19024,COMMERCIAL NB OF TEXARKANA,20251231,N,1,328441,7153,70526,240632,306110,0,0,0,307516,20925,20925,5351,1406,0,10130,1406,0
19070,FIRST NB OF CLARKSDALE,20251231,N,1,393355,15973,103364,246321,351039,0,0,0,354004,39351,39351,23987,2965,0,27697,2965,0
19080,INWOOD NATIONAL BANK,20251231,N,1,4546406,566720,1358876,2533836,3965967,80748,0,0,4063278,483128,483128,29779,16563,80748,86974,16563,0
19087,BANK OF LINDSAY,20251231,NM,1,102279,11229,2191,80123,71310,0,20765,0,92928,9351,9351,5859,853,20765,8736,853,0
19101,HARFORD BANK,20251231,NM,1,728366,60770,109332,536341,652345,0,0,0,657164,71202,71202,13881,4819,0,21923,4819,0
19105,PEOPLES BANK OF MACON,20251231,NM,1,24267,8190,9732,6071,20833,198,0,0,21223,3044,3044,197,192,198,274,192,0
19123,FIRST WESTERN BANK&TRUST,20251231,SM,1,2308328,52399,261707,1824786,1929723,1750,109700,0,2058092,250236,250236,59227,16919,111450,169436,16919,0
19143,UNITED COMMUNITY BANK,20251231,NM,1,681188,93576,44442,494624,559734,0,10000,0,582794,98394,98394,25607,13060,10000,48546,13060,0
19163,FIRST STATE BANK,20251231,NM,1,513050,28779,52363,412613,451813,0,14000,0,469855,43195,43195,10492,4042,14000,19295,4042,0
19184,HILLTOP NATIONAL BANK,20251231,N,1,1171608,152025,398152,599527,1054914,13000,0,0,1074217,97391,97391,18467,6303,13000,21904,6303,0
19212,FIRST MW BANK OF THE OZARKS,20251231,NM,1,739719,63436,46904,598246,655746,3859,61,0,662835,76884,76884,14532,3169,3920,31133,3169,0
19213,SECURITY NB OF OMAHA,20251231,N,1,1725546,131552,221975,1302890,1424786,57863,30000,0,1553588,171958,171958,38922,40939,87863,69129,40939,0
19215,BENCHMARK BANK,20251231,SM,1,1539019,443543,8393,1010676,1412446,0,0,0,1422178,116841,116841,29524,9732,0,76407,9732,0
19220,ANB BANK,20251231,SM,1,2991873,244895,723572,1828514,2693305,99667,0,0,2810541,181332,181332,24963,17569,99667,194892,17569,0
19222,FREMONT BANK,20251231,NM,1,5911501,600306,327280,4686660,5259926,0,100000,0,5451286,460215,460215,164761,91360,100000,297255,91360,0
19230,COMMUNITY NB IN MONMOUTH,20251231,N,1,53689,5964,12989,33335,46613,0,0,0,47014,6675,6675,1182,401,0,1401,401,0
19234,AMERICAN BANK,20251231,NM,1,337683,78399,9385,226101,295353,0,0,0,298889,38794,38794,9647,3536,0,23798,3536,0
19254,HERITAGE BANK NATIONAL ASSN,20251231,N,1,392856,32793,27463,316182,336674,0,12406,0,354306,38550,38550,10118,5226,12406,16418,5226,0
19274,BANNER CAPITAL BANK,20251231,NM,1,368862,26234,33883,288279,327296,0,0,0,328713,40149,40149,10398,1417,0,20466,1417,0
19278,CARMINE STATE BANK,20251231,NM,1,146527,52444,50917,38684,137837,0,0,0,138020,8507,8507,2679,183,0,4482,183,0
19285,LOGAN BANK&TRUST CO,20251231,NM,1,359873,7494,150906,181810,329735,0,0,0,330497,29376,29376,11830,762,0,19663,762,0
19288,FIRSTAR BANK,20251231,NM,1,1109740,69456,74366,884329,961505,0,2556,0,982044,127696,127696,18559,17983,2556,81589,17983,0
19300,AMERICAN NATIONAL BANK,20251231,N,1,5227427,264195,1032388,3795230,4590804,19077,47804,0,4689347,538080,538080,69566,31662,66881,135614,31662,0
19333,REPUBLIC BANK OF CHICAGO,20251231,NM,1,2722839,418271,495488,1667250,2334420,0,5000,0,2364860,357979,357979,19484,25440,5000,141830,25440,0
19349,FIRST MISSOURI BANK OF SEMO,20251231,NM,1,210887,10343,3413,185160,190269,0,0,0,191598,19289,19289,9499,1329,0,11971,1329,0
19351,BANK OF ESTES PARK,20251231,NM,1,157317,7930,40948,96019,140455,0,0,0,141686,15631,15631,5870,1231,0,12420,1231,0
19354,HODGE BANK&TRUST CO,20251231,NM,1,116572,13242,21981,80147,98466,0,0,0,98975,17597,17597,1062,509,0,1202,509,0
19358,ROUND TOP STATE BANK,20251231,NM,1,943297,29282,285697,580797,844084,0,0,0,846645,96652,96652,9893,2561,0,47521,2561,0
19371,RELYANCE BANK,20251231,SM,1,1485190,82241,141815,1144250,1276446,0,0,0,1296419,188771,188771,67975,19973,0,116884,19973,0
19381,PARK STATE BANK&TRUST,20251231,NM,1,161461,2395,11249,106145,144729,0,0,0,145179,16282,16282,937,450,0,41672,450,0
19396,UNISON BANK,20251231,NM,1,599398,45633,103820,414092,500889,5728,40500,0,552066,47332,47332,19468,4949,46228,35853,4949,0
19401,CAPITAL BANK,20251231,NM,1,673384,10764,75460,570717,589649,684,6000,0,604408,68976,68976,5615,8075,6684,16443,8075,0
19416,CTBC BANK CORP USA,20251231,NM,1,5583080,730250,363375,4258807,4765537,0,0,0,4822849,760231,760231,196516,57312,0,230648,57312,0
19420,CITIZENS BANK OF THE SOUTH,20251231,NM,1,362206,31348,36652,279471,309364,0,5000,0,314969,47237,47237,7531,605,5000,14735,605,0
19434,BAC COMMUNITY BANK,20251231,NM,1,786267,28622,250386,475418,670923,0,33883,0,712488,73779,73779,20806,7682,33883,31841,7682,0
19440,FIRST FINANCIAL BANK,20251231,NM,1,244971,22112,71267,127527,237150,0,0,0,237704,7267,7267,17108,554,0,24065,554,0
19448,BNA BANK,20251231,NM,1,853370,32758,235318,534027,697506,0,60006,0,765592,87778,87778,33419,8080,60006,51267,8080,0
19459,UNITED COMMUNITY BANK,20251231,NM,1,4088428,455157,906598,2571302,3437069,120269,99500,0,3685636,402792,402792,87815,28798,219769,155371,28798,0
19482,CONSUMERS NATIONAL BANK,20251231,N,1,1211874,21535,266998,863908,1089119,20157,4875,0,1125564,86310,86310,28974,11315,25032,59433,11413,0
19502,FIRST NB OF TENNESSEE,20251231,N,1,1354670,133161,489918,707265,1189055,0,64,0,1208227,146443,146443,9407,19108,64,24326,19108,0
19506,BANK OF SPRINGFIELD,20251231,NM,1,1904880,189868,99845,1532041,1649405,8691,65359,0,1734945,169935,169935,43930,11490,74050,83126,11490,0
19512,ROYAL BANKS OF MISSOURI,20251231,NM,1,1052433,77294,83927,787567,917577,0,2844,0,928306,124127,124127,53361,7885,2844,103645,7885,0
19525,MT MCKINLEY BANK,20251231,SI,1,640657,28054,291369,272036,530325,0,0,0,537449,103208,103208,27034,7124,0,49198,7124,0
19531,MACHIAS SAVINGS BANK,20251231,SI,1,2714674,254967,212360,2150224,2328099,0,68829,0,2421717,292957,292957,64559,24789,68829,97123,24789,0
19532,SKOWHEGAN SAVINGS BANK,20251231,SI,1,841551,20275,173707,607416,709375,0,4229,0,723732,117819,117819,23882,10128,4229,40153,10128,0
19540,PIONEER BANK,20251231,NM,1,286073,23410,55372,198446,253070,0,2141,0,258381,27692,27692,5588,3170,2141,8845,3170,0
19544,MADISON VALLEY BANK,20251231,NM,1,261975,9108,117854,127902,237601,0,0,0,238751,23224,23224,2129,1150,0,7111,1150,0
19559,TEXASBANK,20251231,NM,1,2389217,282181,87236,1951502,1899372,0,185000,0,2093642,295575,295575,31720,9270,185000,68298,9270,0
19573,LAKESIDE BANK,20251231,NM,1,2893511,282888,185813,2279941,2471074,0,100500,0,2596754,296757,296757,88695,25180,100500,144869,25180,0
19581,BELL BANK,20251231,NM,1,14443599,1004380,211826,12355638,12375717,32486,374973,0,13031006,1412593,1412593,257591,247830,407459,871755,247830,0
19589,NORTHERN STB OF VIRGINIA,20251231,NM,1,101267,8729,16876,71706,90845,0,0,0,91195,10072,10072,1843,350,0,3956,350,0
19590,ALTAMAHA BANK&TRUST CO,20251231,NM,1,333342,9392,60986,250575,298327,0,6000,0,304810,28532,28532,8109,483,6000,12389,483,0
19595,COMMERCIAL BANK,20251231,NM,1,111521,6939,56926,44449,96371,0,4400,0,101223,10298,10298,2507,452,4400,3207,452,0
19600,ACADEMY BANK NATIONAL ASSN,20251231,N,1,3320167,444992,355054,2398118,2775244,0,30000,0,2859730,460437,460437,43406,54486,30000,122003,54486,0
19603,HOMETOWN BANK NATIONAL ASSN,20251231,N,1,997811,39361,244410,686050,904456,0,0,0,907201,90610,90610,15389,2745,0,27990,2745,0
19608,PARK BANK,20251231,NM,1,1571795,60778,156530,1300796,1293941,0,113359,0,1420771,151024,151024,28592,13471,113359,53691,13471,0
19629,INTERNATIONAL BK OF COM,20251231,NM,1,9753348,256446,1787900,6749515,6545019,1118816,0,0,7782121,1971227,1971227,458693,118286,1118816,959487,118286,0
19638,GUARANTY B&T CO OF DELHI LA,20251231,NM,1,467042,118566,5940,331996,402784,0,24789,0,429751,37291,37291,4378,2178,24789,10540,2178,0
19644,FIDELITY BANK,20251231,SM,1,553103,5188,264962,264174,495490,138,10000,0,508020,45083,45083,14150,2392,10138,18779,2392,0
19674,CITIZENS BANK OF WESTON,20251231,NM,1,299215,30828,53913,210937,264849,1663,0,0,268476,30739,30739,2594,1964,1663,3537,1964,0
19679,CITIZENS BANK OF ADA,20251231,NM,1,343126,40722,103224,179208,301029,7400,0,0,312725,30401,30401,7938,4296,7400,19972,4296,0
19680,SECURITY STATE BANK,20251231,NM,1,67781,12497,14032,37773,58273,0,0,0,58375,9406,9406,652,102,0,3479,102,0
19681,COMMUNITY BK OF PARKERSBURG,20251231,NM,1,321550,10012,35042,265704,235586,5783,47000,0,290561,30989,30989,4972,2192,52783,10792,2192,0
19687,GARDEN PLAIN STATE BANK,20251231,NM,1,176163,28003,69563,57908,147883,0,0,0,149303,26860,26860,8836,1420,0,20689,1420,0
19689,STATE BANK OF WHITTINGTON,20251231,NM,1,177419,8553,36971,118409,158066,0,0,0,159012,18407,18407,5268,946,0,13486,946,0
19690,NORTHEAST BANK,20251231,NM,1,4947308,446222,10535,4374423,3861110,0,519304,0,4411290,536018,536018,89135,30876,519304,116128,30876,0
19700,VALUEBANK TEXAS,20251231,NM,1,302496,65077,61398,158461,262737,0,0,0,266486,36010,36010,11568,3749,0,17560,3749,0
19716,FIRST CENTRAL STATE BANK,20251231,NM,1,774911,14543,238217,487844,604453,52026,15475,0,679222,95689,95689,26278,7268,67501,34307,7268,0
19720,FARMERS STATE BANK,20251231,NM,1,152733,13974,19049,117105,131326,0,0,0,133016,19717,19717,1221,1690,0,2605,1690,0
19742,FIRST WESTROADS BANK INC,20251231,SM,1,391246,13520,115377,254277,326950,0,20377,0,348957,42289,42289,5241,1630,20377,8072,1630,0
19744,CITIZENS B&T CO OF VIVIAN LA,20251231,NM,1,158997,10747,66394,70187,142515,0,5827,0,148746,10251,10251,5479,404,5827,11669,404,0
19755,SOUTH LAFOURCHE B&T CO,20251231,NM,1,172594,3330,24549,132512,141194,0,10500,0,152712,19882,19882,4532,1018,10500,12203,1018,0
19772,INCREDIBLEBANK,20251231,NM,1,2077345,58804,349399,1530714,1742715,0,140421,0,1921222,156123,156123,78806,38086,140421,138428,38086,0
19788,PEOPLES BANK,20251231,SM,1,1156839,34641,243644,761056,1035811,0,0,0,1042080,114759,114759,39347,6269,0,117498,6269,0
19795,ABBYBANK,20251231,NM,1,656821,50871,143247,425505,571930,2500,30000,0,606430,50391,50391,19978,2000,32500,37198,2000,0
19796,MIDLAND COMMUNITY BANK,20251231,NM,1,69509,8050,18319,37198,57852,0,0,0,57969,11540,11540,917,117,0,5942,117,0
19800,PLAQUEMINE BANK&TRUST CO,20251231,NM,1,228632,26971,100020,94295,202343,0,0,0,203632,25000,25000,4519,1289,0,7346,1289,0
19809,HERSHEY BANK,20251231,NM,1,138500,9600,7225,114929,100634,0,20967,0,121912,16588,16588,3948,311,20967,6746,311,0
19819,SOUTHEAST FIRST NB,20251231,N,1,70414,22584,25977,20389,61511,0,0,0,61821,8593,8593,382,310,0,1464,310,0
19827,PIONEER TRUST BANK NA,20251231,N,1,734930,196685,48260,482668,628013,0,0,0,628585,106345,106345,3526,572,0,7317,572,0
19836,FRANKLIN SAVINGS BANK,20251231,SM,1,775801,22950,44856,658457,610489,0,19000,0,638340,137461,137461,39193,8851,19000,49538,8851,0
19850,WEST GATE BANK,20251231,NM,1,1403917,44621,257841,981235,1177323,0,66031,0,1257352,146565,146565,34510,13998,66031,120220,13998,0
19899,KS STATEBANK,20251231,NM,1,2642787,154304,419797,2022508,2217306,11990,72598,0,2315816,326971,326971,37512,13922,84588,46178,13922,0
19904,CENTINEL BANK OF TAOS,20251231,NM,1,413219,101663,147409,152801,376497,0,0,0,380491,32728,32728,9752,3994,0,11346,3994,0
19977,ISRAEL DISCOUNT BANK OF NY,20251231,NM,1,14430208,1145485,2601432,9874748,12510967,0,2586,0,13001018,1429190,1429190,526541,383361,2586,808543,487465,0
19978,PENNSVILLE NATIONAL BANK,20251231,N,1,287602,37149,117566,126176,257999,0,0,0,259495,28107,28107,2988,1496,0,6711,1496,0
20015,BESSEMER TRUST CO,20251231,NM,1,1863938,287927,1300789,257779,1723058,0,0,0,1740035,123903,123903,15208,16977,0,17443,16977,0
20026,EASTERN NATIONAL BANK,20251231,N,1,84840,26272,699,54593,74332,50,0,0,76787,8053,8053,1273,2405,50,3276,2405,0
20093,ALL AMERICA BANK,20251231,NM,1,593707,14253,96127,462394,528402,0,0,0,530123,63584,63584,10187,1721,0,20933,1721,0
20099,TEXAS EXCHANGE BANK,20251231,NM,1,4500280,1046015,833400,942017,2604554,108889,1325000,0,4114679,385601,385601,268224,76236,1433889,1678848,76236,0
20100,TOWER COMMUNITY BANK,20251231,NM,1,382391,23877,41200,289971,336893,0,0,0,341936,40455,39874,12574,5043,0,27343,5043,0
20130,BANKFIRST,20251231,NM,1,1202363,13055,394458,727837,739237,0,268733,0,1017611,184752,184752,43037,9641,268733,67013,9641,0
20156,KIRKPATRICK BANK,20251231,NM,1,1038067,38161,220252,760751,932524,0,8500,0,950067,88000,88000,7079,9043,8500,18903,9043,0
20161,CITIZENS BANK OF LAS CRUCES,20251231,NM,1,1145757,39856,272645,797733,1024830,0,0,0,1033804,111953,111953,21684,8974,0,35523,8974,0
20162,ASCENT BANK,20251231,NM,1,110274,16307,9364,79166,97418,0,2000,0,99597,10677,10677,1596,179,2000,5437,179,0
20164,SUNWEST BANK,20251231,NM,1,4087875,124405,514616,3277047,3176480,0,484341,0,3705612,382263,382263,148995,44791,484341,171807,44791,0
20179,FIRST INDEPENDENCE BANK,20251231,NM,1,696917,24183,118958,415465,532613,4000,63764,0,612330,84587,64135,105020,11953,67764,138311,11953,0
20198,SOUTH GEORGIA BANKING CO,20251231,NM,1,606016,49081,100175,365975,528837,0,0,0,531030,74986,74986,28558,2193,0,90785,2193,0
20231,PINNACLE BANK,20251231,NM,1,2729496,131853,574083,1838904,2353192,0,247,0,2373089,356407,356407,18045,19650,247,184656,19650,0
20234,CITY NB OF FLORIDA,20251231,N,1,28048551,747800,6263287,19636395,21943367,44268,2835366,0,25141307,2907244,2907244,1177434,273790,2879634,1401069,318306,0
20239,BANK OF CADIZ&TRUST CO,20251231,SM,1,143003,4231,50862,78676,137678,0,0,0,138613,4390,4390,2033,935,0,9234,935,0
20241,AMERICAN BANK NATIONAL ASSN,20251231,N,1,2505741,233909,228466,1888313,2271114,0,0,0,2294556,211185,211185,72894,23442,0,155053,23442,0
20268,SCALE BANK,20251231,NM,1,564303,12050,51894,449008,423680,0,15000,0,451085,113218,113218,4854,12405,15000,51351,12405,0
20279,COMMUNITY STATE BANK,20251231,SM,1,379768,19270,64757,274312,351510,0,0,0,352612,27156,27156,5603,1102,0,21429,1102,0
20296,JOHNSON BANK,20251231,SM,1,7187696,481341,1033534,5198326,5993592,0,188312,0,6324356,863340,863340,301138,142452,188312,474495,142452,0
20311,AMERICAN BANK,20251231,NM,1,628770,77888,128917,385529,563595,0,50,0,570868,57902,57902,16545,7223,50,36436,7223,0
20353,GULF COAST BANK,20251231,NM,1,498181,15990,154059,291021,426471,0,0,0,431414,66767,66767,25924,4943,0,37111,4943,0
20369,HEARTLAND BANK&TRUST CO,20251231,NM,1,5067928,122269,1274535,3415782,4371113,0,12301,0,4413659,654269,654269,88856,30245,12301,255342,30245,0
20387,BANK OF THE ORIENT,20251231,SM,1,1121969,106556,33542,939927,953537,0,8000,0,989154,132815,132815,24776,27617,8000,41944,27617,0
20429,LIBERTY BANK,20251231,NM,1,235880,3550,30073,166366,209385,0,0,0,210308,25572,25572,5592,923,0,35891,923,0
20454,CITIZENS BANK OF EDINBURG,20251231,NM,1,30606,12965,8114,8449,27138,0,0,0,27396,3210,3210,968,258,0,1078,258,0
20468,FIRSTSTATE BANK,20251231,NM,1,352106,41312,144092,148733,327044,0,0,0,328707,23399,23399,11132,1663,0,17969,1663,0
20479,FIRST SECURITY BK OF ROUNDUP,20251231,NM,1,93424,17790,40876,26695,81112,0,0,0,81525,11899,11899,2759,413,0,8063,413,0
20484,BENCHMARK COMMUNITY BANK,20251231,SM,1,1366254,70160,99612,1122769,1225950,0,0,0,1239518,126736,126736,39969,13568,0,73713,13568,0
20488,FIVE POINTS BANK,20251231,SM,1,2149132,213960,562446,1276632,1961539,23205,0,0,1994401,154731,154731,73955,9657,23205,96094,9657,0
20504,AMERIS BANK,20251231,NM,1,27432143,1088919,2409415,21788533,22459772,0,558039,0,23361974,4070169,4070169,758992,336564,558039,2145276,344163,0
20537,AMERICAN BANK&TRUST CO,20251231,NM,1,323126,17186,91492,196650,269369,0,3825,0,274515,48611,48611,3770,1321,3825,17798,1321,0
20568,LUMBEE GUARANTY BANK,20251231,NM,1,561380,32046,267300,228738,496359,0,10000,0,509695,51685,51685,22501,3336,10000,33296,3336,0
20624,BYLINE BANK,20251231,NM,1,9630743,149095,1415766,7414156,7687930,79598,340000,0,8276573,1354170,1354170,346257,155476,419598,651726,169045,0
20657,FIRST SECURITY BK DEER LODGE,20251231,NM,1,88099,16742,0,70648,79604,0,0,0,79794,8305,8305,669,190,0,709,190,0
20698,SOUTHERN HERITAGE BANK,20251231,NM,1,403664,12560,99803,276491,362565,1103,0,0,366280,37384,37384,3936,2612,1103,14810,2612,0
20720,TENNESSEE STATE BANK,20251231,SM,1,981988,48997,181645,704832,875292,12922,0,0,897942,84046,84046,27550,9728,12922,46514,9728,0
20727,DALLAS CAPITAL BANK NA,20251231,N,1,1130082,54005,172788,849831,950530,30412,84,0,991407,138675,138675,40926,10381,30496,53458,10381,0
20741,PIONEER BANK NATIONAL ASSN,20251231,N,1,2150738,130875,261952,1646255,1783489,0,60673,0,1871957,278781,278781,59958,20448,60673,111656,27795,0
20776,BORDER BANK,20251231,NM,1,1063075,16010,104175,890034,912844,0,45500,0,970125,92950,92950,34207,11781,45500,52856,11781,0
20818,CITIZENS TRI-COUNTY BANK,20251231,NM,1,1594707,246026,183728,1059808,1446383,0,0,0,1460614,134093,134093,32946,14231,0,105145,14231,0
20845,WALLIS BANK,20251231,NM,1,1392348,203234,17720,1076096,1215113,0,30017,0,1257870,134478,134478,25602,12740,30017,95298,12740,0
20856,LIBERTY BANK&TRUST CO,20251231,NM,1,1105310,65695,321669,614758,957063,0,10000,0,982955,122355,122355,49402,15892,10000,103188,15892,0
20872,CITIZENS GUARANTY BANK,20251231,NM,1,299764,10506,8561,269520,260221,0,11500,0,274723,25041,25041,5492,3002,11500,11177,3002,0
20884,BANK OF GUAM,20251231,NM,1,3013931,424758,735923,1697737,2739797,0,0,0,2790279,223652,223652,110949,50482,0,155513,50482,0
20954,CITIZENS NATIONAL BANK,20251231,N,1,1964949,199438,413602,1284240,1748797,0,0,0,1776385,188564,188564,40855,27346,0,67669,27588,0
20989,INDEPENDENCE BANK,20251231,NM,1,1344534,37004,237449,1021100,1165620,467,12333,0,1183225,161309,161309,29626,4805,12800,48981,4805,0
20993,HARDIN COUNTY BANK,20251231,SM,1,653856,40839,61552,511989,582757,0,0,0,593941,59915,59915,21772,11184,0,39476,11184,0
21031,BANK OF TAMPA,20251231,NM,1,2926118,56704,802165,1911520,2621263,0,0,0,2643172,282946,282946,117207,21909,0,155729,21909,0
21050,FIRST STB OF THE SOUTH INC,20251231,NM,1,130228,3528,48338,60447,109115,0,0,0,110827,19401,19401,5302,1712,0,17915,1712,0
21074,TEXAS BANK,20251231,NM,1,935737,47271,155744,685035,810326,0,25204,0,839417,96320,96320,12858,3887,25204,47687,3887,0
21083,UNITED MISSISSIPPI BANK,20251231,NM,1,555143,20512,99669,404110,479797,1678,11000,0,493475,61668,61668,12749,1000,12678,30852,1000,0
21085,BANK OF ONTARIO,20251231,NM,1,81565,1639,6187,65412,68145,0,2000,0,70705,10860,10860,2658,560,2000,8327,560,0
21121,WESTERN STATE BANK,20251231,NM,1,825383,34664,243146,530409,739507,20,0,0,743385,81998,81998,11668,3858,20,17164,3858,0
21161,BANK OF THE BLUEGRASS&TR CO,20251231,NM,1,393088,10460,65706,303622,332849,11044,8000,0,357126,35962,35962,11863,5233,19044,13300,5233,0
21219,BANK OF THE MOUNTAINS INC,20251231,NM,1,97267,8018,10090,67816,85787,0,200,0,87941,9326,9326,3947,1954,200,11343,1954,0
21227,CBBC BANK,20251231,NM,1,545094,64482,163611,290995,468179,14241,0,0,483466,61628,61628,7987,1046,14241,26006,1046,0
21247,FIRST KENTUCKY BANK INC,20251231,NM,1,587827,19589,188315,353299,507749,15758,15338,0,543527,44300,44300,13139,4682,31096,26624,4682,0
21255,LAKESIDE BANK OF SALINA,20251231,SM,1,52937,4021,7124,38514,46758,0,0,0,47165,5772,5772,1804,407,0,3278,407,0
21265,BRADESCO BANK,20251231,NM,1,5466642,509401,407024,4324769,4601731,0,191850,0,4890411,576231,576231,150633,96830,191850,225448,96830,0
21284,BANK OF PENSACOLA,20251231,NM,1,144348,17141,49658,75681,130337,0,0,0,130626,13722,13722,923,289,0,1868,289,0
21292,PEOPLESSOUTH BANK,20251231,NM,1,1161884,28983,269918,803866,1083297,0,0,0,1089904,71980,71980,29634,6607,0,59117,6607,0
21329,NBT FINANCIAL BANK,20251231,NM,1,588397,117895,7272,438755,513640,0,10000,0,526800,61597,61597,5283,3160,10000,24475,3160,0
21342,SONATA BANK,20251231,NM,1,281511,40277,2192,230290,254842,0,0,0,257996,23515,23515,4506,3154,0,8752,3154,0
21379,FIRST NATURALSTATE BANK,20251231,SM,1,102241,3905,14865,80544,83794,2975,0,0,87151,15090,15090,1563,382,2975,2927,382,0
21448,REDEMPTION BANK,20251231,NM,1,72204,14621,3010,51774,57530,0,0,0,58092,14112,14112,2642,562,0,2799,562,0
21455,FIDELITY BANK OF TEXAS,20251231,NM,1,157048,35498,0,104784,126237,0,5443,0,132403,24645,24645,2019,723,5443,16766,723,0
21486,CROSSROADS BANK,20251231,NM,1,237171,23976,53724,149936,198836,0,5102,0,205401,31770,31770,8772,1463,5102,9535,1463,0
21525,CORNERSTONE STATE BANK,20251231,NM,1,241969,5096,73378,152698,218843,0,3000,0,222920,19049,19049,3857,1077,3000,10797,1077,0
21526,WEST CENTRAL GEORGIA BANK,20251231,NM,1,157582,22738,48730,77529,121086,0,0,0,123745,33837,33837,7966,2659,0,8585,2659,0
21529,BANK OF OAK RIDGE,20251231,NM,1,134706,18741,2434,108323,114273,0,4500,0,119322,15384,15384,2573,549,4500,5208,549,0
21557,THREE RIVERS BANK OF MONTANA,20251231,NM,1,310890,16327,18236,255314,276747,0,0,0,277891,32999,32999,8454,1144,0,21013,1144,0
21567,AMERICAN BANK NATIONAL ASSN,20251231,N,1,700010,110551,32669,520567,592485,0,30000,0,626807,73203,73203,19807,4322,30000,36223,4322,0
21573,BANK OF TENNESSEE,20251231,NM,1,2044108,28847,265322,1620436,1824544,12166,100,0,1855652,188456,188456,77755,18842,12266,129503,18842,0
21591,BANK OF GREENE COUNTY,20251231,SB,1,3147210,125313,1222282,1666065,2650733,0,184189,0,2866882,280328,280273,116221,31960,184189,133550,31960,0
21606,HCN BANK,20251231,NM,1,974892,83893,116677,743171,853783,0,0,0,861472,113420,113420,25011,7689,0,31151,7689,0
21635,BANK OF BOURBONNAIS,20251231,NM,1,77607,18697,513,49937,67266,435,0,0,68083,9524,9524,851,382,435,8460,382,0
21692,PEOPLES BANK OF GRACEVILLE,20251231,NM,1,113167,3003,68809,40157,104213,0,0,0,105316,7851,7851,1018,1103,0,1198,1103,0
21693,LAKESIDE BANK,20251231,NM,1,383994,125666,0,250241,309655,0,19000,0,329733,54261,54261,2395,1078,19000,8087,1078,0
21714,PREMIER BANK,20251231,NM,1,1146708,116175,144690,840425,992941,0,36000,0,1035423,111285,111285,28173,6482,36000,45418,6482,0
21716,CITIZENS BUSINESS BANK NA,20251231,N,1,15634835,389453,4967068,8622032,12127912,490601,500000,0,13363867,2270968,2270968,801697,245354,990601,1656282,245354,0
21721,HERITAGE BANK OF SCHAUMBURG,20251231,NM,1,149960,17988,44502,77107,126705,0,0,0,127355,22605,22605,989,650,0,10363,650,0
21728,FARMERS&MERCHANTS STATE BANK,20251231,NM,1,150265,4212,59182,81594,108145,0,20600,0,129541,20724,20724,4694,796,20600,5277,796,0
21752,FIRST STATE BANK,20251231,NM,1,83122,9499,18746,50805,72904,0,0,0,73348,9774,9774,1796,444,0,4072,444,0
21761,JPMORGAN CHASE BANK DEARBORN,20251231,SM,1,70443,68545,0,0,500,0,0,0,500,69943,69943,1898,0,0,1898,0,0
21784,FIRST PORT CITY BANK,20251231,NM,1,582890,52593,42141,463496,521339,0,0,0,525116,57774,57774,16016,3777,0,24660,3777,0
21805,FIRST STATE BANK OF DEQUEEN,20251231,SM,1,502078,28769,171656,280257,451861,0,7389,0,464413,37665,37665,15125,5163,7389,21396,5163,0
21807,LOVELADY STATE BANK,20251231,NM,1,55230,17012,8695,23728,47895,0,0,0,48843,6387,6387,1762,948,0,5795,948,0
21843,MIZUHO BANK USA,20251231,SM,1,5495218,3471689,23011,1799302,4009422,0,0,0,4151195,1344023,1344023,200172,141773,0,201216,141773,0
21848,QUAIL CREEK BANK,20251231,NM,1,821884,72902,127715,610446,743272,0,3,0,747052,74832,74832,5620,3777,3,10821,3777,0
21868,BESSEMER TRUST CO NA,20251231,N,1,6423778,1346400,3498334,926742,5480157,0,0,0,6039243,384535,384535,155366,559086,0,652302,559086,0
21874,FIRST PEOPLES BANK OF TN,20251231,NM,1,228019,13011,35325,146052,196919,8819,0,0,206755,21264,21264,4705,1017,8819,33631,1017,0
21883,TRUPOINT BANK,20251231,SM,1,696251,82039,129957,435071,603397,13793,5434,0,633201,63050,63050,31135,10577,19227,49184,10577,0
21897,BANK STAR,20251231,NM,1,193808,5227,37608,143031,176259,0,0,0,177223,16585,16585,2394,964,0,7942,964,0
21906,PRIORITYONE BANK,20251231,SM,1,1145290,19501,166797,892953,913736,2825,77000,0,1006322,138968,138968,42297,12761,79825,66039,12761,0
21928,KIRKWOOD BANK&TRUST CO,20251231,NM,1,389443,70589,79087,220985,351506,0,0,0,356409,33034,33034,5209,4903,0,18782,4903,0
21943,TRI COUNTIES BANK,20251231,NM,1,9820725,157013,1825168,6988020,8270252,0,11713,0,8458578,1362147,1362147,433497,176613,11713,850524,176613,0
21955,STRYV BANK,20251231,SM,1,290667,7179,16267,244244,259096,0,5400,0,266203,24464,24464,7874,1707,5400,22977,1707,0
21956,MONTECITO BANK&TRUST,20251231,NM,1,2058386,20850,572135,1330388,1816276,0,21000,0,1876326,182060,182060,84558,39050,21000,135013,39050,0
21978,FRONTIER STATE BANK,20251231,NM,1,588365,41134,68240,458170,466055,0,52000,0,520180,68185,68185,6032,2125,52000,20821,2125,0
21988,COMMUNITY STB OF ROCK FALLS,20251231,NM,1,314597,14809,75833,206381,276267,2243,0,0,280587,34010,34010,9454,2077,2243,17574,2077,0
21998,COVINGTON COUNTY BANK,20251231,NM,1,104495,13773,13353,73068,89859,0,0,0,91624,12871,12871,2318,1765,0,4301,1765,0
22015,ANDREW JOHNSON BANK,20251231,NM,1,613829,46671,98208,438361,551089,0,0,0,555139,58690,58690,23011,4050,0,30589,4050,0
22020,INSOUTH BANK,20251231,SM,1,572671,10695,68544,442546,499313,0,23529,0,527873,44798,44798,22658,5031,23529,50886,5031,0
22046,FIRST NATIONAL BANK USA,20251231,N,1,225348,47503,57953,109419,191399,0,225,0,192644,32704,32704,5849,1020,225,10473,1020,0
22065,GRAND BANK,20251231,SM,1,653794,16085,73553,530227,562597,0,25344,0,590491,63303,63303,21512,2550,25344,33929,2550,0
22086,MAIN BANK,20251231,NM,1,251003,4975,21095,190261,215421,0,5986,0,222813,28190,28190,3555,1406,5986,34672,1406,0
22090,COFFEE COUNTY BANK,20251231,NM,1,422389,50197,17251,344730,381298,0,0,0,385013,37376,37376,2818,3715,0,10211,3715,0
22092,FIRST NATIONAL CMTY BANK,20251231,N,1,703236,166516,21293,489451,604832,770,0,0,607860,95376,95376,11996,2258,770,25976,2258,0
22134,CACHE VALLEY BANK,20251231,NM,1,3526937,719055,136741,2527988,3159938,0,0,0,3183249,343688,343688,36799,23311,0,143153,23311,0
22138,RABUN COUNTY BANK,20251231,NM,1,366218,128803,9484,212055,326923,0,0,0,329336,36882,36882,7129,2413,0,15876,2413,0
22139,PROGRESSIVE BANK,20251231,NM,1,767955,93254,45848,589685,687098,0,2883,0,698283,69672,69672,22248,8302,2883,39168,8302,0
22180,UNITED BANKERS BANK,20251231,SM,1,1306031,343106,96121,780166,662653,444910,40000,0,1165438,140593,140593,36984,17875,484910,86638,17875,0
22205,BARWICK BANKING CO,20251231,NM,1,728215,35991,41382,611618,590415,0,72481,0,666412,61803,61803,19850,3516,72481,39224,3516,0
22229,COMMONWEALTH NATIONAL BANK,20251231,N,1,66167,10765,27328,25831,56774,0,0,0,56936,9231,9231,725,162,0,2243,162,0
22242,UNION BANK&TRUST CO,20251231,NM,1,239444,71505,58776,102946,216459,0,0,0,218427,21017,21017,2223,1968,0,6217,1968,0
22257,COLONY BANK,20251231,NM,1,3720806,252466,776059,2437200,3098170,0,194972,0,3323161,397645,397645,139796,30019,194972,255081,30019,0
22263,AMERICAN STB OF GRYGLA,20251231,SM,1,80812,15276,20218,43371,73206,0,0,0,73550,7262,7262,1613,344,0,1947,344,0
22271,FIRST NATIONAL BANK,20251231,N,1,370221,7027,174463,149551,303071,0,0,0,303917,66304,66304,16252,846,0,39180,846,0
22273,GUARANTY BANK INC,20251231,NM,1,147404,5158,13948,119059,123490,0,2427,0,127173,20231,20231,2442,1256,2427,9239,1256,0
22282,FIRST NATIONS BANK,20251231,NM,1,540445,72316,29440,429999,441749,17314,6000,0,468084,72361,72361,5498,3021,23314,8690,3021,0
22308,WEST MICHIGAN COMMUNITY BANK,20251231,SM,1,1186043,38478,86144,1010148,1049785,4500,28000,0,1088122,97921,97921,33707,5118,32500,51273,5837,0
22319,LEGACY BANK&TRUST CO,20251231,SM,1,1861250,259584,1010,1511342,1545247,0,63500,0,1625359,235891,235891,44900,16612,63500,89314,16612,0
22334,ONE COMMUNITY BANK,20251231,SM,1,2551420,45753,254106,2140524,2016308,0,199034,0,2233094,318326,318326,53126,17752,199034,111037,17752,0
22340,PANHANDLE FIRST BANK,20251231,NM,1,569281,54902,121713,363760,458930,24690,0,0,488701,80580,80580,11436,5081,24690,28906,5081,0
22354,COMMERCIAL BANK,20251231,SM,1,2268810,118990,140866,1843017,1856788,13251,135553,0,2027876,240934,240934,72203,8153,148804,165937,22284,0
22355,PINNACLE BANK INC,20251231,NM,1,59076,3213,14033,36856,48024,0,1000,0,49268,9808,9808,1065,244,1000,4974,244,0
22358,CITIZENS BANK,20251231,NM,1,130698,12946,68911,39430,117799,0,0,0,118436,12262,12262,3563,637,0,9411,637,0
22366,GBC INTERNATIONAL BANK,20251231,NM,1,681085,100333,107457,455568,528018,0,39000,500,577594,103491,103491,9135,10076,39500,17727,10076,0
22373,AMERICAN NATIONAL BANK&TRUST,20251231,N,1,2448815,315868,141712,1867750,2176494,0,0,0,2201131,247684,247684,57248,24637,0,123485,24637,0
22381,ANAHUAC NATIONAL BANK,20251231,N,1,283957,26623,155959,85209,241677,0,31750,0,274079,9878,9878,8419,652,31750,16166,652,0
22394,PEOPLES COMMUNITY BANK,20251231,NM,1,707419,19080,156636,480918,572128,0,0,0,575631,131788,131788,26867,3503,0,50785,3503,0
22396,CENTRAL NATIONAL BANK,20251231,N,1,1502874,239319,111292,1132431,1344128,0,15106,0,1373502,129372,129372,6670,14268,15106,19832,14268,0
22398,MODERN BANK NATIONAL ASSN,20251231,N,1,664062,60426,100712,479206,512893,0,78112,0,597089,66973,66973,19829,6084,78112,23718,6084,0
22430,WASHITA STATE BANK,20251231,NM,1,43550,3900,8805,29605,35030,0,2000,0,37092,6458,6458,728,62,2000,1240,62,0
22434,BANKCHAMPAIGN NATIONAL ASSN,20251231,N,1,251901,13289,19423,212254,202343,7212,9302,0,222607,29294,29294,4028,3750,16514,6935,3750,0
22447,WRAY STATE BANK,20251231,NM,1,308913,29971,55518,209261,276165,0,1300,0,278751,30162,30162,8659,1286,1300,14163,1286,0
22448,FIRST STATE BANK,20251231,NM,1,80761,1537,23805,49662,71221,0,2000,0,73339,7422,7422,1808,118,2000,5757,118,0
22451,VOLUNTEER BANK,20251231,NM,1,1608229,25275,141879,1153493,1365269,0,13284,0,1404363,203866,202874,31869,25810,13284,287582,25810,0
22460,MONTEREY COUNTY BANK,20251231,NM,1,282995,15877,78976,149464,208494,0,38466,0,250895,32100,32100,17332,3935,38466,38678,3935,0
22502,FIRST CITIZENS BANK OF BUTTE,20251231,SM,1,69856,14985,19426,33894,49172,11789,122,0,61412,8444,8444,1241,329,11911,1551,329,0
22514,UTAH INDEPENDENT BANK,20251231,SM,1,160179,6924,20088,109209,135160,0,0,0,137043,23136,23136,5261,1883,0,23958,1883,0
22526,SPRING HILL STATE BANK,20251231,NM,1,249668,52505,9047,182571,204614,0,6000,0,211154,38514,38514,3151,540,6000,5545,540,0
22536,FIRST SECURE BANK&TRUST CO,20251231,NM,1,392141,74937,20786,284290,307549,0,42000,0,352426,39715,39715,5383,2877,42000,12128,2877,0
22537,PEOPLES BANK OF ALABAMA,20251231,NM,1,1407730,214660,212664,889282,1252512,0,12,0,1265643,142087,142087,33121,13119,12,91124,13119,0
22549,FIRST PROGRESSIVE BANK,20251231,SM,1,32370,3471,17285,10384,23481,0,0,0,23487,8883,8883,318,6,0,1230,6,0
22559,BRAVERA BANK,20251231,NM,1,3833298,54070,791807,2709962,3357063,2323,51970,0,3438672,394626,394626,87519,27316,54293,277459,27316,0
22567,COMMUNITY STATE BANK,20251231,NM,1,128342,17832,20790,87443,104994,0,8107,0,113505,14837,14837,1547,404,8107,2277,404,0
22578,BRIGHTON BANK,20251231,NM,1,317062,39956,47732,212981,274553,0,7500,0,285261,31801,31801,9858,3208,7500,16393,3208,0
22597,BANK OF THE SIERRA,20251231,NM,1,3826215,135628,916141,2525365,2883364,340853,92700,0,3384123,442092,442092,153584,67206,433553,249081,67206,0
22598,FLORA BANK&TRUST,20251231,SM,1,119826,13243,34615,62952,111562,0,0,0,111986,7840,7840,6556,424,0,9016,424,0
22600,VALLEY BANK OF COMMERCE,20251231,NM,1,291390,121104,3519,154301,248034,0,0,0,248757,42633,42633,10604,723,0,12466,723,0
22601,CITIZENS BANK,20251231,NM,1,183794,8277,2023,162085,165062,2762,0,0,168493,15301,15301,5221,669,2762,11409,669,0
22636,COMMUNITY BANK OF MARSHALL,20251231,NM,1,234381,13397,102641,107736,211297,0,0,0,213056,21325,21325,8292,1759,0,10607,1759,0
22639,BANK OF COMMERCE,20251231,SM,1,212596,15710,80885,107113,190587,0,0,0,191691,20905,20905,6987,1104,0,8888,1104,0
22653,GREEN DOT BK DBA BONNEVILLE,20251231,SM,1,5204851,1594241,2467843,110884,4873476,0,0,0,4926212,278639,278639,1020444,52736,0,1031883,52736,0
22669,NEVADA BANK&TRUST CO,20251231,NM,1,218922,6860,86137,68561,196925,0,0,0,197360,21562,21562,7699,435,0,57364,435,0
22717,CITIZENS B&T CO OF ARDMORE,20251231,SM,1,320261,16152,88847,201619,272824,6510,7149,0,291656,28605,28605,9911,5173,13659,13643,5173,0
22738,FIRST UTAH BANK,20251231,NM,1,845540,44386,110856,654286,734400,0,20000,0,762351,83189,83189,18656,7951,20000,36012,7951,0
22739,BANK OF ST FRANCISVILLE,20251231,NM,1,377181,26708,49692,289244,326109,0,10000,0,339245,37936,37936,4022,3136,10000,11537,3136,0
22756,PEOPLES B&T CO PICKETT CNTY,20251231,NM,1,312033,5581,26541,221580,274940,0,0,0,280502,31531,31531,9909,5562,0,58331,5562,0
22811,BRICKYARD BANK,20251231,NM,1,177286,29438,19190,122951,137174,0,14000,0,152315,24971,24971,3657,1141,14000,5707,1141,0
22835,LAUDERDALE COUNTY BANK,20251231,NM,1,67208,5711,21735,29149,59657,0,1,0,60800,6408,6408,3080,1142,1,10613,1142,0
22839,LATIMER STATE BANK,20251231,NM,1,65420,13482,18044,12895,48928,0,0,0,49039,16381,16381,394,111,0,20999,111,0
22855,OKLAHOMA HERITAGE BANK,20251231,SM,1,105181,11746,8179,63870,84265,0,7056,0,94497,10684,10684,1535,3176,7056,21386,3176,0
22858,UNITED BANK,20251231,SM,1,33545963,2540136,3057477,24442881,27249096,198573,250000,0,27968030,5577933,5577829,1129530,270361,448573,3505469,270361,0
22867,COMMUNITY BANK OF RAYMORE,20251231,NM,1,337503,22277,187640,116353,321806,0,0,0,323860,13643,13643,7179,2054,0,11233,2054,0
22874,HICKORY POINT BANK&TRUST,20251231,NM,1,713389,36338,196888,435694,628002,0,1254,0,635928,77461,77461,26293,6672,1254,44469,6672,0
22876,SOUTHWEST MISSOURI BANK,20251231,NM,1,1233638,86316,457936,625156,1073737,51502,1046,0,1150288,83350,83350,43958,24003,52548,64230,24003,0
22888,FARMERS&MINERS BANK,20251231,SM,1,184660,55855,27879,97259,158865,0,0,0,160368,24292,24292,1433,1503,0,3667,1503,0
22895,PUTNAM COUNTY STATE BANK,20251231,NM,1,313743,62785,5714,239083,268765,0,0,0,273853,39890,39890,5510,5088,0,6161,5088,0
22918,FIRST BANK&TRUST CO,20251231,SM,1,4208720,578867,62802,3409591,3760938,0,11975,0,3802747,405973,405973,101391,29834,11975,157460,29834,0
22925,INDEPENDENCE BANK,20251231,NM,1,181255,29861,33991,110169,152212,0,0,0,154140,27115,27115,7166,1928,0,7234,1928,0
22942,AMERICAN NB OF MT PLEASANT,20251231,N,1,141915,4392,43174,91042,127460,0,0,0,127764,14151,14151,2027,304,0,3307,304,0
22953,AMERANT BANK NATIONAL ASSN,20251231,N,1,9757923,462824,2026431,6617959,7804932,0,711984,0,8779556,978367,978367,479706,262640,711984,650709,262640,0
22954,CITIZENS BK MORGANTOWN INC,20251231,NM,1,51557,1225,10308,37650,41786,0,0,0,42529,9028,9028,1719,743,0,2374,743,0
22957,WEST TEXAS NATIONAL BANK,20251231,N,1,2812432,593613,601931,1515541,2499733,0,0,0,2526660,285772,285772,49239,26927,0,101347,26927,0
22964,FIRST COMMUNITY BANK,20251231,NM,1,778915,69453,208651,467074,690868,16427,0,0,712548,66367,66367,21885,5253,16427,33737,5253,0
22971,FIRST SECURE STATE BANK,20251231,NM,1,301888,46931,52528,184589,246744,0,16000,0,264619,37269,37269,6023,1875,16000,17840,1875,0
22993,TWIN RIVER BANK,20251231,NM,1,167703,44039,2962,118765,145622,0,0,0,146460,21243,21243,884,838,0,1937,838,0
23007,OREGON PACIFIC BK DBA OR PAC,20251231,SM,1,811846,28385,155158,591399,709044,0,7500,0,724304,87542,87542,22144,7760,7500,36904,7760,0
23030,COMMUNITY WEST BANK,20251231,NM,1,3685157,118925,763325,2510786,3097230,0,73000,0,3212662,472495,472495,150993,42432,73000,292121,42432,0
23041,BANK OF THE PACIFIC,20251231,NM,1,1274361,114805,322555,765974,1123354,0,0,0,1135617,138744,138744,41458,12263,0,71027,12263,0
23086,NEW OMNI BANK NATIONAL ASSN,20251231,N,1,520138,132325,1689,359719,381257,0,0,0,387071,133067,133067,13943,5814,0,26405,5814,0
23091,ALPINE BANK,20251231,NM,1,6850257,456096,1773366,4295808,6078888,0,0,0,6153496,696761,696311,190249,70685,0,324987,74608,0
23099,BANK OF PROTECTION,20251231,NM,1,145904,3443,33856,97709,118460,0,9770,0,128988,16916,16916,7176,758,9770,10896,758,0
23123,BANK OF BARTLETT,20251231,SM,1,563319,6423,136401,385849,459000,22956,40000,0,524874,38445,38445,22025,2918,62956,34646,2918,0
23126,HURON STATE BANK,20251231,SM,1,94637,16031,11217,60362,82201,0,954,0,83386,11251,11251,4969,231,954,7027,231,0
23144,SOUTH LOUISIANA BANK,20251231,NM,1,656916,39886,229749,357651,550444,0,0,0,560196,96720,96720,17151,9752,0,29630,9752,0
23152,FIRST CITIZENS BANK,20251231,NM,1,400452,14223,131241,221274,342271,4350,0,0,351645,48807,48807,15209,5024,4350,33714,5024,0
23189,COMMUNITY BANK&TRUST CO,20251231,NM,1,319052,24218,86303,188072,296426,0,30,0,297495,21557,21557,9387,1039,30,20459,1039,0
23210,BANKERS BANK OF THE WEST,20251231,SM,1,441940,26680,16668,329903,247026,120112,6200,0,385106,56834,56834,25416,11768,126312,68689,11768,0
23220,WOODFOREST NATIONAL BANK,20251231,N,1,9248621,1149486,1533412,6050307,8440909,0,0,0,8492058,756563,756563,277908,49457,0,515416,51149,0
23242,CALIFORNIA PACIFIC BANK,20251231,NM,1,97625,13508,0,72493,55334,0,0,0,56615,41010,41010,2933,1281,0,11624,1281,0
23257,COMMUNITY STATE BANK,20251231,NM,1,387961,8957,87180,277388,346153,0,0,0,347745,40216,40216,4289,1592,0,14436,1592,0
23270,SIOUXLAND BANK,20251231,SM,1,86581,15223,36344,30216,75380,0,0,0,76193,10388,10388,1205,813,0,4798,813,0
23275,PLUMAS BANK,20251231,SM,1,2238358,80616,476595,1495834,1819010,97855,0,0,1965459,272899,272899,95473,48594,97855,185313,48594,0
23286,FALL RIVER FIVE CENTS SB,20251231,SM,1,1889460,77204,266911,1445259,1362906,0,378131,0,1754479,134981,134981,58201,13442,378131,100086,13442,0
23287,CAPE COD FIVE CENTS SB,20251231,NM,1,5600777,136658,622623,4500317,4467044,40000,458914,0,5022898,577879,577879,222307,56940,498914,341179,56940,0
23293,FLORENCE BANK,20251231,SI,1,2007879,86218,599044,1233095,1753765,0,30000,0,1799065,208814,208814,76315,15300,30000,89522,15300,0
23296,SALEM FIVE CENTS SB,20251231,NM,1,8538245,75555,1532749,6521887,5955731,81984,1442605,0,7574822,963423,963423,240760,94502,1524589,408054,94502,0
23298,WATERTOWN SAVINGS BANK,20251231,SM,1,1434762,104447,609816,634958,1249974,0,0,0,1269524,165238,165238,65387,19550,0,85541,19550,0
23373,UNITED ORIENT BANK,20251231,NM,1,100637,9945,1978,81340,67983,0,13000,0,87524,13113,13113,7281,6541,13000,7374,6541,0
23376,FIRST JACKSON BANK INC,20251231,NM,1,449272,12981,88058,316684,357541,10500,18000,0,389286,59986,59986,6041,3245,28500,31549,3245,0
23404,EVERGREEN NATIONAL BANK,20251231,N,1,135202,3066,29023,95973,118153,0,0,0,118519,16683,16683,1451,366,0,7140,366,0
23430,FIRST NB OF BURLESON,20251231,N,1,269128,99836,62260,100896,238154,0,0,0,239173,29955,29955,2166,1019,0,6136,1019,0
23472,BANK OF NY MELLON TR CO NA,20251231,N,1,1351491,254431,98977,0,1420,0,0,0,269820,1081671,1081671,128734,268400,0,998083,268400,0
23473,FIRST FIDELITY BANK,20251231,SM,1,2929264,61108,630645,2074255,2432335,0,223675,0,2683167,246097,246097,96502,25956,223675,163256,27157,0
23474,AMERICAN NB OF TEXAS,20251231,N,1,6881835,1522130,1783603,3291800,6516976,0,0,0,6558938,322897,322897,193550,41962,0,284302,41962,0
23498,TBK BANK SSB,20251231,SI,1,6376892,248342,368864,4955252,4961158,0,280000,0,5338790,1038102,1038102,275458,97632,280000,804434,97632,0
23523,CITIZENS BANK INC,20251231,NM,1,155974,6389,57967,85625,139906,1097,0,0,141597,14377,14377,4299,594,1097,5993,594,0
23537,BANKERS BANK,20251231,SM,1,1420052,43869,182921,1093945,807950,88567,317500,0,1231414,188638,188638,80526,16351,406067,99317,17397,0
23546,MUNICIPAL TRUST&SAVINGS BANK,20251231,NM,1,355036,34188,56836,256539,281996,18743,0,0,301917,53119,53119,2232,1178,18743,7473,1178,0
23551,COMMUNITY BK EL DORADO SPRIN,20251231,NM,1,132564,7553,18811,82896,110059,0,0,0,110375,22189,22189,1055,316,0,23304,316,0
23597,LAMAR NATIONAL BANK,20251231,N,1,375922,7684,82092,239985,327631,4000,5000,0,343241,32681,32681,21689,6610,9000,46161,6610,0
23620,DEDHAM INST FOR SVG,20251231,SI,1,2564524,31176,471178,1969939,2017644,0,226725,0,2283983,280541,280541,67285,39614,226725,92231,39614,0
23622,BRISTOL COUNTY SAVINGS BANK,20251231,NM,1,3122402,37919,321094,2629602,2551445,0,64058,0,2658608,463794,461463,84805,43105,64058,133787,43105,0
23623,WASHINGTON TR CO OF WESTERLY,20251231,NM,1,6624353,96058,953220,5133510,5276842,0,626000,0,6066510,557843,557843,249672,135708,626000,441565,163668,0
23627,REPUBLIC BANK&TRUST CO,20251231,NM,1,7038402,221971,886521,5478459,5271632,88504,506000,0,6001225,1037177,1037177,218880,128686,594504,451451,135089,0
23647,TIB NATIONAL ASSN,20251231,N,1,2972669,848276,137321,1769245,2450680,91343,0,0,2555513,417156,417156,117601,13490,91343,217827,13490,0
23737,VAST BANK NATIONAL ASSN,20251231,N,1,565153,72985,37660,376328,485562,0,0,0,501021,64132,64132,17447,15459,0,78180,15459,0
23749,MISSION NATIONAL BANK,20251231,N,1,236745,29314,0,196631,192369,0,4000,0,199573,37172,37172,5803,3204,4000,10800,3204,0
23764,FMS BANK,20251231,SM,1,338567,6324,44998,256357,305299,0,0,0,307409,31158,31158,12861,2110,0,30888,2110,0
23772,COMMERCE BANK,20251231,NM,1,736936,6431,490230,156216,657878,193,0,0,661387,75549,75549,16528,3316,193,84059,3316,0
23798,MCCURTAIN COUNTY NB,20251231,N,1,383093,60001,100062,146800,323835,0,0,0,324343,58750,58750,3116,508,0,76230,508,0
23799,TEXAS FIRST BANK,20251231,SM,1,2357533,147612,817817,1280490,2056915,0,46548,0,2116705,240828,240828,59858,13242,46548,111614,13242,0
23805,UNITED PACIFIC BANK,20251231,NM,1,186022,34497,12106,135106,151758,0,0,0,154053,31969,31969,2747,2295,0,4313,2295,0
23806,TRAILWEST BANK,20251231,NM,1,1052047,89949,48975,863907,812186,0,140000,0,962555,89492,89325,33377,10369,140000,49216,10369,0
23815,FIRST STB OF DEKALB COUNTY,20251231,NM,1,355807,29583,81270,190714,304409,0,5000,0,310650,45157,45157,9655,1241,5000,54240,1241,0
23826,BANK OF JACKSON HOLE TRUST,20251231,SM,1,39162,26999,0,2301,1010,0,0,0,25271,13891,13891,8984,24261,0,9862,24261,0
23864,SUMMIT BANK,20251231,NM,1,278782,75262,396,185070,220388,0,0,0,229895,48887,48887,11976,9507,0,18054,9507,0
23886,AMERICAN BANK NATIONAL ASSN,20251231,N,1,625207,94666,39366,469105,560138,0,0,0,562380,62827,62827,7017,2242,0,22070,2242,0
23966,ONEUNITED BANK,20251231,NM,1,761724,176822,148550,401576,516958,0,177000,0,699029,62695,62695,23859,5071,177000,34776,5071,0
23986,MINNESOTA LAKES BANK,20251231,SM,1,128779,20090,20921,80491,112420,0,0,0,113556,15223,15223,2146,1136,0,7277,1136,0
23989,MINERS EXCHANGE BANK,20251231,SM,1,95121,6222,18072,57696,82202,0,0,0,83890,11231,11231,2758,1688,0,13131,1688,0
23992,COUNTRY BANK FOR SAVINGS,20251231,SI,1,2202448,98295,336005,1707742,1667921,0,206090,0,1891559,310889,310889,46378,17548,206090,60406,17548,0
23998,STATE BANK OF INDIA CA,20251231,NM,1,1342534,37734,121087,1155203,1142963,0,4000,0,1159967,182567,182567,27805,13004,4000,28510,13004,0
24015,HARBOR BANK OF MARYLAND,20251231,NM,1,380381,28923,116590,211068,328187,0,0,0,333260,47121,47121,12287,5073,0,23800,5073,0
24038,BRAZOS NATIONAL BANK,20251231,N,1,31222,5022,0,21400,9887,0,5000,0,15002,16220,16220,1056,115,5000,4800,115,0
24045,BANC OF CALIFORNIA,20251231,SM,1,34710463,2303206,4762694,24970011,27999648,240000,1823819,381736,30848253,3862210,3862210,2071671,403050,2445555,2674552,403050,0
24064,ATASCOSA BANK,20251231,NM,1,88610,16352,48602,21597,78472,0,0,0,78645,9965,9965,1429,173,0,2059,173,0
24085,CITIZENS NATIONAL BANK,20251231,N,1,103246,18972,33968,36606,90190,0,0,0,91467,11779,11779,4555,1277,0,13700,1277,0
24156,OCEAN BANK,20251231,NM,1,7436315,201625,991397,5892502,6271808,0,356956,0,6738930,697385,697385,264836,110166,356956,350791,110166,0
24170,HANMI BANK,20251231,NM,1,7822274,212842,834396,6500868,6686435,0,150000,0,6949628,872646,872646,170278,110625,150000,274168,113193,0
24199,CAPITOL NATIONAL BANK,20251231,N,1,212529,36551,3374,164670,166226,0,10000,0,180703,31826,31826,4152,4477,10000,7934,4477,0
24211,BANK OF WHITTIER NA,20251231,N,1,168938,81011,0,82484,141565,0,0,0,143702,25236,25236,1192,2137,0,5443,2137,0
24303,PAVILLION BANK,20251231,NM,1,74340,12670,0,56983,60470,0,1500,0,62433,11907,11907,2925,463,1500,4687,463,0
24305,LLANO NATIONAL BANK,20251231,N,1,319352,33586,99276,161927,286238,0,2000,0,289289,30063,30063,13164,1051,2000,24563,1051,0
24332,FIRST CREDIT BANK,20251231,NM,1,500519,68387,7564,378612,259394,0,0,0,265946,234573,234573,9457,6552,0,45956,6552,0
24347,LONE STAR NATIONAL BANK,20251231,N,1,3282339,391694,1016602,1686337,2905855,0,0,0,2920741,361598,361598,129992,14886,0,187706,14886,0
24353,FIRST COMMUNITY BANK,20251231,NM,1,661715,19192,164723,448670,584147,0,0,0,588311,73404,73404,6837,4164,0,29130,4164,0
24367,CITY NATIONAL BANK,20251231,N,1,65847,13268,8092,41334,55753,0,348,0,57282,8565,8565,2528,1181,348,3153,1181,0
24387,INDUSTRIAL&COMMERCIAL BK CHI,20251231,N,1,2902760,97574,7436,2719686,2211889,0,120000,0,2413800,488960,488960,38169,81911,120000,78064,81911,0
24443,PROGRESSIVE NATIONAL BANK,20251231,N,1,121253,16898,12753,81972,108542,0,0,0,108864,12389,12389,4239,322,0,9630,322,0
24472,AMERICAN NATION BANK,20251231,SM,1,684117,29862,160545,467984,565768,2926,48000,0,620700,63417,63417,13044,4006,50926,25726,4006,0
24498,FIRST STATE BANK,20251231,NM,1,291755,51525,62169,165304,258760,0,5532,0,266223,25532,25532,9662,1931,5532,12757,1931,0
24516,INTERAUDI BANK,20251231,NM,1,2631077,543541,504505,1522757,2298705,0,29100,0,2365068,266009,266009,25859,37263,29100,60274,37263,0
24540,BANK OF NEW ENGLAND,20251231,NM,1,1806903,180733,11263,1562747,1473041,0,5008,0,1503554,303349,303349,13578,25505,5008,52160,25505,0
24563,TEXAS COMMUNITY BANK,20251231,SM,1,2204513,416474,625800,1103608,1924240,0,0,0,1934495,270018,270018,18400,10255,0,58631,10255,0
24603,FIRST COMMERCIAL BANK NA,20251231,N,1,558878,153909,69964,306499,496837,0,0,0,503002,55876,55876,17321,6165,0,28506,6165,0
24677,TRIAD BANK NATIONAL ASSN,20251231,N,1,197700,8960,0,163805,166941,0,2231,0,169563,28137,28137,3689,391,2231,24935,391,0
24823,INTERNATIONAL FINANCE BANK,20251231,NM,1,1580518,269779,51575,1222723,1427450,0,0,0,1455885,124633,124633,13908,28435,0,36441,28435,0
24829,ATLANTIC CMTY BANKERS BANK,20251231,SM,1,939576,117784,194448,549366,571006,122840,80214,0,791832,147744,147157,55425,17772,203054,77978,17772,0
24865,FIRST NM BANK OF SILVER CITY,20251231,NM,1,147440,3181,45184,81623,124508,0,0,0,127807,19633,19633,3282,3299,0,17452,3299,0
24867,BNY MELLON TRUST OF DELAWARE,20251231,NM,1,241941,162410,0,7020,139745,0,0,0,142847,99094,99094,25899,3102,0,72511,3102,0
24897,COMMUNITY NATIONAL BANK,20251231,N,1,2588004,630472,250365,1590439,2238542,0,0,0,2276799,311205,311205,56361,38257,0,116728,38257,0
24902,FIRST NB OF S PADRE ISL,20251231,N,1,77847,14471,22572,38589,66992,0,0,0,67087,10760,10760,497,95,0,2215,95,0
24919,UWHARRIE BANK,20251231,SM,1,1194143,73329,379687,692161,1084382,0,0,0,1094180,99963,99963,30813,9798,0,48966,9798,0
24920,WOORI AMERICA BANK,20251231,NM,1,3956261,724700,134425,2994196,3378806,0,0,0,3433144,523117,523117,63322,54338,0,102940,54338,0
24922,GRAND VALLEY BANK,20251231,NM,1,586478,15684,264328,281685,530860,0,0,0,533720,52758,52758,12252,2860,0,24781,2860,0
24961,INTERNATIONAL BK OF COM,20251231,NM,1,512448,12326,295541,140317,438102,11579,0,0,452287,60161,60161,14093,2606,11579,64264,2606,0
24966,VALLEY BANK OF RONAN,20251231,SM,1,203372,37903,21725,136833,183896,0,0,0,184140,19232,19232,4524,244,0,6911,244,0
24998,COMMERCE BANK,20251231,SM,1,32722351,3559553,9137509,17596124,25937792,2989641,50059,0,29441197,3281154,3280934,797037,450564,3039700,2429165,463705,0
25054,SUMMIT NATIONAL BANK,20251231,N,1,74444,20452,12259,39119,72530,0,0,0,73051,1393,1393,1108,521,0,2614,521,0
25093,HABIB AMERICAN BANK,20251231,NM,1,2739028,480287,314330,1827713,2346834,0,100000,0,2494595,244433,244433,51566,47761,100000,116698,47761,0
25103,CITY BANK,20251231,NM,1,4478487,552054,567540,3109364,3953902,0,0,0,4013403,465084,465084,144921,59501,0,249529,59501,0
25158,FINANCE FACTORS LTD,20251231,NM,1,688184,8273,97863,471990,531909,0,64610,0,609665,78519,78519,39320,13146,64610,110058,13146,0
25161,COMMUNITY NB OF OKARCHE,20251231,N,1,121004,2607,63989,42669,99911,0,0,0,100207,20797,20797,1423,296,0,11739,296,0
25173,MEADE COUNTY BANK,20251231,NM,1,448059,11517,40780,376381,376542,0,33574,0,413069,34990,34990,16160,2953,33574,19381,2953,0
25178,BANK OF AMERICA CA NA,20251231,N,1,15505000,5717000,0,9721000,13089000,0,450000,0,13619000,1886000,1886000,64000,80000,450000,67000,80000,0
25247,FIRST NATIONAL BANKERS BANK,20251231,N,1,1067690,315885,68538,530804,451600,436393,0,0,902995,164695,164695,63436,15002,436393,152463,15002,0
25249,C3BANK NATIONAL ASSN,20251231,N,1,996220,340081,32474,599338,885777,0,8025,0,904304,91916,91916,10329,10502,8025,24327,10502,0
25258,INTERCREDIT BANK NA,20251231,N,1,1610849,143383,584375,841245,1389941,0,60000,0,1466572,144277,144277,30007,16631,60000,41846,16631,0
25267,TRUBANK,20251231,NM,1,483620,32644,123727,288221,354157,70297,9317,0,438464,45156,45156,14795,4693,79614,39028,4693,0
25291,BANK OF THE VALLEY,20251231,NM,1,542866,17647,68260,429626,456405,0,33415,0,492384,50482,50482,11969,2564,33415,27333,2564,0
25328,BOC BANK,20251231,SM,1,211561,25065,27746,154623,185669,0,0,0,186578,24983,24983,1894,909,0,4127,909,0
25591,CEDAR SECURITY BANK,20251231,NM,1,60421,16998,8491,33336,47662,0,1455,0,49627,10794,10794,1364,510,1455,1596,510,0
25620,CREDIT ONE BANK NA,20251231,N,1,1966557,208796,14009,1462174,1085400,0,0,0,1413009,553548,553548,209858,327609,0,281578,327609,0
25621,SAGE CAPITAL BANK,20251231,NM,1,741121,82249,109545,461869,657972,0,0,0,662951,78170,78170,18962,4979,0,87458,4979,0
25644,BEACON BUSINESS BANK NA,20251231,N,1,167237,7041,39178,112002,131958,0,15100,0,149875,17362,17362,7101,2817,15100,9016,2817,0
25665,COMMUNITY NATIONAL BANK,20251231,N,1,890612,96963,332916,411784,806502,24188,0,0,833986,56626,56626,23433,3296,24188,48949,3296,0
25679,INTERNATIONAL BK OF COM,20251231,NM,1,4387332,60003,1981794,1497416,3778750,22689,10332,0,3835669,551663,551663,83913,23898,33021,848119,23898,0
25703,BANK OF WEST,20251231,NM,1,174817,7625,0,153365,151716,0,0,0,152903,21914,21914,5685,1187,0,13827,1187,0
25726,MURPHY BANK,20251231,NM,1,365328,43379,0,302341,304222,0,4000,0,311734,53594,53594,15915,3512,4000,19608,3512,0
25738,SOVEREIGN BANK,20251231,SM,1,1360197,28614,163664,1054739,1122926,0,77442,0,1206054,154143,154143,40545,5686,77442,113180,5686,0
25744,SMALL BUSINESS BANK,20251231,SM,1,73025,7503,0,61694,68126,0,0,0,68695,4330,4330,2468,569,0,3828,569,0
25749,EASTBANK NATIONAL ASSN,20251231,N,1,147425,17984,28755,91646,105738,0,4963,0,112392,35033,35033,7963,1691,4963,9040,1691,0
25750,COMMUNITY BANK,20251231,NM,1,133307,13782,0,81901,114431,0,0,0,115231,18076,18076,3264,800,0,37624,800,0
25752,COMMUNITY BANK,20251231,NM,1,310210,57349,0,246146,275690,0,0,0,275881,34329,34329,1784,191,0,6715,191,0
25795,PEOPLES BANK&TRUST,20251231,NM,1,547827,41588,225121,256559,494821,0,0,0,498483,49344,49344,21544,3662,0,24559,3662,0
25796,COMMUNITY B&T WEST GEORGIA,20251231,NM,1,288221,32079,23430,186254,268292,0,0,0,271184,17037,17037,28651,2892,0,46458,2892,0
25803,HATCH BANK,20251231,NM,1,182351,30459,32091,116324,55934,0,75048,0,145457,36894,36894,3380,14475,75048,3477,14475,0
25849,MIDWEST IND BANKERSBANK,20251231,SM,1,359188,43104,22604,253655,267273,29000,0,0,310566,48622,48622,12332,14293,29000,39825,14293,0
25858,EQUITY BANK,20251231,SM,1,6326745,609770,1032576,4146815,5181640,39864,310208,0,5577405,749340,749340,286147,45693,350072,537584,45693,0
25869,METROPOLITAN BANK,20251231,NM,1,234246,36455,4672,182745,195827,0,5000,0,204341,29905,29905,3596,3514,5000,10374,3514,0
25883,FIRST EAGLE BANK,20251231,SM,1,610592,30923,131268,421394,436083,0,37216,0,482552,128040,128040,20194,9253,37216,27007,9253,0
25886,RIO BANK,20251231,NM,1,1393727,67387,396702,780651,1164594,0,75000,0,1243965,149762,149762,39781,4371,75000,148987,4371,0
25894,FIRST NATIONAL BANK,20251231,N,1,462466,22206,80626,333761,380703,0,4300,0,391738,70728,70728,19069,6735,4300,25873,6735,0
26021,VALLEY STATE BANK,20251231,NM,1,164895,13401,63422,83618,135402,0,0,0,136104,28791,28791,3242,702,0,4454,702,0
26181,TEXAS NB OF JACKSONVILLE,20251231,N,1,834839,131234,20829,660023,736497,0,0,0,741669,93170,93170,7521,5172,0,22753,5172,0
26185,CHARTER WEST BANK,20251231,SM,1,508166,36387,28999,409349,450012,892,5000,0,461303,46863,46863,17609,5399,5892,33431,5399,0
26189,HAVERFORD TRUST CO,20251231,SM,1,174139,25258,23908,112845,118473,0,0,0,137809,36330,36330,4261,19336,0,12128,19336,0
26217,BANK OF COMMERCE,20251231,SM,1,484210,29908,114018,317075,431290,0,5757,0,438055,46155,46155,16382,1008,5757,23209,1008,0
26223,GOLDEN BANK NATIONAL ASSN,20251231,N,1,2219657,253690,63903,1846109,1867661,0,28000,0,1928594,291063,291063,44615,32933,28000,55955,32933,0
26228,FIRST NB OF DUBLIN,20251231,N,1,133305,32437,3535,92640,116839,0,0,0,117005,16300,16300,3785,166,0,4693,166,0
26260,FIRST NB IN MARLOW,20251231,N,1,70196,2482,13271,50598,64030,0,0,0,65484,4712,4712,2602,1454,0,3845,1454,0
26271,HOME BANK OF CALIFORNIA,20251231,NM,1,246729,16651,271,225651,195648,0,19002,0,215605,31124,31124,3078,955,19002,4156,955,0
26299,PACIFIC NATIONAL BANK,20251231,N,1,1472558,117152,384350,917185,1204061,0,92000,0,1309912,162646,162646,19707,13851,92000,53871,13851,0
26312,FIRST AMERICAN TRUST FSB,20251231,SB,1,6769876,682457,5937316,0,6243851,0,0,0,6259985,509891,509891,148901,16134,0,150103,16134,0
26323,FLORIDA CAPITAL BANK NA,20251231,N,1,652158,114263,22445,493470,581323,0,347,0,585183,66975,66975,20925,3513,347,21980,3513,0
26333,GENESEE REGIONAL BANK,20251231,NM,1,1308838,121309,201002,919791,1048205,0,130774,0,1192289,116549,116549,57959,13310,130774,66736,13310,0
26336,VILLAGE BANK,20251231,SI,1,2049182,11760,317874,1660359,1806624,0,58180,0,1876681,172501,172501,45362,11877,58180,59189,11877,0
26340,FLINT HILLS BANK,20251231,NM,1,155226,3829,56678,79557,138617,0,0,0,138946,16280,16280,4659,329,0,15162,329,0
26342,RBC BANK GEORGIA NA,20251231,N,1,8044396,449800,4341445,3126188,7059129,0,0,0,7162920,881476,881476,100065,103791,0,126963,103791,0
26351,UNITY NB OF HOUSTON,20251231,N,1,227767,13035,51842,135519,197079,0,0,0,199685,28082,28082,17928,2606,0,27371,2606,0
26358,STATE BANK OF SOUTHWEST MO,20251231,NM,1,170564,19568,7423,139024,152652,5368,0,0,158276,12288,12288,2517,256,5368,4549,256,0
26363,COMMUNITY COMMERCE BANK,20251231,NM,1,411533,62413,3953,299429,310462,0,27271,0,349193,62340,62340,31047,11460,27271,45738,11460,0
26379,PIKE NATIONAL BANK,20251231,N,1,382853,25116,136566,196348,326198,0,10000,0,341301,41552,41552,18259,5103,10000,24823,5103,0
26381,BONVENU BANK NATIONAL ASSN,20251231,N,1,1622375,192242,340483,1007185,1415631,0,46365,0,1483275,139100,139100,52783,21279,46365,82465,21279,0
26392,DEUTSCHE BANK TR CO DELAWARE,20251231,NM,1,140278,138397,0,0,3020,0,0,0,8931,131347,131347,1102,5911,0,1881,5911,0
26393,PITTSFIELD COOP BANK,20251231,SI,1,432006,16067,69789,319335,314178,0,59587,0,376662,55344,55344,22064,2897,59587,26815,2897,0
26395,MUTUALONE BANK,20251231,SI,1,1252824,152565,107697,942061,936065,0,46927,0,1000816,252008,252008,44177,17824,46927,50501,17824,0
26397,GREENFIELD COOP BANK,20251231,SM,1,845767,80175,193652,523084,744039,0,2088,0,748850,96917,96917,37730,2723,2088,48856,2723,0
26411,HAVERHILL BANK,20251231,SI,1,636312,15066,124669,470027,520378,0,49715,0,576123,60189,60189,18903,6030,49715,26550,6030,0
26416,COMMUNITY STB OF CANTON,20251231,NM,1,68710,2572,8498,52118,59521,0,0,0,59784,8926,8926,1250,263,0,5522,263,0
26442,TERRABANK NATIONAL ASSN,20251231,N,1,853422,68591,195319,559378,771188,0,0,0,777608,75814,75814,24909,6420,0,30134,6420,0
26444,EVERETT COOP BANK,20251231,SI,1,1605360,94920,90081,1372171,1144175,0,291012,0,1451606,153754,153754,40241,16419,291012,48188,16419,0
26450,CANTON COOP BANK,20251231,SM,1,158955,16050,34354,102992,131743,0,5500,0,137662,21293,21293,4728,419,5500,5559,419,0
26451,FIDELITY COOP BANK,20251231,SI,1,1378852,28339,193787,1019223,1154353,0,42128,0,1217759,161093,161093,75752,21278,42128,137503,21278,0
26455,SAVERS COOP BANK,20251231,SI,1,790358,9915,125725,608572,554620,0,149686,0,711017,79341,79341,31310,6711,149686,46146,6711,0
26483,NEEDHAM BANK,20251231,SM,1,6926702,334761,268959,5964429,5858918,0,196235,0,6147515,779187,779187,248741,92362,196235,358553,92362,0
26484,NORTH SHORE BANK A COOP BANK,20251231,SM,1,3233778,92682,365845,2460015,2620054,0,90877,0,2756252,477526,477526,136669,45321,90877,315236,45321,0
26487,WALPOLE COOP BANK,20251231,SM,1,637370,19937,69503,531730,502158,0,11954,0,517719,119651,119651,9820,3607,11954,16200,3607,0
26499,AMERICAN NB OF MINNESOTA,20251231,N,1,474845,6240,8571,399010,343006,0,80250,0,425602,49243,49243,17100,2346,80250,61024,2346,0
26512,METHUEN COOP BANK,20251231,SI,1,138458,13638,15492,103462,125072,0,0,0,125457,13001,13001,846,385,0,5866,385,0
26513,STOUGHTON COOP BANK,20251231,SM,1,135259,9010,12092,109054,117654,0,5000,0,122893,12366,12366,4238,239,5000,5103,239,0
26517,CAPE&COAST BANK,20251231,SI,1,1669051,28772,108641,1448028,1337496,0,161039,0,1511340,157711,157711,49197,8932,161039,83610,12805,0
26520,SECURITY BANK OF SW MO,20251231,NM,1,141764,9286,13530,116591,123976,0,0,0,124442,17322,17322,1812,466,0,2357,466,0
26522,THE BANK,20251231,NM,1,615337,105308,109037,371962,541018,0,0,0,542720,72617,72617,17617,1702,0,29030,1702,0
26523,BANKHOMETOWN,20251231,SM,1,1568009,59044,168454,1268292,1332673,0,34310,0,1381439,186570,186570,47837,14456,34310,72219,14456,0
26530,DENALI STATE BANK,20251231,NM,1,512791,6223,116583,365907,446390,0,7632,0,460930,51861,51861,18720,6908,7632,24078,6908,0
26536,BANKGLOUCESTER,20251231,SI,1,390316,10977,30745,337043,314423,0,43000,0,358599,31717,31717,5360,1176,43000,11551,1176,0
26539,MICRONESIA,20251231,NM,1,270937,90855,113688,62197,235897,0,0,0,237085,33852,33852,2232,1188,0,4197,1188,0
26542,BANK OF DESOTO NATIONAL ASSN,20251231,N,1,265894,78456,25810,153559,238655,0,0,0,239207,26687,26687,3957,552,0,8069,552,0
26543,FIRST NATIONAL BANK,20251231,N,1,1154876,82912,51056,973763,1034910,1193,64,0,1049173,105703,105703,26851,13006,1257,47145,13006,0
26554,BANK OF EASTON,20251231,SM,1,245000,56918,58760,120332,218996,0,1755,0,221686,23314,23314,6598,935,1755,8990,935,0
26555,ONELOCAL BANK,20251231,SI,1,1031209,5296,97968,881239,830956,0,50000,0,889586,141623,141623,36014,8630,50000,46706,8630,0
26559,STONEHAMBANK A COOP BANK,20251231,SI,1,882775,58052,94425,705671,715062,0,95300,0,814360,68415,68415,16206,3998,95300,24627,3998,0
26564,DELTA BANK,20251231,NM,1,601620,25487,127517,430254,539267,0,5,0,541143,60477,60477,13050,1871,5,18362,1871,0
26567,NORTH CAMBRIDGE COOP BANK,20251231,SI,1,88121,23674,17262,46547,61346,0,0,0,62919,25202,25202,504,1573,0,638,1573,0
26576,WRENTHAM COOP BANK,20251231,SI,1,188457,41284,22714,112934,171635,0,0,0,172299,16158,16158,6986,664,0,11525,664,0
26588,DEDICATED COMMUNITY BANK,20251231,NM,1,103360,10391,13250,74686,93910,0,0,0,94612,8748,8748,3222,702,0,5033,702,0
26591,COASTAL HERITAGE BANK,20251231,SM,1,948632,30508,105871,770436,759744,0,75723,0,842706,105926,105926,31619,7239,75723,41817,7239,0
26602,CHARLES RIVER BANK,20251231,SM,1,321998,22916,47772,231540,298687,0,0,0,300976,21022,21022,11270,2289,0,19770,2289,0
26610,BANK OF HOPE,20251231,NM,1,18526390,560059,2077324,14631256,15620679,0,284922,0,16159868,2366522,2366522,543807,254267,284922,1257751,254267,0
26620,READING COOP BANK,20251231,SM,1,1242761,10911,139544,935004,1114066,0,25000,0,1168505,74256,74256,59735,29439,25000,157302,29439,0
26626,UNITED TEXAS BANK,20251231,SM,1,1091686,271684,192239,584782,811915,0,101081,0,919763,171923,171923,21409,6767,101081,42981,6767,0
26627,BANK OF THE WEST,20251231,NM,1,829874,213017,80638,503425,748114,0,0,0,754917,74957,74957,5225,6803,0,32794,6803,0
26634,MECHANICS COOP BANK,20251231,SI,1,862215,9406,82953,723026,701150,0,41485,0,754425,107790,107790,26162,9578,41485,46830,11790,0
26647,FIRSTRUST SAVINGS BANK,20251231,SI,1,5717259,496609,463037,4639604,4744354,92794,165000,0,5121536,595723,595723,69441,119388,257794,118009,119388,0
26653,BANDERA BANK,20251231,NM,1,89097,21467,17559,48846,78501,0,0,0,78736,10361,10361,482,235,0,1225,235,0
26658,AMISTAD BANK,20251231,NM,1,54940,5612,7679,34691,42581,0,1000,0,44364,10576,10576,478,783,1000,6958,783,0
26677,BANKERS BANK,20251231,SM,1,329768,17332,13900,261296,218519,65583,0,0,290256,39512,39512,16335,6154,65583,37240,6154,0
26687,PNB COMMUNITY BANK,20251231,NM,1,157720,11919,33762,107744,143109,0,0,0,144358,13362,13362,1495,1249,0,4295,1249,0
26689,BANK OF ALMA,20251231,NM,1,334062,87902,46095,194220,166097,0,0,0,167175,166887,166887,2295,1078,0,5845,1078,0
26703,RIVER CITY BANK INC,20251231,NM,1,493522,15591,79402,364877,438965,0,4332,0,445593,47929,47929,20779,2296,4332,33652,2296,0
26704,BALBOA THRIFT&LOAN ASSN,20251231,NM,1,409500,28327,0,366905,361383,0,0,0,364110,45390,45390,10632,2727,0,14268,2727,0
26708,SPECTRA BANK,20251231,NM,1,115921,24463,19513,69377,99171,0,6024,0,105985,9936,9936,1428,790,6024,2568,790,0
26725,BANCO DO BRASIL AMERICAS,20251231,NM,1,3205995,274045,917158,1964719,2841765,0,958,0,2852212,353783,353783,32014,9489,958,50073,9489,0
26727,BANK OF SOUTH TEXAS,20251231,NM,1,167747,20591,16869,114652,135464,0,0,0,136827,30920,30920,5863,1363,0,15635,1363,0
26738,TEXAS FINANCIAL BANK,20251231,NM,1,234554,29753,65943,115759,195284,0,0,0,199775,34779,34779,7332,4491,0,23099,4491,0
26755,MINNESOTA 1ST CREDIT&SVG INC,20251231,NM,1,28940,2302,0,25537,23968,0,569,0,24740,4200,4200,178,203,569,1101,203,0
26760,GREEN BELT BANK&TRUST,20251231,NM,1,740169,13676,60280,623212,658967,0,7232,0,672411,67758,67758,16901,6212,7232,43001,6212,0
26790,HANA BANK USA NATIONAL ASSN,20251231,N,1,799671,172446,122291,473888,564369,0,0,0,585501,214170,214170,28097,21132,0,31046,21132,0
26798,HOME SAVINGS BANK,20251231,NM,1,112990,13178,0,95727,89827,0,5000,0,95772,17218,17218,1696,945,5000,4085,945,0
26799,EVABANK,20251231,NM,1,478173,12537,79137,376417,332623,0,5000,0,343925,134248,134248,4941,6302,5000,10082,6302,0
26816,LIBERTY BANK INC,20251231,NM,1,13027,9926,436,0,8182,0,0,0,8373,4654,4654,2665,191,0,2665,191,0
26829,FIRST NATIONAL BANK OF PASCO,20251231,N,1,287263,6016,62054,183002,241439,0,25000,0,267594,19669,19669,15497,1155,25000,36191,1155,0
26847,CHESAPEAKE BANK&TRUST CO,20251231,NM,1,135423,5603,19952,103960,109674,4801,5175,0,122287,13136,13136,4935,2637,9976,5908,2637,0
26856,FALCON INTERNATIONAL BANK,20251231,NM,1,2178874,295913,374454,1404682,1905323,0,0,0,1916099,262775,262775,47364,10776,0,103825,10776,0
26871,COMMUNITY BANKERS BANK,20251231,SM,1,128761,8599,19022,88313,95212,7000,6000,0,109593,19168,19168,9147,1381,13000,12827,1381,0
26876,SAFRA NB OF NEW YORK,20251231,N,1,12464657,1885586,6264249,3273511,10758315,0,0,0,11134791,1329866,1329866,653135,361216,0,1041311,376476,0
26881,SOFI BANK NATIONAL ASSN,20251231,N,1,46568135,5405856,2600697,36743813,39706752,0,0,0,40537716,6030419,6030419,1391579,830964,0,1817769,830964,0
26891,LIBERTY BANK MINNESOTA,20251231,SM,1,284036,40914,86765,135500,255227,0,0,0,255895,28141,28141,2065,668,0,20857,668,0
26906,TEXAS REGIONAL BANK,20251231,SM,1,2942142,106272,842784,1670594,2605231,0,0,0,2676454,265688,265688,67492,36373,0,322492,71223,0
26912,BANK OF SOUTH CAROLINA,20251231,NM,1,576238,51339,143870,358433,501709,0,0,0,516712,59526,59526,7291,15003,0,22596,15003,0
26922,COOP BANK,20251231,SI,1,543451,17136,47224,452745,454661,0,37100,0,495307,48144,48144,17510,3546,37100,26346,3546,0
26941,PEOPLES BANK OF DEER LODGE,20251231,NM,1,52598,1221,5091,35153,47923,0,0,0,48037,4561,4561,635,114,0,11133,114,0
26944,AMERICAN STATE BANK,20251231,SM,1,347700,18212,73973,239157,272370,2260,35288,0,313131,34569,34569,13092,3213,37548,16358,3213,0
26960,FIRST BANK OF THE LAKE,20251231,NM,1,2266431,100442,7567,2069974,1935642,0,145500,0,2106080,160351,160351,76791,24938,145500,88448,24938,0
26962,WILSON BANK&TRUST,20251231,NM,1,5876656,357588,966504,4298456,5252535,0,4159,0,5298158,578498,578498,168146,41464,4159,254108,41464,0
27010,YOUNG AMERICANS BANK,20251231,NM,1,15763,14536,0,36,13264,0,0,0,13517,2246,2246,195,253,0,1191,253,0
27015,42 NORTH PRIVATE BANK,20251231,SB,1,177864,21389,0,148940,135321,0,25548,0,163620,14244,14244,5736,2751,25548,7535,2751,0
27026,NATIVE AMERICAN BANK NA,20251231,N,1,392959,118766,49462,196351,334771,0,0,0,341065,51894,51894,14151,6294,0,28380,6294,0
27043,SANGER BANK,20251231,SM,1,226423,39085,31838,121762,190085,0,0,0,191219,35204,35204,1192,1134,0,33738,1134,0
27046,COMMUNITY NB&T,20251231,N,1,2459535,176617,470023,1625205,2146765,56200,5400,0,2245878,213657,213657,81043,37513,61600,187690,37513,0
27052,ST CHARLES B&T CO NA,20251231,N,1,3454109,35601,590366,2609623,2923184,0,163654,0,3106707,347402,347402,135592,17278,163654,218519,19869,0
27054,SUMITOMO MITSUI TR BK U SA,20251231,NM,1,3773287,3686362,0,376,3167170,0,0,0,3223012,550275,550275,65688,55842,0,86549,55842,0
27074,STATE BANK OF TEXAS,20251231,NM,1,2772872,259578,165329,2236017,2237555,0,105000,0,2365607,407265,407265,44292,23052,105000,111948,23052,0
27118,PREMIER BANK OF THE SOUTH,20251231,NM,1,377098,72937,68440,221672,344077,0,0,0,345628,31470,31470,7020,1551,0,14049,1551,0
27132,UNITED SECURITY BANK,20251231,SM,1,1247246,120955,143254,900589,1092008,0,0,0,1104492,142754,142754,57083,12484,0,82448,12484,0
27153,CITIZENS BANK&TRUST INC,20251231,SB,1,130338,10741,31951,81044,114499,0,0,0,115035,15303,15303,2215,536,0,6602,536,0
27201,COMMUNITY STATE BANK,20251231,NM,1,79477,2772,45564,27858,72786,0,0,0,72806,6671,6671,2460,20,0,3283,20,0
27210,INTERBANK,20251231,SM,1,5450745,556292,0,4688981,4815859,0,0,0,4836913,613832,613832,49699,21054,0,205472,21054,0
27211,FIRST COMMUNITY BANK OF TN,20251231,NM,1,834873,31676,85902,644192,640033,0,84169,0,745027,89846,89409,58251,20825,84169,73103,20825,0
27219,INDEPENDENT CORRESPONDENT BA,20251231,SM,1,144712,54237,1889,86208,75609,47659,0,0,124079,20633,20633,1210,811,47659,2378,811,0
27233,PEOPLES INDEPENDENT BANK,20251231,NM,1,476618,49995,165460,196182,432071,0,0,0,435858,40760,40760,20691,3787,0,64981,3787,0
27235,STAR FINANCIAL BANK,20251231,NM,1,3233515,282108,927015,1865473,2845304,0,51443,0,2943176,290339,290339,99366,46429,51443,158919,46429,0
27237,ENTERPRISE BANK&TRUST,20251231,NM,1,17269411,677237,3733140,11661244,14764146,292782,36203,0,15262506,2006905,2006846,588447,169375,328985,1197790,169375,0
27238,WINCHESTER COOP BANK,20251231,SI,1,907444,101306,104976,677312,736930,0,60000,0,800316,107128,107128,19317,3386,60000,23850,3386,0
27254,WAYCROSS BANK&TRUST,20251231,NM,1,240688,19691,85326,129977,216493,0,2500,0,220646,20042,20042,4660,1653,2500,5694,1653,0
27267,AMERASIA BANK,20251231,NM,1,999961,92762,130257,736738,831821,0,4421,0,848113,151848,151848,10178,11871,4421,40204,11871,0
27269,DEAN COOP BANK,20251231,SI,1,489208,15215,108081,343716,419164,0,32500,0,456524,32684,32684,16461,4860,32500,22196,4860,0
27314,SYNCHRONY BANK,20251231,SB,1,112115000,14303000,2363000,89862000,83376000,0,7863000,750000,97563000,14552000,14552000,3582000,5574000,8613000,5587000,5574000,0
27351,BANKERS BANK OF KANSAS,20251231,SM,1,214160,45126,1464,151560,134000,35085,5000,0,177718,36442,36442,12259,3633,40085,16010,3633,0
27362,PRAIRIE STATE BANK&TRUST,20251231,NM,1,805671,41328,183610,557729,701403,1321,0,0,706096,99575,99575,7226,3372,1321,23004,3372,0
27381,FIRST METRO BANK,20251231,NM,1,1007482,81819,255653,580983,893388,0,0,0,898827,108655,108655,11368,5439,0,89027,5439,0
27385,PORT RICHMOND SAVINGS,20251231,SI,1,97630,9014,0,85841,59684,0,14735,0,76942,20688,20688,1786,2523,14735,2775,2523,0
27389,WELLS FARGO NB WEST,20251231,N,1,9005208,1498943,2130977,5036122,7253406,0,0,0,7401648,1603560,1603560,339166,148242,0,339166,148242,0
27394,FIRST BANK&TRUST CO,20251231,NM,1,948406,20765,156097,735325,800051,0,69,0,805504,142902,142902,8952,5384,69,36219,5384,0
27398,PEOPLES BANK,20251231,NM,1,177267,4672,20523,144447,161086,0,0,0,162277,14990,14990,3562,1191,0,7625,1191,0
27409,COMMERCIAL BANK,20251231,NM,1,278066,8807,70190,185561,242817,0,16737,0,262936,15130,15130,11409,3382,16737,13508,3382,0
27417,SHOREHAM BANK,20251231,SB,1,481165,31779,15450,413540,406440,0,18000,0,426241,54924,54924,7239,1801,18000,20396,1801,0
27471,AMERICAN EXPRESS NB,20251231,N,1,211275193,41080080,244580,165259395,167788454,0,13022349,1500000,192264637,19010556,19010556,2787819,9953834,14522349,4691138,9953834,0
27476,BANCFIRST,20251231,SM,1,12118977,3825488,808889,6783694,10580144,10010,0,0,10752847,1366130,1366130,320292,162693,10010,700906,162693,0
27496,BANK OF THE LOWCOUNTRY,20251231,NM,1,410778,11246,88021,296821,347462,0,30000,0,381081,29697,29697,6666,3619,30000,14690,3619,0
27499,COMENITY BANK,20251231,NM,1,7760444,1148986,93491,5986172,3743381,0,2708308,0,6710103,1050341,1050341,516688,258414,2708308,531795,258414,0
27503,BERKSHIRE BANK,20251231,NM,1,536341,311307,65710,148635,404232,0,0,0,410111,126230,126230,8252,5879,0,10689,5879,0
27510,METRO BANK,20251231,NM,1,1175700,150062,388956,587792,1007169,0,0,0,1013657,162043,162043,10932,6488,0,48890,6488,0
27556,BURLING BANK,20251231,NM,1,198921,13601,19390,161748,166927,0,0,0,168858,30063,30063,1594,1931,0,4182,1931,0
27560,NORTH ALABAMA BANK,20251231,NM,1,174950,13371,11537,135393,152392,0,1500,0,155818,19132,19132,4300,1926,1500,14649,1926,0
27567,GLEN BURNIE MUTUAL SB,20251231,SI,1,104319,12494,1000,84990,94323,0,0,0,95134,9185,9185,688,811,0,5835,811,0
27589,LAKE FOREST B&T CO NA,20251231,N,1,9386148,1003549,992230,6770513,7366496,0,958060,0,8524769,861379,861379,407207,130392,958060,619856,200213,0
27619,PIEDMONT FSB,20251231,SL,1,1295729,63383,257175,865772,954994,0,95187,0,1056060,239669,239669,80621,5879,95187,109399,5879,0
27643,FIRST FEDERAL BANK OF OHIO,20251231,SB,1,278465,29102,113010,119956,233680,0,0,0,238169,40296,40296,13356,4489,0,16397,4489,0
27654,HOME FEDERAL BANK,20251231,SB,1,621903,14192,96684,472394,556292,0,0,0,561674,60229,60229,12153,5382,0,38633,5382,0
27664,STERLING FEDERAL BANK FSB,20251231,SB,1,513696,18285,97415,350110,404502,0,65617,0,473059,40637,40637,37209,2940,65617,47886,2940,0
27677,HOMETRUST BANK,20251231,SM,1,4544079,343401,142540,3742368,3718371,0,168984,0,3948501,595578,595578,203150,61146,168984,315770,61146,0
27678,FIRST FEDERAL CMTY BANK SSB,20251231,SI,1,607976,80501,21450,474088,526074,0,0,0,532621,75355,75355,26184,6547,0,31937,6547,0
27683,NORTH SHORE TRUST&SAVINGS,20251231,SB,1,266760,35287,78719,133095,199576,0,3691,0,206154,60606,60606,14458,2887,3691,19659,2887,0
27686,SLOVENIAN S&LA OF CANONSBURG,20251231,SI,1,618613,25786,320809,264782,517245,0,0,0,517919,100694,100694,4589,674,0,7236,674,0
27697,FIFTH DISTRICT SAVINGS BANK,20251231,SB,1,534239,33852,99076,376361,418508,0,0,0,423655,110584,110584,13271,5147,0,24950,5147,0
27711,ALTOONA FIRST SAVINGS BANK,20251231,SI,1,329753,18524,94062,199220,282630,0,0,0,285733,44020,44020,12986,3103,0,17947,3103,0
27716,MUTUAL SAVINGS&LOAN ASSN,20251231,SB,1,37380,4513,0,30719,20083,0,0,0,20171,17209,17209,651,88,0,2148,88,0
27723,SECURITY BANK S B,20251231,SI,1,256630,49526,76700,117819,197492,0,35584,0,235078,21552,21552,8264,2002,35584,12585,2002,0
27727,LYONS FEDERAL BANK,20251231,SB,1,199166,40861,4303,131522,169651,0,1680,0,172682,26484,26484,7430,1351,1680,22480,1351,0
27742,MUTUAL SAVINGS BANK,20251231,SI,1,348951,33837,75068,218327,280273,0,45000,0,326314,22637,22512,16488,1041,45000,21719,1041,0
27752,HIBERNIA BANK,20251231,SL,1,245961,39605,276,185940,211185,0,662,0,212440,33521,33521,2905,593,662,20140,593,0
27760,WEST VIEW SAVINGS BANK,20251231,SI,1,362660,12565,245740,90050,180950,0,143136,0,328615,34045,34045,13827,4529,143136,14305,4529,0
27763,INFIRST BANK,20251231,SI,1,664150,25265,33838,577473,596890,0,0,0,604602,59548,59548,18440,7712,0,27574,7712,0
27767,UNION FS&LA,20251231,SB,1,144903,13777,5327,118259,120383,0,0,0,121358,23545,23545,5174,975,0,7540,975,0
27774,GATE CITY BANK,20251231,SB,1,3982369,330249,478695,2938920,3562395,0,25000,0,3622681,359688,359688,127879,35286,25000,234505,35286,0
27806,FAIRFIELD FS&LA OF LANCASTER,20251231,SB,1,278891,11838,14387,241492,245354,0,265,0,246015,32876,32876,4210,396,265,11174,396,0
27811,INDEPENDENT BANK,20251231,SM,1,5499615,138387,805432,4225529,4819251,0,77000,0,5008704,490911,490911,222557,112453,77000,330267,112453,0
27824,SALEM COOP BANK,20251231,SL,1,572248,5205,54107,476102,399656,0,100378,0,508611,63637,63637,32030,8577,100378,36834,8577,0
27841,CITIZENS FS&LA,20251231,SB,1,40859,2503,5992,31845,26891,0,2621,0,29553,11306,11306,449,41,2621,519,41,0
27847,PIONEER SAVINGS BANK,20251231,NM,1,55509,1117,13138,35053,36437,0,13600,0,50066,5443,5443,3459,29,13600,6201,29,0
27872,PIONEER BANK,20251231,SB,1,1128948,62583,348554,645121,844342,0,153387,0,1016259,112689,112689,44856,18530,153387,72690,18530,0
27884,HUNTINGTON FSB,20251231,SB,1,553093,32213,221920,284803,431963,0,35000,0,468820,84273,84273,8092,1857,35000,14157,1857,0
27897,BLACK MOUNTAIN SB SSB,20251231,SI,1,42375,13616,0,27494,36553,0,0,0,37220,5155,5155,1107,667,0,1265,667,0
27898,HOME S&LA OF CARROLL CNTY FA,20251231,SL,1,130159,10948,26996,86647,111176,0,0,0,111475,18684,18684,2794,299,0,5568,299,0
27910,CENTRAL SAVINGS FSB,20251231,SB,1,125679,27256,0,95129,94191,0,0,0,96209,29470,29470,1256,2018,0,3294,2018,0
27943,BRENTWOOD BANK,20251231,SI,1,1023361,31859,184242,768189,747951,0,173292,0,924587,98774,98774,29985,3344,173292,39071,3344,0
27965,GREENVILLE FEDERAL,20251231,SB,1,269247,14152,16127,221002,242839,0,4091,0,248983,20264,20264,9868,2053,4091,17966,2053,0
27969,COMMUNITY SAVINGS,20251231,SB,1,297726,15116,17614,255682,237468,0,22500,0,261665,36061,36061,5123,1697,22500,9314,1697,0
27981,CAPITOL FEDERAL SAVINGS BANK,20251231,SB,1,9796570,251081,829703,8181674,6820869,0,1861054,0,8802027,994543,994543,291461,120104,1861054,534112,120104,0
27989,OSB COMMUNITY BANK,20251231,NM,1,362554,21049,16002,305758,300947,0,16038,0,322372,40182,40182,8872,5387,16038,19745,5387,0
27998,GUARDIAN SAVINGS BANK,20251231,SI,1,1356947,168160,0,1120164,1195463,0,0,0,1201228,155719,155719,35107,5765,0,68623,5765,0
28035,BELMONT SAVINGS BANK SSB,20251231,SI,1,151258,8673,7866,127913,102328,0,29500,0,132247,19011,19011,4264,419,29500,6806,419,0
28060,CITIZENS FS&LA,20251231,SB,1,184598,6736,27160,144531,165133,0,0,0,165557,19041,19041,2189,424,0,6171,424,0
28063,COVINGTON SAVINGS&LOAN ASSN,20251231,SB,1,82742,17270,18417,46063,67535,0,0,0,67772,14970,14970,553,237,0,992,237,0
28080,HARRISON BUILDING&LOAN ASSN,20251231,SL,1,276510,10310,97220,150416,207362,0,24000,0,235211,41299,41299,16858,3849,24000,18564,3849,0
28088,WAFD BANK,20251231,NM,1,27269094,734866,4907074,19851887,21505529,0,2436532,0,24213605,3055489,3055489,1011223,271544,2436532,1775267,271544,0
28094,HOME BANK NATIONAL ASSN,20251231,N,1,3481948,141837,392513,2712439,2980611,0,3024,0,3009453,472495,472495,100195,25818,3024,235159,25818,0
28103,COLLINSVILLE BLDG&LA,20251231,SB,1,115617,9090,20922,83852,80807,0,0,0,81144,34473,34473,1381,337,0,1753,337,0
28105,FIRST ROBINSON SB NA,20251231,N,1,501242,26457,148652,306389,413970,43720,0,0,461628,39614,39614,11630,3938,43720,19744,3938,0
28116,YAKIMA FS&LA,20251231,SI,1,2007556,82581,882074,905470,1389297,0,56470,0,1464486,543070,543070,125097,18719,56470,137431,18719,0
28155,PROFILE BANK,20251231,SM,1,314248,21600,77732,197491,276195,0,8911,0,286345,27903,27903,10361,1239,8911,17425,1239,0
28157,CINCINNATUS SAVINGS&LOAN CO,20251231,SL,1,184388,10332,35360,128396,154691,0,0,0,156263,28125,28125,6513,1572,0,10300,1572,0
28178,NORTHWEST BANK,20251231,SI,1,16771847,256885,2269751,12879541,14162843,8232,438052,0,14809647,1962200,1962200,692705,186684,446284,1365670,200520,0
28186,MCS BANK,20251231,SI,1,213251,8983,10595,178438,180147,0,6202,0,187755,25496,25496,8230,1406,6202,15235,1406,0
28208,SAN LUIS VALLEY FEDERAL BANK,20251231,SB,1,393078,13656,75907,278088,323507,0,0,0,328241,64837,64837,15780,4734,0,25427,4734,0
28213,WINTER HILL BANK FSB,20251231,SB,1,420959,26611,80079,302292,297917,0,78000,0,379779,41180,41180,6519,3862,78000,11977,3862,0
28217,WARSAW FS&LA,20251231,SB,1,100548,13797,8354,71340,67377,0,21000,0,89145,11403,11403,5811,768,21000,7057,768,0
28222,HADDON SAVINGS BANK,20251231,SI,1,407178,18613,114026,252071,350335,0,30500,0,382468,24710,24710,20954,1633,30500,22468,1633,0
28246,HOME SAVINGS BANK,20251231,SB,1,112716,1021,31462,74198,88493,289,3500,0,93485,19231,19231,4995,1203,3789,6035,1203,0
28263,CFBANK NATIONAL ASSN,20251231,N,1,2114639,258730,17496,1744465,1783392,0,63878,0,1875370,239269,239269,84721,28100,63878,93948,28100,0
28266,CONNECT COMMUNITY BANK,20251231,SI,1,76658,8756,7220,59515,64822,0,8090,0,73354,3304,3304,542,442,8090,1167,442,0
28277,OZARKS FS&LA,20251231,SB,1,306272,15944,14093,244361,221978,0,42000,0,266365,39907,39907,19717,2387,42000,31874,2387,0
28288,AUBURN SAVINGS BANK FSB,20251231,SB,1,102187,2670,12380,82892,75526,0,19000,0,95411,6776,6776,2878,885,19000,4245,885,0
28302,MUTUAL FEDERAL BANK,20251231,SB,1,97312,8550,0,85023,63116,0,18000,0,81668,15644,15644,2060,552,18000,3739,552,0
28314,RIVERSIDE SAVINGS BANK SSB,20251231,SI,1,94218,1396,23894,58167,71114,0,6325,0,78272,15946,15946,8246,833,6325,10761,833,0
28315,RG BANK A SAVINGS&LOAN ASSN,20251231,SL,1,136029,5310,16406,106045,121327,0,0,0,121848,14181,14181,5999,521,0,8268,521,0
28316,FIDELITY BANK,20251231,SI,1,1257462,60268,326346,766799,915482,0,78257,0,1010062,247400,247400,36297,16323,78257,104049,16323,0
28332,SOUTHERN BANK,20251231,SM,1,5043770,98868,444965,4173362,4321308,20000,102041,0,4516602,527168,527168,172539,73253,122041,326575,73253,0
28348,BELMONT SAVINGS BANK,20251231,NM,1,583375,39254,139917,358663,469487,9325,36733,0,518810,64565,64565,33937,3265,46058,45541,3265,0
28349,HOME FS&LA OF NILES,20251231,SB,1,156223,10142,15926,119151,88504,0,49026,0,139277,16946,16946,8229,1747,49026,11004,1747,0
28359,OCEANFIRST BANK NA,20251231,N,1,14471649,126551,2113394,10976434,11041860,54435,1474408,0,12734219,1737430,1737430,584982,163516,1528843,1255270,163516,0
28362,CENTURY BANK,20251231,NM,1,1339316,105632,331564,819981,1209632,0,0,0,1222090,117226,117226,47233,12458,0,82139,12458,0
28368,MIDDLESEX FEDERAL SAVINGS FA,20251231,SB,1,637950,19778,77527,510920,576340,0,291,0,581438,56512,56512,27887,4807,291,29725,4807,0
28369,ROCKLAND SAVINGS BANK FSB,20251231,SB,1,93026,2779,7566,78940,72689,0,10750,0,83873,9153,9153,1793,434,10750,3741,434,0
28380,ADIRONDACK BANK,20251231,SM,1,941604,18374,250224,619331,848093,0,6521,0,867079,74525,74525,42928,12465,6521,53675,12465,0
28390,EDWARD JONES TRUST CO,20251231,SB,1,150710,55568,84195,0,500,0,0,0,10426,140284,140284,10947,9926,0,10947,9926,0
28396,FIRST PALMETTO BANK,20251231,NM,1,1056466,141725,109374,766666,956275,0,0,0,961392,95074,95074,8438,5117,0,38701,5117,0
28400,WESTBURY BANK,20251231,NM,1,791728,108337,97522,543765,717040,0,0,0,727960,63768,63768,26128,10920,0,42104,10920,0
28401,EUREKA SAVINGS BANK,20251231,SI,1,431465,27497,128084,264130,316877,0,23900,0,342515,88950,88950,6971,1738,23900,11754,1738,0
28405,FIRST FED BANK,20251231,NM,1,2089518,78075,270310,1613361,1604046,0,267067,0,1909932,179586,179586,98291,38819,267067,127772,38819,0
28425,CENTRAL FS&LA,20251231,SB,1,193794,18532,29931,137901,170172,0,3708,0,174786,19008,19008,2628,906,3708,7430,906,0
28445,FIRST FSB CHAMPAIGN URBANA,20251231,SB,1,198327,30978,50280,110000,170831,0,0,0,172688,25639,25639,1948,1857,0,7069,1857,0
28453,TIMBERLAND BANK,20251231,SI,1,2005570,238924,208870,1462568,1705895,0,20000,0,1739093,266477,266477,42828,13198,20000,95208,13198,0
28463,LIBERTY BANK,20251231,SL,1,57878,4875,19538,28543,48506,0,0,0,48587,9291,9291,4109,81,0,4922,81,0
28471,ROXBORO SAVINGS BANK SSB,20251231,SI,1,349767,11994,120644,198015,281695,0,7900,0,290196,59571,59571,17533,601,7900,19114,601,0
28478,FARMERS&MECHANICS FSB,20251231,SI,1,116833,8365,36511,68232,109868,0,1000,0,111283,5550,5550,2087,415,1000,3725,415,0
28480,COLUMBIA SAVINGS&LOAN ASSN,20251231,SL,1,21611,1176,70,18006,19469,0,500,0,20138,1473,1473,252,169,500,2359,169,0
28489,BANNER BANK,20251231,NM,1,16347870,422640,2977863,11604313,13812149,107715,150000,0,14396409,1951461,1951461,808463,326545,257715,1343054,326545,0
28507,ARGENTINE FEDERAL SAVINGS,20251231,SB,1,71226,1281,18763,48338,51316,0,11500,0,63090,8136,8136,1011,274,11500,2844,274,0
28513,WATERSTONE BANK SSB,20251231,SI,1,2259133,70815,231139,1803131,1476199,0,412258,0,1921326,337807,337807,129487,32869,412258,154048,32869,0
28515,TRUSTTEXAS BANK SSB,20251231,SI,1,368474,93275,84659,174590,361732,0,0,0,364803,3671,3671,10052,3071,0,15950,3071,0
28530,FORWARD BANK,20251231,SI,1,1180052,25952,200670,861306,999819,0,52948,0,1074967,105085,105085,34350,22200,52948,92124,22200,0
28533,FIRST BANK RICHMOND,20251231,NM,1,1519486,31015,254663,1176057,1119824,12000,240000,0,1383362,136124,136124,41927,11538,252000,57751,11538,0
28543,CUSTER FEDERAL STATE BANK,20251231,NM,1,126179,12335,31311,74562,99253,0,12333,0,112229,13950,13950,5536,643,12333,7971,643,0
28555,VALLEY CENTRAL BANK,20251231,SL,1,186846,2978,12858,140979,146271,0,0,0,149002,37844,37844,9116,2731,0,30031,2731,0
28585,MAPLE CITY SAVINGS BANK FSB,20251231,SB,1,122269,4600,17660,91512,107507,0,3500,0,111438,10831,10831,4219,431,3500,8497,431,0
28593,STURGIS BANK&TRUST CO,20251231,NM,1,997929,41398,103861,784526,892884,0,15680,0,920428,77501,77501,34257,11864,15680,68144,11864,0
28599,OLYMPIA FS&LA,20251231,SI,1,1026095,43808,62153,861977,732850,0,172588,0,909308,116787,116787,42231,3870,172588,58157,3870,0
28614,EQUITABLE BANK SSB,20251231,SI,1,331853,4875,25341,287873,286579,0,14500,0,303047,28806,28806,6407,1968,14500,13764,1968,0
28635,FIRST FEDERAL S&L BANK,20251231,NM,1,108940,8166,0,89916,91042,0,4217,0,95675,13265,13265,1058,416,4217,10858,416,0
28637,MILTON SAVINGS BANK,20251231,SB,1,87547,3616,22522,57883,65257,0,9005,0,74533,13014,13014,2039,271,9005,3526,271,0
28652,FAIRVIEW SAVINGS&LOAN ASSN,20251231,SB,1,60785,6565,1015,45240,47508,0,0,0,47751,13034,13034,654,243,0,7965,243,0
28663,BROOKVILLE BLDG&SVG ASSN,20251231,NM,1,43936,1979,6287,29257,35202,0,0,0,35285,8651,8651,923,83,0,6413,83,0
28667,HOMESTEAD SAVINGS BANK,20251231,SB,1,71640,11833,3924,51335,64995,0,0,0,65315,6325,6325,2292,320,0,4548,320,0
28677,CONNEAUT SAVINGS BANK,20251231,SL,1,76111,2666,15786,52513,64576,0,980,0,66087,10024,10024,3042,531,980,5146,531,0
28679,NORTH SHORE BANK,20251231,SI,1,2566563,234244,260908,1949858,2142979,0,0,0,2180280,386283,386283,29379,37301,0,121553,37301,0
28701,AMBLER SAVINGS BANK,20251231,SI,1,516485,42601,96247,344816,438147,0,11917,0,455788,60697,60697,20471,5080,11917,32821,5724,0
28703,VERSAILLES SAVINGS&LOAN CO,20251231,SL,1,63158,8332,5379,45509,48959,0,0,0,51147,12011,12011,996,2188,0,3938,2188,0
28706,FIRST FS&LA OF GREENE CO,20251231,SB,1,1010960,85907,171996,700932,852631,0,0,0,857799,153161,153161,37516,5168,0,52125,5168,0
28708,GSL SAVINGS BANK,20251231,SI,1,149102,13992,13114,117566,118267,0,18804,0,137756,11346,11346,3368,685,18804,4430,685,0
28710,NORTHFIELD BANK,20251231,SB,1,5752016,163951,1420758,3818629,4048613,0,941956,0,5027722,724294,724186,282663,32108,941956,348678,37153,0
28712,FIRST FS OF MIDDLETOWN,20251231,SL,1,181779,21319,317,152016,107979,0,0,0,114909,66870,66870,7756,6930,0,8127,6930,0
28722,KENTLAND FS&LA,20251231,SB,1,3817,469,15,3295,3691,0,0,0,3705,112,112,38,14,0,38,14,0
28729,ASCENDIA BANK,20251231,SI,1,378104,9154,38107,308156,296264,0,42693,0,342621,35483,35483,13605,3664,42693,22687,3664,0
28735,GOLDEN BELT BANK FSA,20251231,SB,1,365240,5979,70142,259540,282591,0,40000,0,324972,40268,40268,15552,2381,40000,29579,2381,0
28747,HOYNE SAVINGS BANK,20251231,SI,1,489987,49725,135022,269336,357250,0,6456,0,367159,122828,122828,27617,3453,6456,35904,3453,0
28765,KEARNY BANK,20251231,SI,1,7605829,133460,1113197,5717221,5736456,0,1116583,0,6891185,714644,714644,473554,38146,1116583,641951,38146,0
28769,FIRST FSB OF ANGOLA,20251231,SB,1,137671,12593,15504,106040,104698,0,0,0,105010,32661,32661,1452,312,0,3534,312,0
28778,SOMERSET REGAL BANK,20251231,NM,1,1142696,81842,140838,835368,895373,0,50000,0,957663,185033,185033,50772,12290,50000,84648,12290,0
28780,ARUNDEL FEDERAL SAVINGS BANK,20251231,SB,1,445221,31607,37166,364891,339131,0,36500,0,380118,65103,65103,6703,4487,36500,11557,4487,0
28788,STURDY SAVINGS BANK,20251231,SI,1,1123275,48997,375713,622160,1011275,0,365,0,1031518,91757,91757,49146,19878,365,76405,19878,0
28790,SUPERIOR SAVINGS BANK,20251231,SI,1,93802,11774,0,79339,77125,0,0,0,77398,16404,16404,988,273,0,2689,273,0
28793,SHARON BANK,20251231,SI,1,159702,3004,9819,132822,133897,0,6500,0,143546,16156,16156,9651,3149,6500,14057,3149,0
28805,SUNNYSIDE FS&LA OF IRVINGTON,20251231,SB,1,87422,10931,24092,42788,76668,0,0,0,76902,10520,10520,3690,234,0,9611,234,0
28808,BANKFINANCIAL NATIONAL ASSN,20251231,N,1,1403478,506370,138338,700151,1215423,0,10000,0,1236459,167019,167019,34098,11036,10000,58619,11036,0
28812,ARMOR BANK,20251231,SM,1,481563,7847,56541,362568,438077,0,0,0,439759,41804,41804,14435,1682,0,54607,1682,0
28818,CREST SAVINGS BANK,20251231,SI,1,588900,71462,50469,442505,514497,0,19532,0,539069,49831,49831,16003,5040,19532,24464,5040,0
28834,COLUMBIA BANK,20251231,SB,1,11018560,340695,1524722,8224808,8526735,0,1209090,0,9915908,1102652,1102652,709360,180083,1209090,928335,180083,0
28836,UNITED SAVINGS BANK,20251231,SI,1,448273,128693,112763,165747,325980,21710,0,0,366199,82074,82074,36621,18509,21710,41070,18509,0
28837,BRATTLEBORO S&LA,20251231,SM,1,285569,23277,33175,213050,252132,0,1146,0,256518,29051,29051,6689,3240,1146,16067,3240,0
28841,COMMUNITY SAVINGS BANK,20251231,SI,1,409469,18800,142685,226032,360558,0,0,0,361504,47965,47965,15312,946,0,21952,946,0
28845,FIRST FSB OF TWIN FALLS,20251231,SB,1,1437160,38907,272569,1056153,1233232,0,60000,0,1307428,129732,129732,40155,14196,60000,69531,14196,0
28859,FIRST PIEDMONT FS&LA GAFFNEY,20251231,SB,1,581010,68337,347,498227,408893,0,0,0,413734,167276,167276,5586,4841,0,14099,4841,0
28860,CENTURY SAVINGS&LOAN ASSN,20251231,SL,1,75664,2565,29335,39682,62069,0,2500,0,64857,10807,10807,1930,288,2500,4082,288,0
28865,MIDCOUNTRY BANK,20251231,SB,1,1042613,52585,218936,702724,842608,0,55500,0,909811,132802,132802,35026,11703,55500,68368,11703,0
28868,BROADSTREET BANK SSB,20251231,SI,1,428509,9370,78175,303205,331615,0,45669,0,379844,48665,48665,13667,2560,45669,37759,2560,0
28870,WALLKILL VALLEY FS&LA,20251231,SB,1,464860,9101,75198,334637,396208,0,18000,0,419530,45330,45330,21480,5322,18000,45924,5322,0
28894,SECURITY FSB,20251231,SB,1,458092,22957,28167,375455,393672,0,17500,0,417629,40463,40463,17149,6457,17500,31513,6457,0
28905,FIRST FINANCIAL BANK,20251231,SM,1,1896697,71491,101386,1592319,1600921,325,49000,0,1675125,221572,221572,85518,24879,49325,131501,24879,0
28908,IRON WORKERS SAVINGS BANK,20251231,SI,1,211724,11040,25475,165220,183361,0,8089,0,194986,16738,16738,7446,3536,8089,9989,3536,0
28914,EVERGREEN FEDERAL BANK,20251231,SB,1,617248,42966,49536,477395,535055,0,200,0,537957,79291,79291,25196,2702,200,47351,2702,0
28924,FIRST FEDERAL SAVINGS BANK,20251231,SB,1,422705,37906,76192,283889,327131,0,47437,0,378198,44507,44507,19558,3630,47437,24718,3630,0
28925,SECURITY SAVINGS BANK,20251231,SI,1,247592,17564,64331,151357,219609,0,463,0,221246,26346,26346,13543,1174,463,14340,1174,0
28930,VERIMORE BANK,20251231,SM,1,638980,58879,37691,483508,546912,0,19500,0,569693,69287,69287,14207,3281,19500,58902,3281,0
28942,CARTHAGE S&L NA,20251231,N,1,304264,12569,24797,231591,251174,0,3923,0,258649,45615,45615,32463,3552,3923,35307,3552,0
28949,AMORY FIRST S&L BANK SSB,20251231,SM,1,75512,5232,8547,59984,65504,0,0,0,65621,9891,9891,1160,117,0,1749,117,0
28983,LADYSMITH FS&LA,20251231,SB,1,93961,6325,12453,72074,71364,2161,12800,0,86585,7376,7376,2229,260,14961,3109,260,0
28989,WCF FINANCIAL BANK,20251231,NM,1,227490,4884,25467,172330,172229,0,35495,0,209918,17572,17572,9481,2194,35495,24809,2194,0
29005,FIRST FS&LA,20251231,SB,1,22379,2872,3987,13877,16631,0,0,0,17371,5008,5008,1601,740,0,1643,740,0
29009,LIBERTY BANK FOR SAVINGS,20251231,SI,1,856258,3566,271559,551977,644622,0,0,0,653424,202834,202834,16648,8802,0,29156,8802,0
29011,MECHANICS BANK,20251231,NM,1,872515,44001,83679,702788,766142,0,33000,0,803581,68934,68934,20054,4439,33000,42047,4439,0
29012,HERITAGE BANK,20251231,NM,1,6962943,233089,1281629,4730682,5927199,0,20000,0,6029791,933152,933152,219537,82592,20000,717543,82592,0
29024,BEDFORD FEDERAL SAVINGS BANK,20251231,SI,1,285643,32022,6152,229004,246645,0,10000,0,258002,27641,27641,12606,1357,10000,18465,1357,0
29035,HANCOCK COUNTY SB FSB,20251231,SB,1,482443,24935,21050,427031,377866,0,13000,0,392247,90196,90196,6295,1381,13000,9427,1381,0
29047,FIRST FEDERAL BANK OF KS CTY,20251231,SI,1,975927,19918,129586,738848,664673,0,193743,0,871582,104345,104345,69018,13166,193743,87575,13166,0
29056,FIRST FEDERAL SAVINGS BANK,20251231,NM,1,605018,18357,90687,449184,487566,0,60000,0,551337,53681,53681,25961,3771,60000,46790,3771,0
29059,TUCUMCARI FS&LA,20251231,SB,1,36874,5390,3542,26232,26807,0,4044,0,31083,5791,5791,1515,232,4044,1710,232,0
29061,TARBORO SAVINGS BANK SSB,20251231,SI,1,55087,7997,0,41102,48709,0,0,0,48779,6308,6308,2575,70,0,5988,70,0
29066,DEL NORTE BANK,20251231,SL,1,150741,5321,9994,122595,121179,0,10890,0,136238,14503,14503,7417,4169,10890,12831,4169,0
29087,SOUTHWEST HERITAGE BANK,20251231,SL,1,893884,33702,106364,702758,762797,0,0,0,775490,118394,118394,33232,12693,0,51060,12693,0
29089,NEWPORT FEDERAL BANK,20251231,SB,1,274828,12586,125336,125898,247940,0,0,0,251384,23444,23444,9038,3444,0,11008,3444,0
29090,FIRST FS&LA,20251231,SB,1,295454,22994,43719,212532,254756,0,0,0,256422,39032,39032,10664,1666,0,16209,1666,0
29093,INVESTORS COMMUNITY BANK,20251231,SM,1,113696,14221,38739,53657,102638,0,0,0,102860,10836,10836,3276,222,0,7079,222,0
29120,PYRAMAX BANK FSB,20251231,SB,1,597830,16873,101375,439989,404813,0,116355,0,533041,64789,64789,29346,11873,116355,39593,11873,0
29121,UNION SAVINGS BANK,20251231,SI,1,180555,8495,48246,114308,164492,0,0,0,166400,14155,14155,2394,1908,0,9506,1908,0
29135,FIRST FS&LA OF VAN WERT,20251231,SB,1,191295,10845,35084,128211,164065,0,0,0,166752,24543,24543,9847,2687,0,17155,2687,0
29140,AMERICAN FEDERAL BANK,20251231,SB,1,782859,14298,72132,664302,632468,0,79015,0,715674,67185,67185,18888,4191,79015,32127,4191,0
29143,ARLO BANK,20251231,NM,1,199336,8330,5988,146117,158293,0,2635,0,161720,37616,37616,7571,792,2635,38901,792,0
29147,NORTHEAST COMMUNITY BANK,20251231,SI,1,2058821,79153,44885,1852503,1623022,0,75963,0,1718393,340428,340428,49833,19408,75963,82280,19408,0
29164,FIRST FS&LA OF VALDOSTA,20251231,SB,1,271927,14882,1864,237545,195534,0,38000,0,239224,32703,32703,15230,5690,38000,17636,5690,0
29170,UNITED ROOSEVELT SB,20251231,SI,1,367874,8391,38623,300438,292351,0,46797,0,341802,26072,26072,17614,2654,46797,20422,2654,0
29173,NEW CARLISLE FSB,20251231,SB,1,314166,9683,16030,273085,248238,0,37385,0,288215,25951,25951,7291,2592,37385,15368,2592,0
29177,BANKTENNESSEE,20251231,SM,1,615914,44571,27035,498946,535207,0,15342,0,556104,59810,59810,19716,5555,15342,45362,5555,0
29186,LAWRENCEBURG FEDERAL BANK,20251231,SI,1,94124,10554,0,80020,74136,0,0,0,76287,17837,17837,2549,2151,0,3550,2151,0
29188,FOX VALLEY SAVINGS BANK,20251231,SI,1,388373,9579,99496,247714,309010,0,22165,0,334455,53918,53918,25397,3280,22165,31584,3280,0
29206,GRAHAM SAVINGS&LOAN SSB,20251231,SI,1,157105,20943,26459,106469,132517,0,7000,0,139837,17268,17268,2474,320,7000,3234,320,0
29208,DALHART FS&LA SSB,20251231,SI,1,128836,14802,26026,80801,95791,0,19057,0,116312,12524,12524,6145,1464,19057,7207,1464,0
29209,NEXBANK,20251231,NM,1,13937262,978095,2351625,9448436,10798449,0,1850000,0,12729386,1207876,1207876,674728,80937,1850000,1159106,80937,0
29227,WASHINGTON SAVINGS BANK,20251231,SI,1,586243,32101,174225,340208,501677,451,11000,0,520058,66185,66185,22711,6930,11451,39709,6930,0
29231,COUNTY SAVINGS BANK,20251231,SB,1,89061,14599,17096,54035,81097,0,0,0,81888,7173,7173,2104,791,0,3331,791,0
29238,WOODRUFF FS&LA,20251231,SB,1,98041,12336,13299,64457,63211,0,0,0,64492,33549,33549,7224,1281,0,7949,1281,0
29241,HENDERSON FSB,20251231,SB,1,116908,22852,11901,80421,86459,0,0,0,87019,29889,29889,1147,560,0,1734,560,0
29268,EUREKA HOMESTEAD,20251231,SB,1,91602,6001,2370,77180,65013,0,7500,0,72983,18619,18619,5533,470,7500,6051,470,0
29293,CUMBERLAND FEDERAL BANK FSB,20251231,SB,1,328797,3986,147109,171425,272923,0,24000,0,298082,30715,30715,4299,1159,24000,6277,1159,0
29294,PREVAIL BANK,20251231,SB,1,979247,12053,162416,721256,748154,1083,90750,0,844801,134446,134446,50789,4814,91833,83522,4814,0
29332,FIRST SOUTHERN BANK,20251231,NM,1,732162,150357,63687,498514,621197,0,40000,0,663666,68496,68496,11964,2469,40000,19604,2469,0
29345,FIRST FS&LA,20251231,SB,1,242165,20952,99983,107398,203110,0,0,0,204077,38088,38088,9784,967,0,13832,967,0
29357,FAMILY BANK,20251231,SB,1,155405,15354,347,133562,132791,0,79,0,133748,21657,21657,4682,878,79,6142,878,0
29379,SIDNEY FS&LA,20251231,SB,1,50817,1760,16842,8699,42941,0,0,0,43224,7593,7593,588,283,0,23516,283,0
29384,PERU FEDERAL SAVINGS BANK,20251231,SB,1,207356,20999,68031,108754,172099,0,0,0,175243,32113,32113,7372,3144,0,9572,3144,0
29399,GN BANK,20251231,SB,1,63692,8017,25925,26874,54113,0,0,0,54256,9436,9436,660,143,0,2876,143,0
29426,WORTHINGTON FSB FSB,20251231,SB,1,132936,13679,14940,88360,107859,0,4550,0,113476,19460,19460,6007,1067,4550,15957,1067,0
29430,COMPASS SAVINGS BANK,20251231,SI,1,55528,2482,1230,50705,49022,0,2500,0,51524,4004,4004,879,2,2500,1111,2,0
29449,NORTH SIDE FS&LA OF CHICAGO,20251231,SB,1,42800,3700,5138,31850,34575,0,4450,0,39203,3597,3597,1342,178,4450,2112,178,0
29471,ARMSTRONG COUNTY BLDG&LA,20251231,SI,1,95470,2312,26712,64096,83202,0,0,0,83647,11823,11823,2284,445,0,2350,445,0
29476,HOME FS&LA OF GRAND ISLAND,20251231,SB,1,535704,28108,59073,424668,456604,0,2969,0,466069,69635,69635,10345,6496,2969,23855,6496,0
29486,KINGSTREE FS&LA,20251231,SB,1,37451,1462,6065,25072,31930,0,0,0,32137,5314,5314,2403,207,0,4852,207,0
29488,FIRST FS&LA OF LAKEWOOD,20251231,SB,1,2909587,192088,157887,2385788,2176159,0,480000,0,2685530,224057,224057,133489,29371,480000,173824,29371,0
29490,FIRST FS&LA OF RAVENSWOOD,20251231,SB,1,26991,6265,2,20178,24203,0,0,0,24263,2728,2728,160,60,0,546,60,0
29495,GREENWAY BANK,20251231,SB,1,384837,8003,162329,199569,320096,0,28000,0,351354,33483,33483,10562,3258,28000,14936,3258,0
29496,SENECA SB NA,20251231,N,1,312206,5328,49364,226234,245320,0,36987,0,284820,27386,27386,17250,2513,36987,31280,2513,0
29510,AFFINITY BANK NATIONAL ASSN,20251231,N,1,881423,18094,38759,733764,703315,0,57958,0,768665,112758,112758,33534,7392,57958,90806,7392,0
29517,PIONEER FS&LA,20251231,SL,1,119958,7140,12530,89786,92898,0,8000,0,101484,18474,18474,5637,586,8000,10502,586,0
29520,WASHINGTON FINANCIAL BANK,20251231,SI,1,1473936,29743,288076,1072173,1262909,0,0,0,1274106,199830,199830,68838,11197,0,83944,11197,0
29521,FIDELITY FS&LA OF DELAWARE,20251231,SB,1,131018,1782,42066,77789,97466,0,14500,0,112137,18881,18881,3221,171,14500,9381,171,0
29523,PEOPLES BANK,20251231,NM,1,2020532,119642,316227,1433977,1727494,39152,45551,0,1846947,173585,173490,81339,34750,84703,150686,34750,0
29535,DEWITT SAVINGS BANK,20251231,SI,1,174240,7456,71037,87162,148455,0,10000,0,159494,14746,14746,7489,1039,10000,8585,1039,0
29537,FIRST FEDERAL BANK&TRUST,20251231,SB,1,610742,15736,59914,489045,542931,0,0,0,546121,64621,64621,27696,3190,0,46047,3190,0
29546,GREAT SOUTHERN BANK,20251231,NM,1,5603078,194275,703031,4363691,4544883,48467,330014,0,4992805,610273,610219,193660,69441,378481,342081,69441,0
29548,PINNACLE BANK,20251231,NM,1,363568,23576,176921,130849,334738,0,4982,0,341801,21767,21767,23133,2081,4982,32222,2081,0
29566,UNITED FIDELITY BANK FSB,20251231,SB,1,6295144,223731,1312520,3434274,5419610,0,51020,31795,5646374,648770,648770,254087,143949,82815,1324619,143949,0
29571,HOME S&L KENTON OH DBA HSLC,20251231,NM,1,240440,13209,19903,192033,188346,0,9129,0,199196,41244,41244,11488,1721,9129,15295,1721,0
29577,HERITAGE BANK OF ST TAMMANY,20251231,SL,1,179087,11151,11665,144522,148858,0,9500,0,159471,19616,19616,4570,1113,9500,11749,1113,0
29578,MONROE FS&LA,20251231,SB,1,148185,1997,22305,111351,130944,0,4996,0,137183,11002,11002,7182,1243,4996,12532,1243,0
29582,PEE DEE FEDERAL SAVINGS BANK,20251231,SB,1,37683,5694,18138,13394,30184,0,0,0,30184,7499,7499,155,0,0,457,0,0
29613,ROSEDALE BANK,20251231,SL,1,1320116,107626,184910,948765,1058410,0,0,0,1066391,253725,253725,31087,7981,0,78815,7981,0
29617,FIRST MUTUAL BANK FSB,20251231,SB,1,112463,9544,23849,68791,91188,0,10000,0,101751,10712,10712,4527,563,10000,10279,563,0
29624,FIRST FS&LA OF MCMINNVILLE,20251231,SL,1,669416,70925,159416,402859,570654,0,19645,0,596219,73197,73197,16907,5920,19645,36216,5920,0
29627,SECOND FS&LA OF PHILADELPHIA,20251231,SB,1,43948,3755,4105,34981,24690,0,11850,0,36829,7119,7119,1061,289,11850,1107,289,0
29632,WINDSOR FEDERAL BANK,20251231,SL,1,874750,12157,124994,685216,707298,4645,72950,0,795405,79345,79345,33366,10512,77595,52383,10512,0
29636,FIRST FS&LA OF BATH,20251231,SB,1,186457,8822,14145,146687,139735,0,16000,0,158092,28365,28365,11799,2357,16000,16803,2357,0
29637,BIG HORN FSB,20251231,SB,1,392170,23967,171865,172823,324676,11219,6167,0,349282,42888,42888,14273,7220,17386,23515,7220,0
29645,FIRST FS&LA OF CNTL IL S B,20251231,SI,1,225118,15673,34664,161665,188155,0,11383,0,200232,24886,24886,2861,694,11383,13116,694,0
29657,GREAT MIDWEST BANK SSB,20251231,SI,1,1034904,6698,61721,919197,609214,0,252641,0,869229,165675,165675,42404,7374,252641,47288,7374,0
29672,CFSBANK,20251231,SI,1,745663,11533,215783,466227,637146,0,30000,0,670285,75378,75378,34659,3139,30000,52120,3139,0
29675,IROQUOIS FS&LA,20251231,SB,1,830382,9041,184755,592281,654893,16985,68051,0,748732,81650,81650,32869,8803,85036,44305,8803,0
29676,PAPER CITY SAVINGS BANK SA,20251231,SL,1,213314,8365,8319,187615,172622,0,7000,0,180771,32543,32543,2520,1149,7000,9015,1149,0
29677,NASHVILLE SAVINGS BANK,20251231,SI,1,104179,3192,23696,67371,90669,0,0,0,91006,13173,13173,829,337,0,9920,337,0
29679,ANTHEM BANK&TRUST,20251231,SB,1,202822,3446,48653,123688,171447,0,8000,0,181274,21548,21548,5658,1827,8000,27035,1827,0
29683,HOME FEDERAL BANK OF TN,20251231,SB,1,2730135,86914,1179657,1394468,2162549,83747,0,0,2275046,455089,455089,32592,28750,83747,69096,28750,0
29685,MARTINSVILLE FIRST SB,20251231,SB,1,32439,8935,2873,18837,25176,0,0,0,25291,7148,7148,321,115,0,1794,115,0
29690,FIRST FEDERAL SAVINGS BANK,20251231,NM,1,559044,8550,93803,425358,457916,0,44400,0,506266,52778,52778,21472,3950,44400,31333,3950,0
29691,KEYSAVINGS BANK,20251231,SI,1,127847,4329,40811,76896,96629,0,19362,0,117883,9964,9964,4578,1892,19362,5811,1892,0
29692,LINCOLN FSB OF NEBRASKA,20251231,SB,1,387752,1863,63962,301396,322043,0,21800,0,347862,39890,39848,6869,4019,21800,20531,4019,0
29695,HOME LOAN SAVINGS BANK,20251231,SL,1,376010,9768,12273,338937,307370,0,21771,0,332688,43322,43322,11908,3547,21771,15032,3547,0
29696,BUFFALO FEDERAL BANK,20251231,SM,1,208181,4549,23791,142754,177538,0,11000,0,190969,17212,17212,8541,2431,11000,37087,2431,0
29700,CENTURY NEXT BANK,20251231,SB,1,876512,48298,142109,644907,760937,0,199,0,769613,106899,106899,25781,8477,199,41198,8477,0
29705,FIRST FED CMTY BK OF BUCYRUS,20251231,SL,1,350930,18050,21490,290061,278727,0,43292,0,323856,27074,27074,14136,1837,43292,21329,1837,0
29708,NORTH AMERICAN SB FSB,20251231,SB,1,2966175,81989,490609,2150650,1895946,0,628890,0,2540542,425633,425633,55464,15706,628890,242927,15706,0
29710,FIRST FSB OF WASHINGTON,20251231,SI,1,95149,6083,6527,72056,76185,0,9000,0,85453,9696,9696,3115,268,9000,10483,268,0
29731,SOUTHERN BANK CO,20251231,NM,1,129587,27088,40896,57957,103284,0,0,0,112377,17210,17210,2578,9093,0,3646,9093,0
29743,AROOSTOOK COUNTY FS&LA,20251231,SL,1,203885,10635,42479,147311,178467,0,4521,0,183541,20344,20344,1983,553,4521,3460,553,0
29744,FIRST SEACOAST BANK,20251231,SB,1,599500,13414,152406,416276,488579,0,52308,0,552438,47062,47062,11022,11551,52308,17404,11551,0
29745,MARATHON BANK,20251231,SI,1,247632,12909,4526,211580,185728,0,21056,0,210510,37122,37122,12307,3726,21056,18617,3726,0
29749,SOUTHERN HILLS CMTY BANK,20251231,SB,1,205030,8482,63660,108195,175074,0,0,0,177155,27875,27875,6181,2081,0,24693,2081,0
29771,KS BANK INC,20251231,SI,1,821598,35503,95158,664205,750080,0,0,0,755782,65816,65816,12407,5702,0,26732,5702,0
29772,VIDALIA FEDERAL SAVINGS BANK,20251231,SB,1,218786,17339,91782,95391,166234,0,25000,0,192779,26007,26007,13259,1545,25000,14274,1545,0
29774,CARROLLTON FEDERAL BANK,20251231,SB,1,40520,2759,9253,26281,34185,0,0,0,34388,6132,6132,1540,203,0,2227,203,0
29782,FIRST FEDERAL BANK,20251231,SI,1,1072130,172627,246165,607798,943529,0,7554,0,958649,113481,113481,28582,7566,7554,45540,7566,0
29783,HIGH COUNTRY BANK,20251231,SM,1,532976,11927,57137,444015,437306,0,43600,0,485139,47837,47837,13644,4233,43600,19897,4233,0
29787,FIRST FEDERAL CMTY BANK NA,20251231,N,1,890207,74834,63441,706135,785442,0,20000,0,810160,80047,80047,25514,4718,20000,45797,4718,0
29800,LISLE SAVINGS BANK,20251231,SI,1,544915,23027,178120,285267,386094,0,20000,0,411606,133309,133309,45333,5512,20000,58501,5512,0
29804,CATALYST BANK,20251231,SB,1,279648,25205,62497,167843,190713,0,14732,0,206622,73026,73026,18219,1177,14732,24103,1177,0
29809,FIRST SB OF HEGEWISCH,20251231,SI,1,794422,74458,338702,358953,674419,0,0,0,676926,117496,117496,9262,2507,0,22309,2507,0
29813,PEOPLES SAVINGS&LOAN CO,20251231,NM,1,156418,12685,61060,71087,125834,0,0,0,126100,30318,30318,6623,266,0,11586,266,0
29835,MILFORD FEDERAL BANK,20251231,SB,1,541205,25094,22960,464024,432783,0,47927,0,482321,58884,58884,16884,1611,47927,29127,1611,0
29838,FIRST FS&LA OF LORAIN,20251231,SB,1,573099,24642,69172,446987,506202,0,10000,0,520086,53013,53013,29156,3884,10000,32298,3884,0
29839,CROSSROADS BANK,20251231,NM,1,586674,13008,105127,435967,517216,0,14900,0,536619,50055,50055,22971,4503,14900,32572,4503,0
29842,COMMONWEALTH COOP BANK,20251231,SM,1,205345,12124,44407,132530,135017,0,36000,0,177312,28033,28033,9268,6295,36000,16284,6295,0
29846,EATON COMMUNITY BANK,20251231,SB,1,523765,21734,140390,319559,442021,0,15000,0,459366,64399,64399,27570,2345,15000,42082,2345,0
29847,MAIN STREET BANK CORP,20251231,NM,1,1494856,61626,155603,1209489,1335942,7381,0,0,1351852,143004,143004,43216,8529,7381,68138,8529,0
29857,LIBERTY SAVINGS ASSN FSA,20251231,SB,1,27870,4289,13214,10099,21007,0,0,0,21051,6819,6819,172,44,0,268,44,0
29858,SSB COMMUNITY BANK,20251231,NM,1,282545,22862,0,247499,260060,0,0,0,262143,20402,20402,4343,2083,0,12184,2083,0
29874,DEARBORN FSB,20251231,SB,1,288514,21342,57926,199880,183206,0,26000,0,211377,77137,77137,4303,2171,26000,9366,2171,0
29878,AMERICAN CMTY BANK OF IN,20251231,NM,1,380875,31560,27059,303194,342994,0,0,0,346984,33891,33891,8357,3990,0,19062,3990,0
29881,HOME BANK SB,20251231,SB,1,433469,31833,109755,255242,360851,0,30000,0,395350,38119,38119,22268,4499,30000,36639,4499,0
29904,ELIZABETHTON FSB,20251231,SB,1,318795,21781,106801,172789,182524,0,0,0,183419,135376,135376,2633,895,0,17424,895,0
29907,LOGANSPORT SAVINGS BANK,20251231,NM,1,265372,7536,53514,180863,226394,0,15000,0,242442,22930,22930,12989,1048,15000,23459,1048,0
29910,SCOTTSBURG BLDG&LA,20251231,SL,1,76457,1724,20171,46846,61306,0,1100,0,63080,13377,13377,7012,674,1100,7716,674,0
29922,RIVERVIEW BANK,20251231,NM,1,1509890,28641,301585,1069885,1239095,0,62541,0,1325408,184482,184482,56229,23772,62541,109779,23772,0
29933,UNION SAVINGS&LOAN ASSN,20251231,SB,1,257648,11639,17843,215751,230948,0,0,0,232171,25477,25477,6725,1223,0,12415,1223,0
29937,FIRST FSB OF KENTUCKY,20251231,SB,1,289077,14006,8858,251945,214002,0,43448,0,258992,30085,30085,8224,1542,43448,14268,1542,0
29941,BOGOTA SAVINGS BANK,20251231,SI,1,902534,35598,158065,648103,658814,0,98112,0,772236,130298,130298,56261,15310,98112,60768,15310,0
29950,SANTANDER BANK N A,20251231,N,1,104148024,15580022,20531452,53028860,82137678,234940,4466995,0,89977222,14170802,14170802,11010642,2576937,4701935,15007690,3137609,0
29961,FIRST SAVINGS BANK,20251231,SM,1,2394540,30898,254644,1930983,1702359,0,439757,0,2165779,228761,228761,121242,23663,439757,178015,23663,0
29966,EQUITABLE SAVINGS&LOAN CO,20251231,NM,1,8941,1788,209,6715,6602,0,0,0,6645,2296,2296,96,43,0,229,43,0
29975,PEOPLES SAVINGS BANK,20251231,SL,1,180218,12189,8442,155861,162013,0,2022,0,165093,15125,15125,2537,1058,2022,3726,1058,0
29980,MIDLAND FS&LA,20251231,SL,1,116677,11461,55763,46514,105242,0,0,0,105804,10873,10873,1151,562,0,2939,562,0
29988,MUTUAL SAVINGS ASSN,20251231,SL,1,402685,4897,90034,274024,252019,0,58500,0,313369,89316,89316,28639,2850,58500,33730,2850,0
29995,PHOENIXVILLE FEDERAL B&T,20251231,SI,1,641207,42703,65799,494450,545393,0,18000,0,566615,74592,74592,25488,3222,18000,38255,3222,0
30012,THIRD FS&LA OF CLEVELAND,20251231,SB,1,17487528,454868,450544,15756128,10540199,150000,4963543,0,15785376,1702152,1702152,744243,131634,5113543,825988,131634,0
30031,HUNTINGDON SAVINGS BANK,20251231,SI,1,17463,3105,0,13744,13417,0,0,0,13466,3997,3997,604,49,0,614,49,0
30039,HAVEN SAVINGS BANK,20251231,SI,1,1014686,41475,122079,798003,876397,895,36000,0,925341,89345,89345,41084,12049,36895,53129,12049,0
30043,BEARDSTOWN SAVINGS S B,20251231,SI,1,73023,1720,26926,41082,54081,0,11446,0,65910,7113,7113,2620,383,11446,3295,383,0
30052,BLUE FOUNDRY BANK,20251231,SI,1,2162432,53334,328243,1676140,1536354,0,320256,0,1892773,269659,269659,56155,36163,320256,104715,36163,0
30058,FIRST FS&LA OF GREENSBURG,20251231,SB,1,151384,14782,42479,84339,133582,0,0,0,133824,17560,17560,7816,242,0,9784,242,0
30065,PEOPLES CMTY BK SB MONTICELL,20251231,SL,1,43608,1844,0,40830,20890,0,9000,0,30121,13487,13487,744,231,9000,934,231,0
30067,CORNERSTONE BANK,20251231,SM,1,44636,11428,4451,26674,37427,0,0,0,38182,6454,6454,1765,755,0,2083,755,0
30072,SCHUYLER SAVINGS BANK,20251231,SI,1,147395,8324,7558,124983,114516,0,9000,0,126263,21132,21132,5597,2747,9000,6530,2747,0
30076,SPENCER SAVINGS BANK SLA,20251231,SL,1,4038203,56237,494398,3232389,3149641,0,341000,0,3570230,467973,467973,208374,79589,341000,255179,79589,0
30084,MERCER SAVINGS BANK,20251231,NM,1,174434,4126,9887,149672,149409,0,1000,0,152185,22249,22249,4795,1776,1000,10749,1776,0
30085,PRESENCE BANK,20251231,SI,1,455994,38745,18787,351595,358987,0,43274,0,413339,42655,42655,15976,11078,43274,46867,11078,0
30103,MONROE SAVINGS BANK,20251231,SI,1,114466,18388,6965,86951,88129,0,10000,0,99001,15465,15465,1428,872,10000,2162,872,0
30111,OCONEE FS&LA,20251231,SB,1,663576,9489,127521,482044,557137,0,19750,0,582269,81307,81307,33318,5382,19750,44522,5382,0
30117,RELIANCE SAVINGS BANK,20251231,SI,1,674114,50496,109640,478006,530519,31060,24379,0,596145,77969,77969,15930,10187,55439,35972,10187,0
30119,PENNCREST BANK,20251231,SI,1,238563,9477,63794,152994,199108,0,8500,0,208425,30138,30138,9580,817,8500,12298,817,0
30121,INVESTMENT SAVINGS BANK,20251231,SI,1,105995,7138,42302,45837,76548,0,6000,0,83919,22076,22076,6553,1371,6000,10718,1371,0
30128,BOONVILLE FSB,20251231,SI,1,69242,6681,9576,49643,51323,0,11424,0,63104,6138,6138,2958,357,11424,3342,357,0
30150,CITIZENS FSB,20251231,SB,1,187629,7494,34604,132904,144247,0,5000,0,150781,36848,36848,11124,1534,5000,12627,1534,0
30152,MILFORD BUILDING&LOAN ASSN,20251231,SI,1,27383,8602,4,18307,23868,0,0,0,24058,3325,3325,450,190,0,470,190,0
30154,SEWICKLEY SAVINGS BANK,20251231,SI,1,316160,15946,217527,54801,221599,0,18000,0,242894,73266,73266,26513,3295,18000,27886,3295,0
30155,HATBORO FEDERAL SAVINGS FA,20251231,SB,1,585529,23875,41581,474545,434905,0,0,0,443753,141776,141776,38043,8848,0,45528,8848,0
30167,CULLMAN SAVINGS BANK,20251231,SB,1,431245,17272,21848,358112,295182,0,47452,0,349875,81370,81370,17193,7241,47452,34013,7241,0
30176,HOME SB OF WAPAKONETA,20251231,NM,1,41443,465,4060,35995,34188,0,2000,0,36338,5105,5105,666,150,2000,923,150,0
30182,OPPORTUNITY BANK OF MONTANA,20251231,SM,1,2103648,62976,281229,1509101,1807259,105,22917,0,1858329,245319,245319,90649,28048,23022,250342,28048,0
30183,MILLVILLE SAVINGS BANK,20251231,SI,1,167455,24425,66077,69166,146842,0,0,0,147725,19730,19730,5688,883,0,7787,883,0
30219,HOMETOWN BANK,20251231,NM,1,247421,4921,34582,190601,198666,2703,24203,0,228215,19206,19206,10684,2643,26906,17317,2643,0
30220,CHESTER NATIONAL BANK,20251231,N,1,116171,38987,98,57570,109050,0,0,0,109191,6980,6980,5421,141,0,19516,141,0
30260,CROSS COUNTY SAVINGS BANK,20251231,SI,1,529925,55318,29807,400015,452247,0,0,0,463171,66754,66754,22264,10924,0,44785,10924,0
30270,CITIZENS SAVINGS BANK,20251231,SI,1,318533,10642,46220,247356,273971,0,0,0,275580,42953,42953,9771,1609,0,14315,1609,0
30291,FIRST FED BK LITTLEFIELD TX,20251231,SI,1,66056,6406,6304,49665,53918,0,0,0,54373,11683,11683,1353,455,0,3681,455,0
30303,MASPETH FS&LA,20251231,SB,1,2199882,149432,48905,1937091,1403765,0,0,0,1439283,760599,760599,25017,35518,0,64454,35518,0
30313,EAST WISCONSIN SAVINGS BANK,20251231,SI,1,270520,5773,58721,189527,217878,0,38845,0,258400,12120,12120,13763,1677,38845,16499,1677,0
30315,FIRST FSB OF LINCOLNTON,20251231,SB,1,477003,32614,77502,347778,383079,0,10000,0,396005,80998,80998,14376,2926,10000,19109,2926,0
30332,ABBEVILLE BLDG&L STATE-CHART,20251231,SI,1,66029,12168,3680,43864,45421,0,0,0,46481,19548,19548,1025,1060,0,6317,1060,0
30339,BEAUREGARD FSB,20251231,SB,1,99379,5851,13974,73897,78528,0,9000,0,87669,11710,11710,1040,141,9000,5657,141,0
30350,BANK OF BENNINGTON,20251231,SB,1,637039,15975,107164,488782,490796,0,70000,0,568568,68471,68471,20610,7772,70000,25118,7772,0
30357,STREATOR HOME SAVINGS BANK,20251231,SI,1,154768,3084,106307,39843,105243,0,4500,0,111685,43083,43083,3428,1942,4500,5534,1942,0
30358,FIRST SAVINGS&LOAN ASSN,20251231,SB,1,55539,526,11147,36886,41537,0,0,0,42234,13305,13305,2963,697,0,6980,697,0
30367,1ST BANK OF SEA ISLE CITY,20251231,SI,1,300925,15199,25001,241771,237163,0,22000,0,271401,29524,29524,14380,12238,22000,18954,12238,0
30387,FIRSTBANK PUERTO RICO,20251231,NM,1,19111594,657844,4823619,12893016,16723991,0,296744,0,17213572,1898022,1898022,473666,192837,296744,737115,192837,0
30388,GUNNISON SAVINGS&LOAN ASSN,20251231,SL,1,101955,3187,33398,57723,82857,0,5750,0,88793,13162,13162,1476,186,5750,7647,186,0
30394,CARVER FEDERAL SAVINGS BANK,20251231,SB,1,695941,45851,44476,575884,584856,0,50138,0,646143,49798,49798,21539,11149,50138,29730,11149,0
30395,TECUMSEH FEDERAL BANK,20251231,SB,1,53441,8174,15135,25910,36679,0,5039,0,42298,11143,11143,4030,580,5039,4222,580,0
30397,GEDDES FS&LA,20251231,SB,1,652429,9496,49014,571556,490058,0,62000,0,553424,99005,99005,14209,1366,62000,22363,1366,0
30401,PENN COMMUNITY BANK,20251231,SI,1,3029370,166745,602836,2093258,2420582,0,249757,0,2701383,327987,327987,132239,30776,249757,166531,31044,0
30402,FRANKLIN BANK,20251231,SI,1,334410,56705,52906,209820,302495,0,0,0,304731,29679,29679,10868,2236,0,14979,2236,0
30422,FIRST FEDERAL BANK OF WI,20251231,SB,1,275735,7932,29660,216175,209442,0,0,0,213914,61821,61821,15292,4472,0,21968,4472,0
30428,CENTURY SAVINGS BANK,20251231,SI,1,649598,36903,224233,321504,506407,0,63778,0,588691,60907,60857,53278,18506,63778,66958,18506,0
30429,MASSENA SAVINGS&LOAN,20251231,SB,1,199928,10256,0,180033,147331,0,23000,0,170657,29271,29271,7624,326,23000,9639,326,0
30431,SSB BANK,20251231,SI,1,368085,65155,5744,277917,318757,0,19000,0,339693,28392,28392,12685,1936,19000,19269,1936,0
30434,MORGANTON SAVINGS BANK SSB,20251231,SI,1,107424,23457,8055,63946,70490,0,5000,0,78923,28501,28501,8891,3433,5000,11966,3433,0
30441,FIRST FEDERAL BANK OF LA,20251231,SL,1,1136884,97324,323821,653324,975712,0,25227,0,1011931,124953,124953,39969,10992,25227,62415,10992,0
30447,RAYNE BUILDING&LOAN ASSN,20251231,SL,1,52393,5435,14422,25375,37192,0,22,0,37715,14678,14678,6064,501,22,7161,501,0
30470,MANASQUAN BANK,20251231,SI,1,3425142,322629,145901,2828377,2971364,969,109267,0,3110149,314993,314993,70461,28549,110236,128235,28549,0
30516,CROSSBRIDGE COMMUNITY BANK,20251231,SI,1,221316,14733,17976,174988,193242,0,0,0,194946,26370,26370,9044,1704,0,13619,1704,0
30530,LAKE SHORE BANK,20251231,NM,1,727591,64731,56138,555450,595739,0,5238,0,610598,116993,116993,43300,9621,5238,51272,9621,0
30544,MARQUETTE SAVINGS BANK,20251231,SI,1,1366747,19246,277395,968503,1033777,0,159000,0,1199986,166761,166761,74047,7209,159000,101603,7209,0
30551,WESTMORELAND FS&LA,20251231,SB,1,167209,22281,71353,69750,121610,0,0,0,122211,44998,44998,848,601,0,3825,601,0
30585,MAYVILLE SAVINGS BANK,20251231,SI,1,76912,5485,14696,44956,66175,0,0,0,66468,10444,10444,2531,293,0,11775,293,0
30595,F&M BANK&TRUST CO,20251231,SM,1,182112,11201,47959,116145,164622,0,0,0,165524,16588,16588,3660,902,0,6807,902,0
30619,ABBEVILLE FIRST BANK SSB,20251231,SI,1,137411,10804,33510,87393,113043,0,11675,0,125603,11808,11808,4951,885,11675,5704,885,0
30637,GREENVILLE SAVINGS BANK,20251231,SI,1,344495,12247,43889,270061,254596,0,45659,0,301625,42870,42870,15311,1370,45659,18298,1370,0
30656,NORTH COUNTY SAVINGS BANK,20251231,SI,1,63507,8778,25630,27562,58279,0,0,0,58505,5002,5002,667,226,0,1537,226,0
30680,FIRST SHORE FS&LA,20251231,SB,1,358898,31091,19210,287513,296974,0,0,0,297955,60943,60943,15922,981,0,21084,981,0
30688,PEOPLES FIRST SAVINGS BANK,20251231,NM,1,105299,8745,1458,89586,86245,0,8741,0,95385,9914,9914,3551,399,8741,5510,399,0
30692,BANKPACIFIC LTD,20251231,NM,1,178071,38055,39389,89129,154046,0,0,0,156489,21582,21582,3060,2443,0,11498,2443,0
30704,MAGYAR BANK,20251231,SI,1,1044737,34112,93141,867692,864917,0,51896,0,927325,117412,117412,35508,10512,51896,49792,10512,0
30707,EQUITABLE SAVINGS&LOAN ASSN,20251231,SL,1,170327,7247,9610,145099,129901,0,13622,0,143952,26375,26375,2481,429,13622,8371,429,0
30722,UNIVERSAL BANK,20251231,SB,1,371160,17255,64490,263358,275415,0,20000,0,304031,67129,67129,21705,8616,20000,26057,8616,0
30776,PATHWARD NATIONAL ASSN,20251231,N,1,7563929,331223,1346086,5011984,6351773,0,0,0,6672998,890931,891754,489024,321225,0,874636,321225,0
30788,GLACIER BANK,20251231,NM,1,31955659,1235261,7119181,20711663,24781560,2084113,520281,0,27755895,4199764,4199764,619262,369869,2604394,2889554,369941,0
30812,FIRST FS&LA,20251231,SB,1,379288,12970,34959,313320,247294,0,59913,35000,344068,35220,35220,11833,1861,94913,18039,1861,0
30819,COMMUNITY PARTNERS SB,20251231,SI,1,288935,12581,125051,131272,225098,8759,23213,0,259464,29471,29471,12868,2394,31972,20031,2394,0
30878,BAR HARBOR SAVINGS&LOAN ASSN,20251231,SL,1,101650,4922,4457,87321,73450,0,16000,0,89823,11827,11827,1465,373,16000,4950,373,0
30879,PROVIDENT SAVINGS BANK FSB,20251231,SB,1,1227875,54370,101023,1037654,884267,0,213060,0,1109336,118539,118539,24911,12009,213060,34828,12009,0
30889,PEOPLES SAVINGS&LOAN CO,20251231,SL,1,107554,3866,1793,96223,77483,0,20016,0,97928,9626,9626,3030,429,20016,5672,429,0
30895,FIDELITY BANK NATIONAL ASSN,20251231,N,1,3348187,130449,321109,2594971,2601114,0,403349,0,3024683,323504,323504,157227,20220,403349,301658,20220,0
30943,MID-CENTRAL NATIONAL BANK,20251231,N,1,115892,5351,13919,89026,93969,0,0,0,94955,20937,20937,1465,986,0,7596,986,0
30953,EL DORADO SAVINGS BANK FSB,20251231,SB,1,2474106,662967,1248291,503695,2135407,0,0,0,2146291,327815,327815,25328,10884,0,59153,10884,0
30969,FIRST FSB OF MASCOUTAH,20251231,SM,1,198892,11112,30732,151102,178730,0,0,0,179382,19510,19510,4355,652,0,5946,652,0
30976,GOUVERNEUR SAVINGS&LOAN ASSN,20251231,SL,1,202109,4116,42797,133133,161317,0,5478,0,170603,31506,31506,13605,3808,5478,22063,3808,0
30987,SPRATT SAVINGS BANK,20251231,SL,1,150329,15022,80651,46538,119071,0,0,0,119410,30919,30919,832,339,0,8118,339,0
30996,CENLAR FSB,20251231,SB,1,899183,41499,443622,270291,566906,0,0,0,744010,155173,155173,133903,177104,0,143771,177104,0
31028,HOMETOWN BANK,20251231,NM,1,663179,14809,157384,445381,585880,0,22559,0,612553,50626,50626,17171,4114,22559,45605,4114,0
31043,INTERSTATE BANK,20251231,NM,1,275696,51703,74272,140250,257322,0,22,0,257899,17797,17797,6299,555,22,9471,555,0
31077,FIRST FEDERAL BANK,20251231,SB,1,271878,18654,46698,195780,247472,0,5000,0,253681,18197,18197,9730,1209,5000,10746,1209,0
31083,JARRETTSVILLE FS&LA,20251231,SL,1,164764,19111,16977,111161,145100,0,0,0,145539,19225,19225,1784,439,0,17515,439,0
31089,PICKENS SAVINGS&LOAN ASSN FA,20251231,SB,1,134612,7869,36996,83246,114456,0,6225,0,121803,12809,12809,6002,1122,6225,6501,1122,0
31090,BLUE GRASS FS&LA,20251231,SB,1,57460,9114,4392,40590,39626,0,8000,0,48217,9243,9243,1506,591,8000,3364,591,0
31100,SECURITY FEDERAL BANK,20251231,NM,1,1551930,64863,721879,676182,1372707,25262,0,0,1407587,144343,144343,53555,9618,25262,89006,9618,0
31121,CECIL BANK,20251231,SM,1,218663,29265,19410,153483,187556,0,0,0,189198,29465,29465,13322,1642,0,16505,1642,0
31127,FIRST FEDERAL BANK A FSB,20251231,SB,1,173044,12853,672,142813,110507,0,43800,0,159691,13353,13353,12631,5384,43800,16706,5384,0
31146,SECURITY FSB OF MCMINNVILLE,20251231,NM,1,381445,32523,36777,299963,317136,9000,10000,0,339821,41624,41624,9001,3685,19000,12182,3685,0
31158,FIRST SOUTHERN BANK,20251231,NM,1,294776,29163,92639,154316,249819,0,13500,0,264184,30592,30592,9651,865,13500,18658,865,0
31184,CITIZENS SAVINGS BANK,20251231,SB,1,355221,9583,38479,290759,300718,0,0,0,301922,53299,53299,12442,1204,0,16400,1204,0
31189,PONCE BANK NATIONAL ASSN,20251231,N,1,3214470,126402,365178,2602646,2061697,0,607230,0,2709680,504790,504790,76914,40753,607230,120244,40753,0
31197,FIRST FS&LA,20251231,SB,1,86487,2763,2480,78395,60149,0,8000,0,68460,18027,18027,1201,311,8000,2849,311,0
31198,GREENEVILLE FEDERAL BANK FSB,20251231,SB,1,204894,22479,1342,168979,157436,0,14200,0,174477,30417,30417,8918,2841,14200,12094,2841,0
31217,LIFESTORE BANK,20251231,SM,1,497355,57686,108286,302437,439368,0,0,0,443876,53479,53479,16336,4508,0,28946,4508,0
31223,FIRST HARRISON BANK,20251231,NM,1,1269801,138183,424190,655564,1126003,0,0,0,1136215,133586,133481,30460,10212,0,51864,10212,0
31232,HIGHLAND FS&LA,20251231,SB,1,76228,30401,2540,36747,57661,0,0,0,58828,17400,17400,4729,1167,0,6540,1167,0
31236,HEARTHSIDE BANK CORP,20251231,NM,1,570574,15076,90985,432373,512887,0,122,0,517729,52845,52845,17713,4720,122,32140,4720,0
31266,JACKSON SAVINGS BANK SSB,20251231,SI,1,30543,6996,0,22799,23380,0,0,0,23449,7094,7094,541,69,0,748,69,0
31267,HOMEWOOD FSB,20251231,SB,1,66807,11093,408,54287,49575,0,0,0,49638,17169,17169,604,63,0,1019,63,0
31272,COMMUNITY BANK,20251231,SM,1,346592,3543,27109,292488,299245,0,14000,0,317332,29260,29260,9454,4087,14000,23452,4087,0
31313,FIRST FEDERAL BANK,20251231,SB,1,4310472,84183,2388884,1371058,3204540,0,531514,0,3864941,445531,445531,242800,128887,531514,466347,128887,0
31329,WEST PLAINS S&LA,20251231,SL,1,99086,13031,10133,73695,75613,0,2605,0,78400,20686,20686,777,182,2605,2227,182,0
31345,HERTFORD SAVINGS BANK SSB,20251231,SI,1,19429,4109,1680,13377,17193,0,0,0,17219,2210,2210,217,26,0,263,26,0
31361,COLONIAL SAVINGS FA,20251231,SB,1,675249,540259,6597,86317,405663,0,0,0,430514,244735,244735,35023,24851,0,42076,24851,0
31390,AXIOM BANK NATIONAL ASSN,20251231,N,1,784087,109558,157046,483849,658464,0,27000,0,694063,90024,90024,22245,8599,27000,33634,8599,0
31406,FIRST FS&LA OF SAN RAFAEL,20251231,SB,1,221074,10248,0,198014,175569,0,2000,0,179940,41134,41134,9506,2371,2000,12812,2371,0
31409,FIRST FS&LA,20251231,SB,1,40359,2845,0,36256,29625,0,0,0,29819,10540,10540,654,194,0,1258,194,0
31410,1ST FSB OF SC INC,20251231,SL,1,141788,7889,13048,115023,126041,0,2134,0,128574,13214,13214,1486,399,2134,5828,399,0
31461,HARLEYSVILLE BANK,20251231,SI,1,940390,8819,186558,703287,686757,10931,148562,0,848269,92121,92121,31011,2019,159493,41726,2019,0
31469,ORIENTAL BANK,20251231,NM,1,12384752,981759,2780533,8014246,10265021,100000,511501,0,11053028,1331724,1331724,331322,176506,611501,608214,176506,0
31479,FIRST FIDELITY BANK,20251231,NM,1,158615,7757,56469,70845,143173,0,0,0,143423,15192,15192,2544,250,0,23544,250,0
31485,EQUITABLE BANK,20251231,SM,1,515536,10153,36975,443128,450273,0,8551,0,462386,53150,53150,13579,3562,8551,25280,3562,0
31488,PROGRESSIVE OZARK BANK,20251231,SM,1,189337,13799,10566,156172,169724,0,0,0,171617,17720,17720,3360,1893,0,8800,1893,0
31516,FIRST FEDERAL SAVINGS BANK,20251231,SB,1,673135,23558,18082,576674,535378,0,75000,0,613076,60059,60059,32493,2698,75000,54821,2698,0
31539,WILMINGTON SAVINGS BANK,20251231,NM,1,266829,23359,33138,199547,227583,0,0,0,228896,37933,37933,9778,1313,0,10785,1313,0
31545,CENTRAL BANK,20251231,NM,1,153062,12234,29389,103074,134377,0,6,0,136099,16963,16963,5612,1716,6,8365,1716,0
31628,EAST WEST BANK,20251231,SM,1,79661753,3559040,16109304,56089375,67208343,0,3003325,0,71510688,8151065,8151065,1876320,1299020,3003325,3904034,1299020,0
31694,VOLUNTEER FSB,20251231,SI,1,387496,38470,84012,246576,344732,0,786,0,348058,39438,39438,12987,2540,786,18438,2540,0
31711,RIVERBANK,20251231,NM,1,161941,3881,13971,123960,139058,0,3000,0,142949,18992,18992,6523,891,3000,20129,891,0
31723,HOME SAVINGS BANK FSB,20251231,SB,1,26685,4762,10,21067,19154,0,4145,0,23604,3081,3081,588,305,4145,846,305,0
31762,GREATER STATE BANK,20251231,NM,1,177118,28340,6003,133031,156799,0,0,0,158591,18527,18527,1346,1792,0,9744,1792,0
31774,HOME FS&LA,20251231,SL,1,40350,6477,600,30977,33666,0,0,0,34695,5655,5655,1597,1029,0,2296,1029,0
31823,INTERAMERICAN BANK A FSB,20251231,SB,1,320479,90139,0,220777,266617,0,13889,0,282765,37714,37714,3436,2259,13889,9563,2259,0
31840,FINANCIAL FEDERAL BANK,20251231,SM,1,1096886,34286,0,1044587,873690,0,103070,0,989833,107053,107053,12028,13073,103070,18013,13073,0
31864,GRAND BANK FOR SAVINGS FSB,20251231,SB,1,277467,73474,0,189105,244717,0,0,0,247605,29862,29862,5495,2888,0,14888,2888,0
31900,CBL STATE SAVINGS BANK,20251231,SI,1,188014,16140,41304,115680,122492,0,30000,0,158920,29094,29094,12066,6428,30000,14890,6428,0
31905,CYPRESS BANK SSB,20251231,SI,1,226918,8713,68858,136342,184191,0,14325,0,201170,25748,25748,7715,2654,14325,13005,2654,0
31928,FIRST SENTINEL BANK,20251231,SM,1,403830,54821,1445,330620,352941,0,10000,0,364470,39360,39360,10617,1529,10000,16944,1529,0
31936,FAYETTE SAVINGS BANK SSB,20251231,SI,1,495999,51075,32489,398084,445999,0,0,0,447475,48524,48524,7816,1476,0,14351,1476,0
31945,TRUSTCO BANK,20251231,SB,1,6440470,730475,314703,5200255,5557429,287257,0,0,5916174,524296,524296,118744,71488,287257,195037,71488,0
31972,FIRST WESTERN FSB,20251231,SB,1,66730,9463,1,56059,44317,0,11000,0,55819,10911,10911,923,502,11000,1207,502,0
31994,SLOVENIAN S&LA FRANKLIN-CONE,20251231,SB,1,178940,8880,44753,117868,164196,0,1600,0,166903,12037,12037,6513,1107,1600,7439,1107,0
31999,MADISON COUNTY BANK,20251231,SM,1,626368,6410,113699,466564,457060,0,72600,0,535746,90622,90622,29086,6086,72600,39695,6086,0
32018,ANGELINA SAVINGS BANK SSB,20251231,SI,1,85899,39468,0,45102,76170,0,0,0,76554,9345,9345,613,384,0,1329,384,0
32025,UNITED BANK,20251231,SM,1,297849,24110,9918,252371,263334,0,215,0,266692,31157,31157,3922,3143,215,11450,3143,0
32082,VIKING BANK NATIONAL ASSN,20251231,N,1,307212,23201,16853,243635,261490,0,6199,0,270608,36604,36604,7384,2919,6199,23523,2919,0
32084,GRAND SAVINGS BANK,20251231,NM,1,1013686,76813,89539,814180,890685,0,0,0,896983,116703,116703,10794,6298,0,33154,6298,0
32135,SHELBY SAVINGS BANK SSB,20251231,SI,1,454036,78895,36444,314848,359565,0,43259,0,405024,49012,49012,14073,2200,43259,23849,2200,0
32188,USAA FEDERAL SAVINGS BANK,20251231,SB,1,107989000,11511000,50027000,43145000,93391000,0,7426000,0,102729000,5260000,5260000,3274000,1912000,7426000,3306000,1912000,0
32203,SUMMIT STATE BANK,20251231,NM,1,1004586,65524,66375,831793,891111,0,1519,5949,903415,101171,101171,29559,4836,7468,40894,4836,0
32242,LIBERTY SAVINGS BANK FSB,20251231,SB,1,1107903,43395,254607,784661,983933,0,35000,0,1024883,83020,83020,15794,5950,35000,25240,5950,0
32245,DOLLAR BANK FSB,20251231,SB,1,12513390,166080,2058614,9601724,10127762,47982,839420,0,11233384,1280006,1280006,490491,218220,887402,686972,218220,0
32257,ABACUS FEDERAL SAVINGS BANK,20251231,SB,1,316086,49582,0,250687,254325,0,0,0,259318,56768,56768,5472,4993,0,15817,4993,0
32277,EASTERN INTERNATIONAL BANK,20251231,NM,1,125534,19151,9254,94198,93004,0,10000,0,103973,21561,21561,2924,969,10000,2931,969,0
32282,MALAGA BANK FSB,20251231,SB,1,1434308,164973,0,1237202,938874,0,250000,0,1199309,234999,234999,15368,10435,250000,32133,10435,0
32286,COMMUNITY SAVINGS BANK,20251231,NM,1,110202,6428,5539,92555,82737,0,10633,0,94408,15794,15794,5068,1038,10633,5680,1038,0
32292,WOODSFIELD SAVINGS BANK,20251231,NM,1,115054,6085,19068,84561,104844,0,0,0,105368,9686,9686,1480,524,0,5340,524,0
32293,MIAMI SAVINGS BANK,20251231,NM,1,133530,26666,5069,93624,103125,0,109,0,104643,28887,28887,7204,1409,109,8171,1409,0
32296,UNION SAVINGS BANK,20251231,SL,1,4044411,245749,8003,3537603,3484698,0,95000,0,3634912,409499,409499,107983,55214,95000,253056,55214,0
32306,NEW FOUNDATION SAVINGS BANK,20251231,SL,1,17957,377,819,14008,14487,0,275,0,15224,2733,2733,1213,462,275,2753,462,0
32307,GALION BUILDING&LOAN BANK,20251231,NM,1,78672,6991,13663,54929,63766,0,6000,0,70116,8556,8556,1092,350,6000,3089,350,0
32348,TAYLORSVILLE SB SSB,20251231,SI,1,216374,18233,18806,164873,200122,0,0,0,201889,14485,14485,8286,1767,0,14462,1767,0
32360,EASTERN SAVINGS BANK FSB,20251231,SB,1,366521,43350,19749,278090,237490,0,17000,0,260423,106098,106098,18929,5933,17000,25332,5933,0
32363,PRESIDENTIAL BANK FSB,20251231,SB,1,1057047,176395,59457,778829,944877,0,0,0,966032,91015,91015,25903,21155,0,42366,21155,0
32441,UNITED MIDWEST SB NA,20251231,N,1,506658,116664,2845,347085,419457,0,0,0,437731,68927,68927,11276,18274,0,40064,18274,0
32459,HOMELAND FSB,20251231,SB,1,638162,36288,21542,551986,555560,0,15500,0,579572,58590,58590,10202,8512,15500,28346,8512,0
32526,AMERICAN SAVINGS BANK FSB,20251231,SB,1,8979486,399955,1857737,6030413,8180399,0,0,0,8309610,669876,669876,493014,129211,0,691381,129211,0
32527,BAYVANGUARD BANK,20251231,NM,1,903014,55702,38961,748137,689285,0,41978,0,742862,160152,160152,38295,11599,41978,60214,11599,0
32532,SOUTH GEORGIA BANK,20251231,NM,1,256134,56581,53510,137674,228101,0,0,0,233029,23105,23105,4717,4928,0,8369,4928,0
32541,FLAGSTAR BANK NATIONAL ASSN,20251231,N,1,87511954,5893441,15765561,59966654,65999563,0,11735203,448417,79367098,8144856,8144856,4551630,1182068,12183620,5886298,1183915,0
32551,LENDINGCLUB BANK NA,20251231,N,1,11472011,901246,3696626,6231766,9948426,0,0,0,10166356,1305655,1305655,419744,217930,0,642373,217930,0
32574,MONET BANK,20251231,NM,1,3548056,1518943,1344041,394152,1125418,0,1219292,0,2364340,1183716,1183716,280353,19630,1219292,290920,19630,0
32612,NATIONAL COOP BANK N A,20251231,N,1,4102536,316814,515691,3153571,3503173,0,100000,0,3651805,450731,450731,74021,48632,100000,116460,48632,0
32629,FIRST SAVINGS BANK,20251231,SB,1,1541563,81878,304354,1102469,1238304,0,0,0,1251888,289675,289675,28756,13584,0,52862,13584,0
32647,NORTHWEST BANK,20251231,NM,1,2952557,107020,303506,2390976,2594701,0,32500,0,2661020,291537,291537,86975,33819,32500,151055,33819,0
32718,HELM BANK USA,20251231,NM,1,1137676,68288,416090,632446,1021906,0,0,0,1031383,106293,106293,16598,9477,0,20852,9477,0
32773,EASTERN BANK,20251231,NM,1,30579383,315194,4425126,22775984,25666442,0,215976,0,26436157,4143226,4143226,1531882,553739,215976,3063079,553739,0
32779,BANK OF MARIN,20251231,NM,1,3904329,225303,1327812,2090765,3450939,0,709,0,3500715,403614,403614,154036,49067,709,260449,49067,0
32908,TUSTIN COMMUNITY BANK,20251231,NM,1,82168,8288,0,62287,68651,0,0,0,69219,12949,12949,794,568,0,11593,568,0
32912,WHITAKER BANK,20251231,SM,1,1900058,77083,629805,1065283,1598809,62619,6271,0,1677883,222175,222175,67586,10184,68890,127887,10184,0
32941,WESTSTAR BANK,20251231,SM,1,3148738,32756,597193,2360605,2702108,0,42000,0,2780397,368341,368341,39769,36289,42000,158184,36289,0
32968,BANK47,20251231,NM,1,83394,16137,19777,41140,74506,0,0,0,75458,7936,7936,811,952,0,6340,952,0
32974,GULF COAST BANK&TRUST CO,20251231,NM,1,3630639,244353,702684,2535346,3151890,0,113717,0,3319681,310958,310958,69394,54074,113717,148256,54074,0
32992,MORGAN STANLEY BANK NA,20251231,N,1,253348000,15806000,90056000,101315000,205145000,501000,18316000,0,227772000,25576000,25576000,3958000,3286000,18817000,46171000,3810000,0
33005,FCB BANKS,20251231,NM,1,2595483,63139,465385,1992441,2207469,169407,0,0,2384213,211270,211270,20895,7337,169407,74518,7337,0
33009,COUNTY BANK,20251231,NM,1,665500,57880,86258,483342,553364,0,0,0,573030,92470,92470,30897,19666,0,38020,19666,0
33010,FIRST PEOPLES BANK,20251231,NM,1,444580,76203,45079,301792,383048,0,5750,0,392812,51768,51768,14700,4014,5750,21506,4014,0
33013,ASIAN PACIFIC NATIONAL BANK,20251231,N,1,57377,17847,4477,30257,45794,0,0,0,46270,11107,11107,3607,476,0,4796,476,0
33026,SURETY BANK,20251231,NM,1,192590,62491,31847,88483,165839,0,4200,0,170162,22428,22428,8323,123,4200,9769,123,0
33103,GATEWAY BANK FSB,20251231,SB,1,260466,10780,27840,212608,203030,0,33000,0,238377,22089,22089,6871,2347,33000,9238,2347,0
33111,COLORADO FSB,20251231,SB,1,2723291,249136,459178,1691857,1395065,89524,955000,0,2466141,257150,257150,83157,26398,1044524,323120,26552,0
33119,HERITAGE BANK INC,20251231,NM,1,2094353,275687,436390,1257619,1932253,8547,0,0,1960149,134204,134204,76219,19349,8547,124657,19349,0
33124,GOLDMAN SACHS BANK USA,20251231,SM,1,644997000,111452000,88493000,226576000,438331000,16395000,47621000,23000,579627000,65370000,65331000,52455000,32566000,64039000,218476000,77257000,0
33131,FIRST FARMERS&MERCHANTS NB,20251231,N,1,143996,15497,15267,109923,121985,7256,0,0,130208,13788,13788,1728,967,7256,3309,967,0
33136,WOODLANDS BANK,20251231,SM,1,616118,27925,113247,433638,553629,0,10068,0,568635,47483,47483,26218,4938,10068,41308,4938,0
33183,SOUND BANKING CO,20251231,NM,1,45595,1574,0,39052,39940,0,0,0,40040,5555,5555,4045,100,0,4969,100,0
33188,SHINHAN BANK AMERICA,20251231,NM,1,1896869,67103,112164,1649584,1587388,0,0,0,1643101,253768,253768,19828,55713,0,68018,55713,0
33204,PREMIER BANK MINNESOTA,20251231,NM,1,709956,55518,69334,555928,626514,0,2500,0,632451,77505,77505,4815,3437,2500,29176,3437,0
33216,NORTHRIM BANK,20251231,NM,1,3270854,145457,447411,2473727,2827532,0,18746,0,2908641,362213,362213,46280,62363,18746,204259,62363,0
33306,CIBC BANK USA,20251231,SM,1,63978350,11202248,9245539,39264805,50773784,0,1130321,0,52802889,11175461,11175461,1343507,895996,1130321,4265758,898784,0
33380,ENTERPRISE BANK,20251231,SM,1,578551,94094,14404,458901,461004,4412,48000,0,515434,63117,63117,6461,2018,52412,11152,2018,0
33418,LEDYARD NATIONAL BANK,20251231,N,1,1059568,83141,244323,666191,882603,0,87025,0,983535,76033,76033,44705,13907,87025,65913,13907,0
33450,ARBOR BANK,20251231,NM,1,658631,17924,53959,563794,558943,0,38000,0,600143,58488,58488,10785,3200,38000,22954,3200,0
33457,OAK VALLEY COMMUNITY BANK,20251231,SM,1,2022957,203099,546956,1129607,1793192,0,0,0,1815357,207600,207600,68584,22165,0,143295,22165,0
33470,TODAYS BANK,20251231,NM,1,350587,25999,73476,232281,301075,0,17000,0,324241,26346,26346,9078,6166,17000,18831,6166,0
33492,CRESCENT BANK,20251231,NM,1,971152,62710,139686,706607,844993,0,0,0,856710,114442,114442,58489,11717,0,62149,11717,0
33497,CHARLES SCHWAB PREMIER BK SS,20251231,SM,1,27022000,3214000,19836000,3487000,25005000,0,0,0,25027000,1995000,1995000,484000,22000,0,485000,22000,0
33503,UNITY BANK,20251231,NM,1,2956346,216468,115762,2513729,2324458,0,255774,0,2611077,345269,345269,87620,30845,255774,110387,30845,0
33506,FIRST NB OF COFFEE COUNTY,20251231,N,1,518614,116772,143160,239745,465447,0,0,0,470195,48419,48419,13242,4748,0,18937,4748,0
33539,PREFERRED BANK,20251231,NM,1,7601679,807903,584935,5986242,6350066,0,200000,148706,6812202,789477,789477,109791,113430,348706,222599,113430,0
33552,BOONE BANK&TRUST CO,20251231,NM,1,160396,4144,76829,75875,141675,4800,0,0,147343,13053,13053,2923,868,4800,3548,868,0
33555,SOUTHSTATE BANK NA,20251231,N,1,67179734,3147567,8361786,48358673,55223931,618215,1190,0,57509815,9669919,9669919,2454534,1659091,619405,7311708,1666479,0
33565,DESJARDINS BANK NA,20251231,N,1,353090,57549,20471,268810,285757,0,0,0,287859,65231,65231,4614,2102,0,6260,2102,0
33568,UNITED BANK OF PHILADELPHIA,20251231,NM,1,50677,16083,4929,26782,41743,0,0,0,41871,8806,8806,652,128,0,2883,128,0
33645,LEE BANK,20251231,SI,1,601311,53527,93393,426517,510002,0,33572,0,552423,48888,48888,14306,8849,33572,27874,8849,0
33708,INTERNATIONAL BK OF CHICAGO,20251231,NM,1,965048,84199,131544,729950,847072,0,1060,0,853261,111787,111787,6677,5129,1060,19355,5129,0
33739,CITIZENS COMMUNITY BANK,20251231,NM,1,364989,53290,69114,224505,318280,0,0,0,322039,42950,42950,16160,3759,0,18080,3759,0
33753,CITIZENS COMMUNITY BANK,20251231,NM,1,532051,43044,189869,282296,442837,20453,15000,0,482896,49155,49155,14802,4606,35453,16842,4606,0
33758,STARION BANK,20251231,NM,1,2064114,240407,531226,1247292,1784439,1204,90000,0,1891635,172479,172479,23722,15992,91204,45189,15992,0
33761,VILLAGE BANK,20251231,NM,1,418381,9354,104939,288018,361129,0,26000,0,389458,28923,28923,11936,2329,26000,16070,2329,0
33785,STIFEL TRUST CO NA,20251231,N,1,924891,138421,767812,0,847138,0,0,0,856386,68505,68505,16959,9248,0,18658,9248,0
33802,TIOGA-FRANKLIN SAVINGS BANK,20251231,SI,1,70298,6295,3459,56551,67075,0,0,0,67676,2622,2622,2585,601,0,3993,601,0
33803,WHEATON B&T NA,20251231,N,1,4478347,311721,874462,3038129,3834887,0,201279,0,4070797,407550,407550,167580,29458,201279,254035,34631,0
33805,COMMUNITY BANK OF ELMHURST,20251231,SM,1,199404,10356,63302,122216,187624,0,0,0,188077,11327,11327,1242,453,0,3530,453,0
33812,AMERICAN NB FOX CITIES,20251231,N,1,419253,5349,71375,324295,350714,0,14500,0,366938,52315,52315,16202,1724,14500,18234,1724,0
33818,PRIORITY BANK,20251231,SB,1,148356,11682,23928,108239,124740,0,7164,0,132843,15513,15513,2085,939,7164,4507,939,0
33823,CAPITAL COMMUNITY BANK,20251231,NM,1,1428530,207976,50763,1083464,1192205,0,12696,0,1224161,204369,204369,53823,19260,12696,86327,19260,0
33849,HINSDALE B&T CO NA,20251231,N,1,6118157,166772,1009105,4517280,4877944,32000,478116,0,5454435,663722,663722,245069,58930,510116,425000,66375,0
33851,BANK OF MILAN,20251231,NM,1,111682,21123,30793,54679,98489,5031,0,0,104839,6843,6843,3874,1319,5031,5087,1319,0
33855,CREDIT FIRST NATIONAL ASSN,20251231,N,1,38846,36418,0,0,500,0,0,0,1429,37417,37417,2428,929,0,2428,929,0
33860,NATIONAL BANK OF INPOLIS,20251231,N,1,3094891,346218,581091,1994020,2836368,0,2803,0,2866942,227949,227949,80452,25472,2803,173562,27771,0
33867,QUAD CITY BANK&TRUST CO,20251231,SM,1,2691426,64367,320209,2004195,2302236,14300,28766,0,2387632,303794,303794,87046,42330,43066,302655,42330,0
33893,RAYMOND JAMES BANK,20251231,SM,1,43374103,2313701,4511091,35681944,39278356,0,700000,0,40208007,3166096,3166096,681236,229651,700000,867367,229651,0
33905,HERITAGE BANK OF COMMERCE,20251231,SM,1,5761171,647028,1122669,3604383,4914567,0,0,0,5027546,733625,733625,172083,112979,0,387091,112979,0
33922,FRONTIER BANK,20251231,SB,1,341879,4639,97184,230065,311391,0,6000,0,318815,23064,23064,5257,1424,6000,9991,1424,0
33926,CHARLEVOIX STATE BANK,20251231,NM,1,239636,25418,75474,128100,212847,0,0,0,215653,23983,23983,6145,2806,0,10644,2806,0
33928,PATRIOT BANK NATIONAL ASSN,20251231,N,1,1088831,186461,224677,610236,978454,0,0,0,987062,101769,101769,38129,8608,0,67457,8608,0
33935,WINTRUST BANK NATIONAL ASSN,20251231,N,1,9575716,736485,557986,7785125,8334919,0,212,0,8516297,1059419,1059419,288372,137726,212,496120,181166,0
33947,TD BANK USA NATIONAL ASSN,20251231,N,1,34631887,4922659,18119486,8795785,28737467,0,1116748,0,30768380,3863507,3863507,1558370,914165,1116748,2793957,914165,0
33959,NATBANK NATIONAL ASSN,20251231,N,1,278951,58304,4572,211017,190323,0,0,0,193584,85367,85367,2747,3261,0,5058,3261,0
34010,EVERTRUST BANK,20251231,NM,1,1107990,107859,77081,832142,834170,0,0,0,851742,256248,256248,27526,17572,0,90908,17572,0
34011,VILLAGE B&T NA,20251231,N,1,3499023,53501,610894,2646503,2869437,0,250932,0,3152957,346066,346066,134107,27903,250932,188125,32588,0
34014,TEXAS NATIONAL BANK,20251231,N,1,139733,12549,82579,36022,128685,0,0,0,129471,10262,10262,6103,786,0,8583,786,0
34020,COMMUNITY BANK,20251231,SM,1,188107,33681,9567,131194,161070,0,5500,0,167000,21107,21107,7603,430,5500,13665,430,0
34023,TNBANK,20251231,NM,1,301517,16418,45090,222535,258825,2738,9000,0,274871,26646,26646,12371,4308,11738,17474,4308,0
34038,TIME BANK,20251231,NM,1,693280,100922,76800,479401,587183,2513,5000,0,599909,93371,93371,15721,5213,7513,36157,5213,0
34040,FIRST AMERICAN STATE BANK,20251231,SM,1,288224,6626,72076,202511,205718,500,54900,0,262681,25543,25543,6209,1563,55400,7011,1563,0
34047,FIRST COMMUNITY BANK,20251231,NM,1,2057446,161100,489225,1307950,1755534,107189,0,0,1881720,175726,175726,52549,18997,107189,99171,18997,0
34052,BAY BANK,20251231,NM,1,309682,40201,133352,124146,266436,7173,2372,0,278947,30735,30735,9067,2966,9545,11983,2966,0
34058,LUSITANIA SAVINGS BANK,20251231,SI,1,403682,30692,127615,223003,340125,0,0,0,344479,59203,59203,18128,4354,0,22372,4354,0
34068,THOMASVILLE NATIONAL BANK,20251231,N,1,2086882,232598,55591,1727327,1797491,0,77421,0,1885662,201220,201220,40964,10750,77421,71366,10750,0
34069,WILMINGTON TRUST NA,20251231,N,1,772799,649326,1109,26573,5130,0,0,0,103389,669410,669410,70506,98259,0,95791,98259,0
34073,LIBERTYVILLE B&T CO NA,20251231,N,1,3135699,97138,470856,2379025,2652886,0,175000,0,2851002,284697,284697,153670,18463,175000,188680,23116,0
34074,CAPITOL BANK,20251231,NM,1,633691,47173,87641,471978,542795,0,17300,0,566164,67527,67527,20850,6069,17300,26899,6069,0
34108,PAN AMERICAN BANK&TRUST,20251231,NM,1,541959,17658,34081,441513,491971,0,0,0,496643,45316,45316,12045,4672,0,48707,4672,0
34120,BANK OF ANN ARBOR,20251231,NM,1,3340777,153750,245701,2692699,2741282,35396,60000,0,2865109,475668,475668,136258,28431,95396,248627,28431,0
34146,PEOPLES BANK OF SENECA,20251231,NM,1,482991,22145,22356,408001,410757,0,20500,0,436482,46509,46509,14026,5225,20500,30489,5225,0
34148,BANK OF STAR VALLEY,20251231,SM,1,401462,13293,143260,227150,350893,6482,0,0,359542,41920,41920,11482,2167,6482,17759,2167,0
34150,FIRST UNITED BANK&TRUST CO,20251231,NM,1,593979,7498,136640,400380,544750,818,10000,0,559880,34099,34099,16372,4312,10818,49461,4312,0
34160,COMMUNITY BANKING CO,20251231,NM,1,301984,43478,40694,158929,267388,0,0,0,268669,33315,33315,8347,1281,0,58883,1281,0
34162,WEST POINTE BANK,20251231,NM,1,368821,2014,29307,313425,261120,0,34836,0,301195,67626,67626,19177,5239,34836,24075,5239,0
34171,EAGLE ROCK BANK,20251231,NM,1,272233,16162,30549,208965,220613,0,21072,0,243005,29228,29228,6401,1320,21072,16557,1320,0
34193,APPLIED BANK,20251231,NM,1,262658,206595,0,54934,220777,0,103,0,221476,41182,41182,977,596,103,1129,596,0
34207,GREAT PLAINS NATIONAL BANK,20251231,N,1,1850039,81220,102255,1562272,1635238,0,0,0,1658732,191307,191307,51485,23494,0,104292,23494,0
34211,PLATTE VALLEY BANK,20251231,SM,1,1171499,39736,147694,917148,974606,15500,55500,0,1057475,114024,114024,30540,11869,71000,66921,11869,0
34221,MORGAN STANLEY PRIVATE BK NA,20251231,N,1,254706000,29712000,42554000,174033000,222599000,0,12750000,0,236985000,17721000,17721000,2393000,1636000,12750000,8407000,1636000,0
34229,CITIZENS BANK OF GEORGIA,20251231,NM,1,616991,45007,244902,315154,554045,0,0,0,555488,61503,61503,5625,1443,0,11928,1443,0
34233,MARINE BANK&TRUST CO,20251231,NM,1,657265,20982,138515,468775,580762,50,22000,0,605499,51766,51766,19730,2687,22050,28993,2687,0
34240,WOLF RIVER COMMUNITY BANK,20251231,NM,1,386221,8167,40496,291683,317155,0,23675,0,343096,43125,43125,12943,2266,23675,45875,2266,0
34252,PACIFIC COAST BANKERS BANK,20251231,SM,1,1138599,394730,101939,481915,516742,100000,40000,0,998058,140541,140541,157579,341316,140000,160015,341316,0
34254,PLANTERS BANK INC,20251231,NM,1,1948950,172458,274957,1437548,1703611,0,10114,0,1723996,224954,224954,41821,10271,10114,63987,10271,0
34259,CROWN BANK,20251231,NM,1,628954,58004,20798,507971,442629,0,12480,0,465770,163184,163184,21873,10661,12480,42181,10661,0
34294,CFG BANK,20251231,NM,1,5739598,472628,1095856,3869507,4993853,0,1000,0,5099761,639837,639837,137543,104908,1000,301607,104908,0
34313,EAGLEMARK SAVINGS BANK,20251231,NM,1,743751,20183,45000,669346,539519,0,0,0,585576,158175,158175,9222,46057,0,9222,46057,0
34319,SOUTHWESTERN NATIONAL BANK,20251231,N,1,1377158,171239,51055,1116244,1215447,0,0,0,1224038,153120,153120,31361,8591,0,38620,8591,0
34331,DSRM NATIONAL BANK,20251231,N,1,4457,956,3233,0,500,0,0,0,779,3678,3678,268,279,0,268,279,0
34334,AMERICAN METRO BANK,20251231,NM,1,120324,20614,0,96364,92046,0,11707,0,104590,15734,15734,2831,837,11707,3346,837,0
34352,CITY FIRST BANK NA,20251231,N,1,1344459,9408,256835,1016540,987767,80774,72000,0,1157101,187358,187152,50385,16560,152774,61676,16560,0
34363,CORE BANK,20251231,NM,1,1084909,17708,122824,884951,902538,0,72176,0,986118,98791,98791,32092,11404,72176,59426,11404,0
34383,TEXAS CAPITAL BANK,20251231,SM,1,31263826,1884891,4707725,23774006,26740905,30000,303201,134509,27708224,3555602,3555602,616702,488732,467710,897204,499609,0
34384,PREMIER BANK,20251231,NM,1,764131,21486,53506,661934,628893,0,54000,0,687039,77092,77092,16161,4146,54000,27205,4146,0
34386,SPRING VALLEY BANK,20251231,NM,1,117990,10203,0,106533,72301,0,5600,0,78295,39695,39695,1118,394,5600,1254,394,0
34393,1ST EQUITY BANK,20251231,NM,1,125503,23302,95,93786,83257,0,21180,0,104776,20727,20727,6231,339,21180,8320,339,0
34394,SECURITY NB OF SOUTH DAKOTA,20251231,N,1,238205,3440,49429,158598,184181,8584,12100,0,206359,31846,31846,7917,1494,20684,26738,1494,0
34395,BARRINGTON B&T CO NA,20251231,N,1,4769383,75213,514126,3764691,3666507,5000,488451,0,4249653,519730,519730,130559,85632,493451,415353,89695,0
34401,FORTIS BANK,20251231,NM,1,1364455,45910,189842,1069623,1082296,0,159308,0,1252158,112297,112297,52473,10554,159308,59080,10554,0
34403,COASTAL COMMUNITY BANK,20251231,SM,1,4737899,736650,48247,3651217,4186671,0,0,0,4244773,493126,493126,276034,58102,0,301785,58102,0
34404,WEBBANK,20251231,NM,1,2940956,386541,216212,2126315,2390034,0,4562,0,2497455,443501,442934,199339,102859,4562,211888,102859,0
34407,NORTHSTAR BANK,20251231,NM,1,205021,18098,33711,136583,170851,0,0,0,171896,33125,33125,2908,1045,0,16629,1045,0
34409,THE BANK,20251231,NM,1,428656,26212,60236,323747,362980,1596,1000,0,372171,56485,56485,8407,6595,2596,18461,6595,0
34415,FIRST COMMAND BANK,20251231,SB,1,1076009,161150,398269,494696,971365,0,0,0,982307,93702,93702,12479,10942,0,21894,10942,0
34422,AMERICAN BANK,20251231,SM,1,1077045,44406,135416,839533,896776,0,55625,0,967032,110013,110013,40256,10880,55625,57690,14631,0
34441,STATE BANK,20251231,NM,1,105029,1045,10616,88072,94106,0,0,0,94779,10250,10250,2744,673,0,5296,673,0
34444,CUSTOMERS BANK,20251231,SM,1,24881148,4406535,2645308,16626861,21001171,0,1325068,109659,22725721,2155427,2155427,1093207,273470,1434727,1202444,289823,0
34455,FIRST NATIONAL BANK,20251231,N,1,93872,2404,43041,40485,88199,0,0,0,88409,5463,5463,2003,210,0,7942,210,0
34456,KEYSTONE BANK SSB,20251231,SI,1,1018424,102135,75783,807043,864854,0,40000,0,914675,103749,103749,12710,9821,40000,33463,9821,0
34457,BANK OF JACKSON,20251231,SM,1,224068,58070,89366,51175,198451,4414,0,0,204341,19727,19727,3924,1476,4414,25457,1476,0
34460,MILLENNIAL BANK,20251231,NM,1,194774,9440,17719,151937,169941,0,8000,0,179577,15197,15197,6952,1636,8000,15678,1636,0
34478,CEDAR HILL NATIONAL BANK,20251231,N,1,15607,3138,10998,0,2000,0,0,0,4453,11154,11154,1467,2453,0,1471,2453,0
34488,HIAWATHA BANK&TRUST CO,20251231,NM,1,148236,2258,37256,102777,122377,0,8300,0,132111,16125,16125,3334,1434,8300,5945,1434,0
34489,EDISON NATIONAL BANK,20251231,N,1,426939,170952,89597,150777,376027,11428,0,0,391529,35410,35410,10231,4074,11428,15613,4074,0
34496,FIRST COMMERCIAL BANK USA,20251231,NM,1,835864,65607,43844,704748,637858,0,0,0,644811,191053,191053,12363,6953,0,21665,6953,0
34507,PRINCIPAL BANK,20251231,SB,1,9333205,382942,5932564,2847620,8790488,0,0,0,8842140,491065,491065,170079,51652,0,170079,51652,0
34517,PEOPLES BANK OF EAST TN,20251231,NM,1,436990,24480,100021,289470,391270,0,0,0,394388,42602,42602,14167,3118,0,23019,3118,0
34519,MERRICK BANK,20251231,NM,1,9251625,590512,287634,7548753,7235566,0,94,0,7373597,1878028,1878028,688728,137937,94,824726,137937,0
34526,PRAIRIE COMMUNITY BANK,20251231,NM,1,188462,21956,29401,124866,171963,0,0,0,173283,15179,15179,1960,1320,0,12239,1320,0
34533,FIRST COMMUNITY BANK,20251231,NM,1,3422679,146052,321048,2757828,2772980,23719,344013,0,3156627,266052,266052,65876,15915,367732,197751,15915,0
34535,TCM BANK NATIONAL ASSN,20251231,N,1,395143,49070,17172,304652,302634,0,0,0,318526,76617,76617,19247,15892,0,24249,15892,0
34548,NEIGHBORHOOD NATIONAL BANK,20251231,N,1,226050,8848,12705,160840,183349,0,13500,0,198682,27368,27368,8231,1833,13500,43657,1833,0
34562,ENCORE BANK,20251231,SM,1,3625025,307463,445441,2694905,3268062,0,22500,0,3325245,299780,299780,149195,34683,22500,177216,34683,0
34566,ALLIANCE BANK,20251231,NM,1,398534,21764,40515,297855,338887,0,5000,0,348395,50139,50139,21248,4508,5000,38400,4508,0
34585,PACIFIC CREST BANK,20251231,SI,1,328045,65587,30163,227679,247575,0,46000,0,295434,32611,32611,4224,1859,46000,4616,1859,0
34589,ATLANTIC UNION BANK,20251231,SM,1,37497884,939758,5075489,27519545,30494591,75432,660895,0,31781802,5716082,5716082,1311679,387630,736327,3963092,550884,0
34598,MERCANTILE BANK,20251231,NM,1,6241994,426072,903864,4579538,4895988,232291,326221,0,5516199,725795,725795,230127,61699,558512,332520,61699,0
34599,PITNEY BOWES BANK INC,20251231,NM,1,805554,113241,176756,470812,675222,0,21199,0,727335,78219,78219,44144,30914,21199,44745,30914,0
34603,MVB BANK INC,20251231,NM,1,3266143,244125,416666,2321336,2849442,3339,0,0,2915050,351093,351093,222410,62269,3339,284016,62269,0
34606,AMERICAN BANK OF OKLAHOMA,20251231,NM,1,395292,19648,18152,235038,329494,0,12108,0,346142,49150,49150,11691,4540,12108,122454,4540,0
34607,FIRST INTERNET BANK OF IN,20251231,NM,1,5549405,457077,1031983,3799650,4854321,0,249500,0,5123058,426347,426347,163768,19237,249500,260695,19237,0
34610,COMMUNITY FIRST BANKING CO,20251231,NM,1,303229,21999,38834,225744,257835,0,15000,0,274872,28357,28357,10437,2037,15000,16652,2037,0
34618,MACATAWA BANK NATIONAL ASSN,20251231,N,1,3664026,202474,179422,2685599,3059742,0,0,0,3101030,562996,562996,316771,38441,0,596531,41288,0
34619,ITS BANK,20251231,NM,1,30565,2034,27983,0,500,0,0,0,629,29936,29936,548,129,0,548,129,0
34643,SUNSTATE BANK,20251231,NM,1,568962,68824,70324,330255,483382,0,10000,0,497933,71029,71029,10569,4551,10000,99559,4551,0
34644,KEY COMMUNITY BANK,20251231,NM,1,120996,20334,3026,95396,109948,0,0,0,110461,10535,10535,536,513,0,2240,513,0
34656,AMERICAN FIRST NATIONAL BANK,20251231,N,1,2884603,349246,100215,2376451,2459125,0,0,0,2503633,380970,380970,27820,44508,0,58691,44508,0
34666,COMMUNITY BANK,20251231,NM,1,173769,8633,64011,91548,152705,0,0,0,154243,19526,19526,5932,1538,0,9577,1538,0
34681,CRYSTAL LAKE B&T CO NA,20251231,N,1,2076351,54925,309924,1591056,1731879,0,125100,0,1880174,196177,196177,101635,17820,125100,120446,23195,0
34685,PEOPLES BANK OF COMMERCE,20251231,NM,1,788704,37707,114078,576156,661982,0,0,0,675999,112705,112705,27131,14017,0,60763,14017,0
34686,CHARTER BANK,20251231,NM,1,222667,4629,53092,156934,199681,0,0,0,200418,22249,22249,1363,737,0,8012,737,0
34697,WEX BANK,20251231,NM,1,8449841,765039,4414184,2959390,6276206,0,1170233,0,7683274,766567,766567,295449,236835,1170233,311228,236835,0
34699,METROPOLITAN COMMERCIAL BANK,20251231,SM,1,8254538,393587,941168,6713152,7432272,0,10975,0,7527815,726723,726723,114169,84568,10975,206631,84568,0
34710,NATIONWIDE TRUST CO FSB,20251231,SB,1,166878,30434,111474,0,500,0,80000,0,102785,64093,64093,24970,22285,80000,24970,22285,0
34711,FARMERS BLDG&SVG BANK,20251231,SI,1,120160,26664,27170,57866,94070,0,0,0,95412,24748,24748,8113,1342,0,8460,1342,0
34717,TOWN BANK NATIONAL ASSN,20251231,N,1,4511450,131570,760832,3299192,3714842,0,276309,0,4045958,465492,465492,189922,44781,276309,319856,54807,0
34719,FARMERS&MERCHANTS BK COLBY,20251231,NM,1,639861,6515,97229,455115,503981,6556,56951,0,570937,68924,68924,33274,3449,63507,81002,3449,0
34728,INDEPENDENT BANK,20251231,NM,1,1755074,72096,6205,1295922,1472780,0,77000,0,1562298,192776,192776,358128,12518,77000,380851,12518,0
34742,EAGLEBANK,20251231,SM,1,10445598,682727,1788082,7211505,9142300,0,0,0,9296106,1149492,1149492,695979,130791,0,763284,153806,0
34748,CLEARPOINT FEDERAL B&T,20251231,SB,1,134656,4040,124803,0,112816,0,0,0,114515,20141,20141,4613,1699,0,5813,1699,0
34752,FIRST CMTY BANK OF HILLSBORO,20251231,NM,1,137231,5777,40675,86060,103749,0,19250,0,123361,13870,13870,4198,362,19250,4719,362,0
34755,VIRGINIA NATIONAL BANK,20251231,N,1,1647875,70613,247990,1229307,1432797,0,20000,0,1463054,184821,184821,71530,10257,20000,99965,10257,0
34759,ASIAN BANK,20251231,SM,1,660393,66865,81957,493416,479891,0,39728,0,537132,123261,123261,13942,17513,39728,18155,17513,0
34760,PORTAGE COMMUNITY BANK,20251231,SM,1,533410,8493,104670,394168,467846,28,4899,0,480319,53091,53091,19187,7546,4927,26079,7546,0
34775,EVERBANK NATIONAL ASSN,20251231,N,1,46033756,1043315,8247187,35617829,36963768,0,4235000,0,41932798,4100958,4100958,836414,734030,4235000,1125425,734030,0
34778,FIRST TRUST BANK OF ILLINOIS,20251231,NM,1,384410,24690,186287,148726,304630,43603,0,0,349693,34717,34717,11772,1460,43603,24707,1460,0
34781,TRANSPORTATION ALLIANCE BK D,20251231,NM,1,1601203,158053,139825,1207232,1393660,0,13382,0,1427588,173615,173615,72958,20546,13382,96093,20546,0
34784,COMMERCIAL CAPITAL BANK,20251231,NM,1,556376,83300,35272,414284,432915,0,60000,0,495358,61018,61018,9528,2443,60000,23520,2443,0
34786,ENTERPRISE BANK,20251231,NM,1,491714,114690,0,336862,389648,0,58172,0,451055,40659,40659,9388,3235,58172,40162,3235,0
34788,AMERICAN BUSINESS BANK,20251231,NM,1,4406593,245529,1019163,3012378,3954053,0,0,0,3995468,411125,411125,112569,41415,0,129523,41415,0
34799,THRIVENT TRUST CO,20251231,SB,1,16358,120,15363,0,2000,0,0,0,4348,12010,12010,875,2348,0,875,2348,0
34803,RESOURCE BANK,20251231,NM,1,942613,9869,98011,793259,803685,0,18000,0,827571,115042,115042,8592,5886,18000,41474,5886,0
34805,MISSION BANK,20251231,SM,1,1884030,135515,243219,1438713,1657937,0,0,0,1672583,211447,211447,58792,14646,0,66583,14646,0
34811,NEBRASKALAND BANK,20251231,SM,1,986380,55674,160810,702671,751794,39847,105000,0,898756,87624,87624,28652,2115,144847,67225,2115,0
34836,NORTH AMERICAN BANKING CO,20251231,SM,1,1460893,122192,470503,754201,1113216,0,50000,0,1363379,97514,97514,48338,200163,50000,113997,200163,0
34847,SOUTHERN BANK OF TENNESSEE,20251231,SM,1,477612,33878,52842,369174,416660,0,10000,0,431318,46294,46294,5414,4658,10000,21718,4658,0
34849,PREMIER BANK,20251231,SM,1,364702,40796,59683,252764,309712,14326,6313,0,335148,29554,29554,6457,4797,20639,11459,4797,0
34857,COMMUNITY BANK OF OELWEIN,20251231,NM,1,103468,3877,22847,65794,83168,0,6500,0,90394,13074,13074,3100,726,6500,10950,726,0
34860,NEW REPUBLIC BANK,20251231,NM,1,235442,1905,22591,189137,198119,0,0,0,200257,35185,35185,3581,2138,0,21809,2138,0
34876,CONNECTICUT CMTY BANK NA,20251231,N,1,523386,191537,21684,293865,445206,0,409,0,451897,71489,71489,9547,6282,409,16300,6282,0
34885,SUSSER BANK,20251231,SM,1,2882520,650659,100016,2037388,2565359,0,0,0,2590584,291936,291936,44918,25225,0,94457,25225,0
34888,PARKE BANK,20251231,NM,1,2249033,156863,13524,2000578,1762565,0,130000,0,1913248,335785,335785,69700,20683,130000,78068,20683,0
34890,NEW PEOPLES BANK INC,20251231,SM,1,910158,76958,96433,701480,799452,0,7000,0,816028,94130,94130,18546,9576,7000,35287,9576,0
34900,PREFERRED BANK,20251231,NM,1,73319,7818,12693,47046,67559,0,0,0,67711,5608,5608,2308,152,0,5762,152,0
34908,COGENT BANK,20251231,NM,1,2435900,78532,433553,1886696,2176403,0,20000,0,2218085,217815,217815,21856,21682,20000,37119,21682,0
34918,FIRST NB OF HEREFORD,20251231,N,1,375313,37946,21699,295094,333451,0,0,0,336667,38646,38646,11828,3216,0,20574,3216,0
34936,LEGENDS BANK,20251231,NM,1,899140,12721,185593,651436,795274,0,5367,0,811066,88074,88074,36597,10425,5367,49390,10425,0
34938,COMMERCE BANK,20251231,SM,1,158618,3680,33650,109752,137706,625,2975,0,142525,16093,16093,5899,1219,3600,11536,1219,0
34953,NORTHPOINTE BANK,20251231,NM,1,7022546,496459,6085,6320305,4888513,0,1423561,0,6360215,662331,662331,151295,48141,1423561,199697,48141,0
34955,AMERICAN B&T CO NA,20251231,N,1,467874,14853,104359,317509,417742,0,10000,0,430253,37621,37621,18799,2511,10000,31153,2511,0
34966,FIRST CAPITAL BANK,20251231,SM,1,1139207,45314,63960,978642,941662,0,78000,0,1033081,106126,106126,39675,13419,78000,51291,13419,0
34967,POPULAR BANK,20251231,SM,1,15061146,1134220,1479280,11583124,12033706,19919,786456,0,12969513,2091633,2091633,419236,129432,806375,864522,129432,0
34968,BANCO POPULAR DE PUERTO RICO,20251231,SM,1,59766000,3949000,26438000,26810000,54800000,19000,65000,0,55988000,3778000,3778000,1277000,1104000,84000,2569000,1104000,0
34969,FIRST CENTRAL SAVINGS BANK,20251231,SI,1,970149,55936,31962,839865,836686,0,25000,0,875194,94955,94955,28146,13508,25000,42386,13508,0
34973,PEOPLES SAVINGS BANK,20251231,NM,1,575849,11545,197845,327936,514667,0,18000,0,535621,40228,40228,25607,2954,18000,38523,2954,0
34978,SYNERGY BANK,20251231,NM,1,1236971,58127,277656,811972,1056876,250,0,0,1070595,166376,166376,30959,13469,250,89216,13469,0
34980,RED RIVER BANK,20251231,NM,1,3349731,212855,772960,2228418,2971679,0,0,0,2993638,356093,356093,65261,21959,0,135498,21959,0
34995,FIRST CENTRAL BANK MCCOOK,20251231,NM,1,127251,6127,14664,86976,108820,0,4175,0,113724,13527,13527,2585,729,4175,19484,729,0
34997,BAYFIRST NATIONAL BANK,20251231,N,1,1295707,206982,31857,939426,1184707,0,0,0,1205701,90006,90006,58772,20994,0,117442,20994,0
35014,NBKC BANK,20251231,NM,1,1256004,144541,122062,880104,1026020,0,5000,0,1054560,201444,201444,57259,23540,5000,109297,23540,0
35019,CURRENCY BANK,20251231,NM,1,241572,38538,24178,161400,203475,0,0,0,204068,37504,37504,3504,593,0,17456,593,0
35020,COMMUNITY FIRST BANK,20251231,NM,1,742332,64729,117566,530573,671728,0,0,0,673957,68375,68375,18048,2229,0,29464,2229,0
35029,AB&T,20251231,NM,1,279792,15072,32303,184517,247230,0,424,0,248696,31096,31096,2195,1042,424,47900,1042,0
35031,FREEDOM FINANCIAL BANK,20251231,SM,1,273808,21842,13299,230437,202014,0,45045,0,248961,24847,24847,3939,1902,45045,8230,1902,0
35033,AMERICAN COMMUNITY BANK,20251231,NM,1,321435,42375,22502,235046,262109,0,5829,0,282186,39249,39249,9465,14248,5829,21512,14248,0
35056,MADISON CNTY CMTY BANK,20251231,NM,1,202295,12088,69613,105145,187981,0,0,0,189283,13012,13012,7318,1302,0,15449,1302,0
35060,SETTLERS BANK,20251231,SM,1,136917,10487,25317,87813,113667,0,0,0,114302,22615,22615,4281,635,0,13300,635,0
35075,PHILADELPHIA TRUST CO,20251231,NM,1,27738,8800,9267,5464,6802,0,0,0,8657,19081,19081,3331,1855,0,4207,1855,0
35084,PETIT JEAN STATE BANK,20251231,SM,1,250287,43021,61660,134897,201453,3732,0,0,207190,43097,43097,9162,2005,3732,10709,2005,0
35094,COMMUNITY BANK OF MEMPHIS,20251231,NM,1,63386,15808,16034,25002,54653,0,0,0,54930,8456,8456,785,277,0,6542,277,0
35095,TOWNEBANK,20251231,NM,1,19687341,1334902,2867320,13342906,16603306,34817,58092,278230,17258333,2429008,2422066,602299,283888,371139,2142213,283888,0
35101,BUCKEYE COMMUNITY BANK,20251231,SM,1,247601,16561,25775,192931,216811,0,720,0,218217,29384,29384,8497,686,720,12334,686,0
35103,IDAHO TRUST BANK,20251231,NM,1,243448,68559,14836,153598,212993,0,0,0,217930,25518,25518,2648,4937,0,6455,4937,0
35118,COMMUNITY BK OF WICHITA INC,20251231,NM,1,121452,1640,16831,96730,111501,0,0,0,111923,9529,9529,2763,422,0,6251,422,0
35131,SAUK VALLEY BANK&TRUST CO,20251231,NM,1,748217,12944,156980,544629,616071,4226,62972,0,689012,59205,59205,20323,5743,67198,33664,5743,0
35138,MILLENNIUM BANK,20251231,NM,1,791767,79972,72167,596798,707822,512,0,0,718684,73083,73083,7717,10350,512,42830,10350,0
35139,SEATTLE BANK,20251231,SI,1,1035314,144137,34721,819918,931103,0,0,0,943514,91800,91800,13832,12411,0,36538,12411,0
35141,BMW BANK OF NORTH AMERICA,20251231,NM,1,12814515,577438,2538767,9619716,8618246,52000,1971094,0,11075211,1739304,1739304,75766,433871,2023094,78594,433871,0
35151,NEW MILLENNIUM BANK,20251231,NM,1,953009,145877,3445,787950,822206,0,0,0,828274,124735,124735,12812,6068,0,15737,6068,0
35154,BTG PACTUAL BANK NA,20251231,N,1,887785,515085,68072,280700,368001,0,57015,0,428685,459100,459100,23805,3669,57015,23928,3669,0
35157,FARM BUREAU BANK FSB,20251231,SB,1,1090919,102887,181802,767904,939369,0,25000,0,988123,102796,102796,33248,23754,25000,38326,23754,0
35161,MURRAY BANK,20251231,SB,1,548664,11759,98512,398714,487601,865,12000,0,504318,44346,44346,13658,3852,12865,39679,3852,0
35164,CAPITAL BANK&TRUST CO,20251231,SB,1,191417,8870,122354,0,500,0,0,0,74369,117048,117048,45005,73869,0,60193,73869,0
35206,FIDELITY PERSONAL TR CO FSB,20251231,SB,1,64447,94,57400,0,500,0,0,0,3639,60808,60808,6953,3139,0,6953,3139,0
35207,BANK OF THE JAMES,20251231,SM,1,1031900,81870,217719,664830,940597,0,0,0,953488,78412,78412,42334,12891,0,67481,12891,0
35212,COMMUNITY BANK OF THE SOUTH,20251231,NM,1,257201,98415,78319,71113,231630,0,0,0,234864,22337,22337,6935,3234,0,9354,3234,0
35214,FIRST RELIANCE BANK,20251231,NM,1,1091534,32571,195896,783350,949891,0,20000,0,982853,108681,108681,36342,12962,20000,79717,12962,0
35220,WYOMING COMMUNITY BANK,20251231,SM,1,255035,4466,80628,159612,226526,2000,3759,0,235012,20023,20023,7114,2727,5759,10329,2727,0
35221,FREEDOM BANK,20251231,NM,1,578840,12694,50895,496689,495630,0,14000,0,511826,67014,67014,13986,2196,14000,18562,2196,0
35223,FIRST SECURE COMMUNITY BANK,20251231,NM,1,525843,50759,74064,374590,422403,0,53000,0,479158,46685,46685,7495,3755,53000,26430,3755,0
35229,SOUTHERN ILLINOIS BANK,20251231,NM,1,137861,5798,36352,80489,115878,0,0,0,116452,21409,21409,4368,574,0,15222,574,0
35237,JOHN DEERE FINANCIAL FSB,20251231,SB,1,3397348,5121,0,3364387,1273821,0,1262262,0,2575538,821810,821810,26615,39455,1262262,27840,39455,0
35241,OPTUS BANK,20251231,NM,1,777905,114519,144683,447682,675365,0,97,0,681843,96062,96062,7625,6381,97,71021,6381,0
35261,TWIN CITY BANK,20251231,NM,1,81470,5534,20712,52011,64413,0,2350,0,67261,14209,14209,2267,498,2350,3213,498,0
35274,BLUE RIDGE BANK NA,20251231,N,1,2411390,115820,333162,1861042,1934652,0,150000,0,2109983,301407,301407,66848,25331,150000,101366,25331,0
35276,FREEDOM BANK OF SOUTHERN MO,20251231,NM,1,803148,14438,69299,649347,717392,0,15000,0,735822,67326,67326,20933,3430,15000,70064,3430,0
35278,CAPITAL BANK NATIONAL ASSN,20251231,N,1,3547608,257694,230083,2887596,3105079,0,50000,0,3212848,334760,334760,124015,57769,50000,172235,57769,0
35292,GREAT AMERICAN BANK,20251231,NM,1,495936,18204,3523,396535,407405,0,20000,0,428787,67149,67149,6154,1382,20000,77674,1382,0
35295,SOUTHERN FIRST BANK,20251231,NM,1,4406861,249776,127730,3816370,3732295,0,240000,0,4019388,387473,387473,104260,47093,240000,212985,47093,0
35314,BHM BANK,20251231,NM,1,18546,3528,3382,9834,14987,0,0,0,15780,2766,2766,967,793,0,1802,793,0
35320,GEORGIA COMMUNITY BANK,20251231,NM,1,380108,43635,62424,252201,326828,0,0,0,329399,50709,50709,15489,2571,0,21848,2571,0
35323,FINWISE BANK,20251231,NM,1,967454,163400,37682,697807,780157,0,0,0,809903,157551,157551,58729,29746,0,68565,29746,0
35331,LIBERTY BANK NATIONAL ASSN,20251231,N,1,442002,74230,7882,345921,381065,0,0,0,384017,57985,57985,7814,2952,0,13969,2952,0
35333,OAK BANK,20251231,NM,1,471618,28253,60048,363074,406532,0,0,0,420842,50776,50776,17726,14310,0,20243,14310,0
35361,FIVE STAR BANK,20251231,NM,1,4752354,506951,96888,4030520,4209689,0,0,0,4251286,501068,501068,81340,41597,0,117995,41597,0
35365,BANK OF OAK RIDGE,20251231,SM,1,657818,19310,96442,509651,538690,0,31000,0,578277,79541,79541,17335,8587,31000,32415,8587,0
35366,CHINO COMMERCIAL BANK N A,20251231,N,1,492949,46360,207606,214207,376514,0,60000,0,438744,54205,54205,16683,2230,60000,24776,2230,0
35377,ALPINE CAPITAL BANK,20251231,NM,1,221600,104260,6538,105101,184838,0,0,0,187639,33961,33961,1846,2801,0,5701,2801,0
35388,SEI PRIVATE TRUST CO,20251231,SB,1,241350,1583,180947,0,500,0,0,0,20904,220446,220446,57943,20404,0,58820,20404,0
35393,UNITED TRUST BANK,20251231,SB,1,170606,22346,24,140661,121208,0,31000,0,154707,15899,15899,4520,2499,31000,7575,2499,0
35394,MASSMUTUAL PRIVATE WEALTH&TR,20251231,SB,1,91402,3658,77931,0,50500,0,0,0,65665,25737,25737,9653,15165,0,9813,15165,0
35406,BANKVISTA,20251231,NM,1,633300,24845,23386,570193,508852,0,58745,0,572222,61078,61078,8836,4625,58745,14876,4625,0
35407,YAMPA VALLEY BANK,20251231,NM,1,684430,25861,129749,517728,622087,0,0,0,626674,57756,57756,4932,4587,0,11092,4587,0
35412,AMERICAN COMMUNITY B&T,20251231,NM,1,1140613,100342,251700,754070,983641,0,36235,0,1026748,113865,113865,14428,6872,36235,34501,6872,0
35417,TRISTAR BANK,20251231,NM,1,539541,16788,104952,380110,459698,0,28000,0,494394,45147,45147,23903,6696,28000,37691,6696,0
35420,BRANSON BANK,20251231,NM,1,405789,24263,11157,335788,363019,0,3000,0,369590,36199,36199,10804,3571,3000,34581,3571,0
35427,UNITED NATIONAL BANK,20251231,N,1,312069,49918,24559,226208,257295,0,4694,0,265514,46555,46555,6873,3525,4694,11384,3525,0
35430,OPTIMUMBANK,20251231,NM,1,1111487,97554,28502,947294,933325,0,50000,0,990663,120824,120824,15931,7338,50000,38137,7338,0
35439,BANK OF BROOKHAVEN,20251231,NM,1,240692,11327,79458,138122,209723,0,0,0,213507,27185,27185,9612,3784,0,11785,3784,0
35441,FOUR CORNERS COMMUNITY BANK,20251231,NM,1,630238,26435,154922,416974,545630,14112,10000,0,574393,55845,55845,4961,4651,24112,31907,4651,0
35442,CITIZENS BK CUMBERLAND CNTY,20251231,NM,1,96054,4651,16126,65518,82729,2062,0,0,85011,11043,11043,841,220,2062,9759,220,0
35444,BCORP BANK NATIONAL ASSN,20251231,N,1,9349048,112649,1671750,7189865,8176103,0,212712,0,8479025,870023,870023,264559,90210,212712,374784,90210,0
35450,CENTURY BANK OF KENTUCKY INC,20251231,NM,1,201862,6106,48213,138672,183734,0,0,0,184008,17854,17854,3768,274,0,8871,274,0
35455,HOMETOWN BANK OF CORBIN INC,20251231,NM,1,299794,14336,86671,182879,259746,12731,6250,0,279974,19820,19820,10220,1247,18981,15908,1247,0
35456,1ST COLONIAL COMMUNITY BANK,20251231,NM,1,881807,100120,131654,613006,792085,0,0,0,797026,84781,84781,35899,4941,0,37027,4941,0
35477,CITIZENS FIRST BANK,20251231,NM,1,359258,7728,64123,273018,280087,0,54608,0,336589,22669,22669,7966,1894,54608,14389,1894,0
35480,CROWN BANK,20251231,NM,1,444394,29565,61269,339252,369459,0,36600,0,411918,32476,32476,13126,5859,36600,14308,5859,0
35497,QUAINT OAK BANK,20251231,SI,1,676826,55465,882,601654,603578,0,0,0,609383,67443,67443,12605,5805,0,18825,5805,0
35506,CYPRESS BANK&TRUST,20251231,NM,1,208923,15624,24331,155929,173096,2794,0,0,181793,27130,27130,7150,5903,2794,13039,5903,0
35510,DAVIDSON TRUST CO,20251231,SB,1,12633,0,11257,0,500,0,0,0,3099,9534,9534,1259,2599,0,1376,2599,0
35513,COMMUNITY BK OF PICKENS CNTY,20251231,NM,1,629594,75396,72547,462771,542368,0,0,0,546690,82904,82904,14280,4322,0,18880,4322,0
35518,FEDERAL SAVINGS BANK,20251231,SB,1,1138673,53981,3627,1003598,827671,0,100000,0,973339,165334,165334,46396,45668,100000,77467,45668,0
35519,NORTH STATE BANK,20251231,SM,1,1383343,93554,53698,1152529,1148901,0,100108,0,1261422,121921,121921,44706,12413,100108,83562,12413,0
35521,INSBANK,20251231,SM,1,1050158,63096,74167,853088,897670,0,39000,0,947108,103050,103050,45028,10438,39000,59807,10438,0
35530,FIRST CAROLINA BANK,20251231,NM,1,3317401,132211,312090,2627281,2801094,0,75000,0,2912079,405322,405322,130101,35985,75000,245819,35985,0
35533,FIRST ELECTRONIC BANK,20251231,NM,1,482146,348581,2741,120896,271373,0,0,0,293532,188614,188614,4277,22159,0,9928,22159,0
35541,BCB COMMUNITY BANK,20251231,NM,1,3278810,277103,135566,2691091,2674220,0,235000,0,2930876,347934,347934,141345,21656,235000,175050,21656,0
35543,BANK OF FRANKLIN COUNTY,20251231,NM,1,408740,8500,39895,331443,341661,412,27925,0,372157,36583,36531,12384,2159,28337,28902,2159,0
35546,AXOS BANK,20251231,SB,1,27205173,1126975,1688568,23242540,23506039,0,751506,0,24601137,2604036,2604036,740904,343592,751506,1147090,343592,0
35558,CENTURY BANK OF FLORIDA,20251231,SM,1,104776,9975,14620,61353,90703,0,4000,0,95350,9426,9426,4898,647,4000,18828,647,0
35568,AMERICAN BANK&TRUST CO INC,20251231,NM,1,875578,11362,106805,700985,757541,0,34000,0,795158,80420,80420,27721,3617,34000,56426,3617,0
35583,PINNACLE BANK,20251231,NM,1,57636946,3564864,9172565,38809822,47876135,316447,1785341,0,50707035,6929911,6929788,2852922,688772,2101788,6089695,729112,0
35585,COMMUNITY FIRST NB,20251231,N,1,362101,60847,9164,282885,316195,0,3457,0,322119,39982,39982,4382,2467,3457,9205,2467,0
35597,NEW FRONTIER BANK,20251231,SM,1,171206,6894,25019,127202,154869,0,0,0,155532,15674,15674,4709,663,0,12091,663,0
35602,COUNTRY TRUST BANK,20251231,SB,1,37758,4,22013,0,784,0,0,0,6336,31422,31422,15741,5552,0,15741,5552,0
55130,SERVBANK NATIONAL ASSN,20251231,N,1,995058,342130,80224,535894,637651,0,0,0,818938,176120,176120,10850,181287,0,36810,181287,0
57022,BANK OF CLOVIS,20251231,NM,1,455338,79588,131742,210604,380093,12642,10000,0,411657,43681,43681,16725,8922,22642,33404,8922,0
57025,AMERICAN HERITAGE BANK,20251231,NM,1,145842,14662,42752,77648,129057,0,0,0,130105,15737,15737,5276,1048,0,10780,1048,0
57031,CHAMPION BANK,20251231,NM,1,46329,17326,10902,14848,29400,0,0,0,29729,16600,16600,471,329,0,3253,329,0
57033,WILLAMETTE VALLEY BANK,20251231,NM,1,452346,16461,106092,293766,330173,0,37000,0,376252,76094,76094,18117,9079,37000,36027,9079,0
57038,NICOLET NATIONAL BANK,20251231,N,1,9170369,660499,864215,6781159,7919883,0,5168,0,7979751,1190618,1190618,337144,54324,5168,864496,54700,0
57044,CALIFORNIA BK OF COM NA,20251231,N,1,4030860,193771,287826,3024644,3390316,0,0,0,3439041,591819,591819,163237,48725,0,524619,48725,0
57056,CELTIC BANK,20251231,NM,1,4792448,263785,340945,3932755,3442128,0,400538,0,3941993,850455,850455,145299,99327,400538,254963,99327,0
57058,PEOPLES BANK,20251231,SM,1,289737,24783,102912,151311,249769,0,0,0,252353,37384,37384,7116,2584,0,10731,2584,0
57061,CORNERSTONE NB&T CO,20251231,N,1,1030772,77600,196200,741570,924970,0,0,0,929340,101432,101432,10624,4370,0,15402,4370,0
57069,STORY BK DBA STORY FINL PART,20251231,NM,1,988623,101681,10124,839983,870228,0,0,0,887227,101396,101396,20590,16999,0,36835,16999,0
57071,GEORGIA BANKING CO,20251231,NM,1,2693811,241297,91898,2204719,2372650,0,0,0,2435812,257999,257999,52661,63162,0,155897,63162,0
57073,COMMUNITY BK OF SANTA MARIA,20251231,NM,1,428747,31287,96404,285235,384540,0,0,0,387024,41723,41723,10145,2484,0,15821,2484,0
57074,BANKCDA,20251231,NM,1,242794,17721,78440,132264,209303,0,1370,0,212071,30723,30723,6163,1398,1370,14369,1398,0
57082,NORTHBROOK B&T CO NA,20251231,N,1,5850740,572952,913997,4183407,4874811,0,425000,0,5336405,514335,514335,129560,32604,425000,180384,36594,0
57083,EMIGRANT BANK,20251231,NM,1,5766998,534082,239152,4012601,4312100,0,0,0,4569524,1197474,1206231,704308,257424,0,981163,257424,0
57092,TRADITIONS FIRST BANK,20251231,NM,1,322649,7628,49031,252198,285105,0,2500,0,291854,30795,30795,9066,4249,2500,13792,4249,0
57093,NORTHWESTERN MUTUAL WEALTH M,20251231,SB,1,465274,195,432373,0,50500,0,0,0,188505,276769,276769,32706,138005,0,32706,138005,0
57095,DOGWOOD STATE BANK,20251231,NM,1,2368823,60442,188177,1974660,1960783,0,136316,0,2113281,255542,255542,83525,16182,136316,145544,16182,0
57097,NORTHSTAR BANK,20251231,SM,1,1143445,26519,90336,952544,943647,35500,60000,0,1048618,94827,94827,34406,7225,95500,74046,9471,0
57101,MISSION VALLEY BANK,20251231,NM,1,759501,65444,45325,601946,635726,0,26500,0,678694,80807,80807,33343,16468,26500,46786,16468,0
57103,SCHAUMBURG B&T CO NA,20251231,N,1,2301404,83067,401936,1686625,1960991,0,75000,0,2056421,244983,244983,92241,14779,75000,129776,20430,0
57109,EVERENCE TRUST CO,20251231,SB,1,14531,986,8425,0,500,0,0,0,1861,12670,12670,3984,1361,0,5120,1361,0
57123,FIRST CENTURY BANK NA,20251231,N,1,983746,257228,442839,262237,846202,0,0,0,853496,130250,130250,17592,7294,0,21442,7294,0
57124,FIRST CMTY BANK OF CNTL AL,20251231,NM,1,675702,18701,162218,456433,623616,0,0,0,632439,43263,43263,8141,8823,0,38350,8823,0
57127,GUARDIAN BANK,20251231,NM,1,590895,35898,177663,361250,525466,0,12250,0,540159,50736,50736,10417,2443,12250,16084,2443,0
57129,COMMUNITY FSB,20251231,SB,1,866395,369370,88707,350727,753456,0,0,0,772771,93624,93624,57130,19315,0,57591,19315,0
57134,LEADER BANK NATIONAL ASSN,20251231,N,1,5031931,492799,302550,4103400,3914875,0,515967,0,4492812,539119,539119,95289,61970,515967,133182,61970,0
57137,MISSION BANK,20251231,NM,1,185803,26080,84197,68226,171513,0,0,0,173353,12450,12450,5845,1840,0,7300,1840,0
57141,COMMUNITY BANK OF MISSOURI,20251231,NM,1,91142,17230,8110,61334,78127,0,0,0,78558,12584,12584,2924,431,0,4468,431,0
57160,NATIONAL ADVISORS TRUST CO,20251231,N,1,18458,5015,9782,0,500,0,0,0,3390,15068,15068,3347,2890,0,3661,2890,0
57176,COMMERCE WEST BANK,20251231,SM,1,1485516,511134,156017,785094,1333165,0,0,0,1345405,140111,140111,27479,12240,0,33271,12240,0
57184,FREEDOM BANK OF VIRGINIA,20251231,SM,1,1064409,74618,177689,752938,915294,0,40118,0,962626,101783,101783,55499,7214,40118,59164,7214,0
57192,GOGEBIC RANGE BANK,20251231,NM,1,142512,14654,61544,57907,130766,0,0,0,133615,8897,8897,5247,2849,0,8407,2849,0
57197,BNC NATIONAL BANK,20251231,N,1,1098773,210941,114670,728382,977765,0,571,0,983690,115083,115083,34146,5354,571,44780,5354,0
57203,BARCLAYS BANK DELAWARE,20251231,NM,1,47613000,7934000,245000,33932000,38116000,0,1385000,0,41210000,6403000,6403000,2221000,1709000,1385000,5502000,1709000,0
57228,EMBASSY BK LEHIGH VALLEY,20251231,NM,1,1800976,112317,341930,1279201,1640990,9880,0,0,1673622,127354,127354,59426,22752,9880,67528,22752,0
57230,DOUGLAS NATIONAL BANK,20251231,N,1,324628,52574,26469,235647,291954,0,0,0,292441,32187,32187,8128,487,0,9938,487,0
57244,CEDAR RAPIDS BANK&TRUST CO,20251231,SM,1,2870944,87653,353692,1962588,1983603,75350,88932,0,2401578,469366,469366,289119,253693,164282,467011,253693,0
57250,CORNERSTONE BANK,20251231,NM,1,501479,29660,24668,436646,327771,0,129000,0,459331,42148,42148,8013,2560,129000,10505,2560,0
57265,CITIZENS CMTY FEDERAL NA,20251231,N,1,1779367,116592,216795,1322878,1549572,0,0,0,1566409,212958,212958,59801,16837,0,123102,16837,0
57269,SIGNATURE BANK NATIONAL ASSN,20251231,N,1,1305556,197614,95876,994577,1143546,0,0,0,1148071,157485,157485,11124,4525,0,17489,4525,0
57273,FIRST COMMERCE BANK,20251231,NM,1,137793,4149,20022,109892,121496,0,0,0,122021,15772,15772,1763,525,0,3730,525,0
57280,FLATIRONS BANK,20251231,SM,1,359778,55577,50228,242613,327394,0,0,0,332297,27481,27481,7359,4903,0,11360,4903,0
57295,AMG NATIONAL TRUST BANK,20251231,N,1,741001,203360,216829,280800,617208,0,0,0,625280,115721,115721,9877,8072,0,40012,8072,0
57301,UNITED CMTY BANK OF W KY INC,20251231,NM,1,523473,9409,169408,317480,448256,0,29100,0,480491,42982,42982,20095,3135,29100,27176,3135,0
57311,STIFEL BANK&TRUST,20251231,SM,1,19412996,661113,3472022,14844770,17855157,145069,0,0,18078250,1334746,1334746,355626,73510,145069,435091,78024,0
57312,TOWN&COUNTRY BANK,20251231,NM,1,231855,41662,14807,163201,202384,0,0,0,202897,28958,28958,2161,513,0,12185,513,0
57335,FARMERS BANK,20251231,SM,1,291178,42574,76334,165428,270527,0,0,0,271824,19354,19354,3207,1297,0,6842,1297,0
57336,DRAKE BANK,20251231,NM,1,254615,17250,33007,196377,215527,0,17212,0,235056,19559,19559,2426,2317,17212,7981,2317,0
57348,SOUTHEAST BANK,20251231,NM,1,3482560,287007,834,3003573,3140156,0,0,0,3190197,292363,292363,151934,50041,0,191146,50041,0
57358,STIFEL BANK,20251231,SM,1,11735326,288647,3672323,7663067,10807482,0,0,0,10922536,812790,812790,105676,114209,0,111289,115054,0
57359,AMERICAN EAGLE BANK,20251231,NM,1,496927,52832,2630,428029,375613,0,73257,0,453818,43109,43109,3663,4948,73257,13436,4948,0
57363,CHEYENNE STATE BANK,20251231,NM,1,28550,1065,4261,16466,22419,0,0,0,22479,6071,6071,319,60,0,6758,60,0
57368,BANKWELL BANK,20251231,NM,1,3353033,214568,192122,2804441,2851199,0,120951,0,3004686,348347,348347,107956,32536,120951,141902,32536,0
57369,U S CENTURY BANK,20251231,NM,1,2788916,38477,461431,2163757,2359913,0,158250,0,2540686,248230,248230,115485,22523,158250,125251,22523,0
57373,OREGON COAST BANK,20251231,NM,1,449569,9559,122274,272734,409946,0,0,0,411235,38334,38334,13840,1289,0,45002,1289,0
57379,INDEPENDENCE BANK,20251231,NM,1,14177,14015,0,0,0,0,0,0,115,14062,14062,141,115,0,162,115,0
57391,UNITED BANK&TRUST CO,20251231,NM,1,122915,12906,36699,68303,109002,1470,0,0,110994,11921,11921,1347,522,1470,5007,522,0
57396,BANK OF LINCOLN COUNTY,20251231,NM,1,220404,20887,24356,163028,190962,0,0,0,192974,27430,27430,7530,2012,0,12133,2012,0
57408,OPTUM BANK INC,20251231,NM,1,20819000,1455000,9197000,8864000,16038000,0,0,0,17864000,2955000,2955000,404000,1826000,0,1303000,1826000,0
57414,WORTHINGTON BANK,20251231,SM,1,611422,93578,15720,484225,550008,0,0,0,552549,58873,58873,5853,2541,0,17899,2541,0
57415,FORCHT BANK NATIONAL ASSN,20251231,N,1,1652914,134831,299022,1091396,1494746,7612,0,0,1508532,144382,144382,49859,6174,7612,127665,6174,0
57416,PATRIOT BANK,20251231,SM,1,426185,9781,151702,235218,376320,5510,0,0,385646,40539,40539,12270,3816,5510,29484,3816,0
57417,COMMERCIAL BANK OF CA,20251231,NM,1,3701611,237264,589343,2727948,3069453,0,254564,0,3357803,343808,343808,114323,33786,254564,147056,33786,0
57420,HIGHLANDS COMMUNITY BANK,20251231,SM,1,189749,5805,86922,85968,165175,0,3040,0,169257,20492,20492,8967,1042,3040,11054,1042,0
57425,SANIBEL CAPTIVA CMTY BANK,20251231,NM,1,1011843,65515,33901,858119,817697,0,100000,0,920846,90997,90997,15584,3149,100000,54308,3149,0
57429,COMMERCE BANK&TRUST,20251231,SM,1,188931,33911,24598,122087,163984,4501,4000,0,175131,13800,13800,6466,2646,8501,8335,2646,0
57444,AMERICAN CONTINENTAL BANK,20251231,NM,1,378189,69517,2924,290527,312173,0,0,0,318506,59683,59683,10150,6333,0,15221,6333,0
57449,MEDALLION BANK,20251231,NM,1,2620589,143743,61970,2337083,2089515,0,50000,0,2170416,450173,450173,69720,30901,50000,77793,30901,0
57450,CHARLES SCHWAB BANK SSB,20251231,SM,1,253772000,24646000,167814000,54699000,230499000,1250000,1850000,0,235114000,18658000,18658000,6517000,1515000,3100000,6613000,1515000,0
57451,SOUND COMMUNITY BANK,20251231,NM,1,1092309,138410,9592,897470,954192,0,10000,0,976112,116197,116197,33871,11920,10000,46837,11920,0
57463,PCB BANK,20251231,NM,1,3280733,207142,160009,2799096,2805961,0,34000,0,2902276,378457,378457,76397,62315,34000,114486,62315,0
57465,FIRST COMMERCE BANK,20251231,NM,1,892579,23592,79999,706699,787263,0,0,0,797651,94928,94928,29430,10388,0,82289,10388,0
57468,COMMUNITY BANK OWATONNA,20251231,NM,1,98369,1785,19942,71350,90349,0,0,0,91534,6835,6835,3315,1185,0,5292,1185,0
57470,MEMBERS TRUST CO,20251231,SB,1,34525,2825,22564,0,500,0,0,0,5459,29066,29066,5950,4959,0,9136,4959,0
57483,CITIZENS BANK&TRUST,20251231,NM,1,1088715,79428,308570,622293,991349,2226,15000,0,1015458,73257,73257,43477,6883,17226,78424,6883,0
57488,METROPOLITAN CAPITAL B&T,20251231,NM,1,235465,39392,52415,131440,202073,0,33000,0,237239,-1774,-1774,10046,2166,33000,12218,2166,0
57491,BANK OF COMMERCE,20251231,NM,1,351911,48460,29804,241634,305730,0,8529,0,317225,34686,34686,20137,2966,8529,32013,2966,0
57495,PRIMEBANK OF TEXAS,20251231,NM,1,290358,77089,33777,165966,257000,0,0,0,258282,32076,32076,6419,1282,0,13526,1282,0
57497,PATHFINDER BANK,20251231,NM,1,1416480,31165,406933,873144,1192127,0,75768,0,1278255,138225,138225,59398,10360,75768,105238,10360,0
57505,LIBERTY NATIONAL BANK,20251231,N,1,602611,7604,58010,451989,424644,0,69500,0,499606,103005,103005,22247,5462,69500,85008,5462,0
57510,AVIDBANK,20251231,NM,1,2562570,154569,218160,2126178,2191600,60000,0,0,2272169,290401,290401,51968,20569,60000,63663,20569,0
57511,COMMUNITY FIRST BANK OF IN,20251231,NM,1,932697,98424,12749,759876,767615,0,35392,0,820677,112020,102775,26743,17670,35392,61648,17670,0
57512,WESTERN ALLIANCE BANK,20251231,SM,1,92735703,3595784,20404689,61829867,77639392,0,5356184,394520,84626609,8109094,7815796,3550896,1236513,5750704,6905363,1236513,0
57522,TOLLESON PRIVATE BANK,20251231,NM,1,1010913,237090,50596,706404,913956,0,0,0,927844,83069,83069,4600,13888,0,16823,13888,0
57540,HOMETOWN BANK OF ALABAMA,20251231,NM,1,638746,38127,175063,394965,544546,1140,30000,0,577701,61045,61045,18143,2015,31140,30591,2015,0
57542,TOYOTA FINANCIAL SB,20251231,NM,1,15431880,900663,4205216,7618901,13206169,0,575000,0,13962552,1469328,1469328,2705407,181383,575000,2707100,181383,0
57543,TRINITY BANK N A,20251231,N,1,553357,54647,141254,337834,483141,0,0,0,486746,66611,66611,15612,3605,0,19622,3605,0
57548,HERITAGE BANK,20251231,SM,1,311150,12321,37837,231877,235131,24114,17000,0,277012,34138,34138,3572,767,41114,29115,767,0
57554,TRADITIONS BANK,20251231,NM,1,856183,94151,27145,688810,745417,0,15500,0,770342,85841,85841,17148,9425,15500,46077,9425,0
57565,UBS BANK USA,20251231,NM,1,119317920,18904214,10516593,88574373,104634334,248444,4181175,0,109575979,9741941,9741941,1310988,512026,4429619,1322740,512026,0
57569,PEOPLESTRUST BANK,20251231,NM,1,196920,7066,24260,132260,173842,0,1000,0,176334,20586,20586,5875,1492,1000,33334,1492,0
57570,COMENITY CAPITAL BANK,20251231,NM,1,13626906,2354409,109273,10335156,10445771,0,709467,250000,11856416,1770490,1770490,707801,451178,959467,828068,451178,0
57571,CONTINENTAL BANK,20251231,NM,1,187809,2654,16166,141965,143900,3500,9658,0,160162,27647,27647,3820,3104,13158,27024,3104,0
57576,HERITAGE BANK OF THE OZARKS,20251231,NM,1,425932,28232,47709,315956,381424,0,3200,0,390437,35495,35495,15914,5813,3200,34035,5813,0
57579,COMMUNITY BANK OF GEORGIA,20251231,NM,1,247629,4004,15505,162436,219201,0,0,0,222277,25352,25352,3184,3076,0,65684,3076,0
57585,GOLDEN STATE BANK,20251231,NM,1,953547,123609,500,809827,811101,0,30326,0,851017,102530,102530,13896,9590,30326,19611,9590,0
57587,INTEGRITY BANK&TRUST,20251231,NM,1,445277,18329,54980,349224,362335,0,44500,0,408506,36771,36771,10108,1671,44500,22744,1671,0
57591,WEST COAST COMMUNITY BANK,20251231,NM,1,2883698,190782,391152,2134291,2479075,0,0,0,2501101,382597,382597,88306,22026,0,167473,22026,0
57598,MAINSTREET CMTY BANK OF FL,20251231,NM,1,911121,15738,148384,664861,825468,0,0,0,832118,79003,79003,25056,6650,0,82138,6650,0
57603,FALCON NATIONAL BANK,20251231,N,1,920918,84118,61962,741730,820473,0,0,0,831614,89304,89304,14135,11141,0,33108,11141,0
57607,FIRST WESTERN TRUST BANK,20251231,NM,1,3151853,200281,141227,2669150,2754378,0,63223,0,2852186,299667,299667,63050,34585,63223,141195,34585,0
57610,REDWOOD CAPITAL BANK,20251231,NM,1,531608,19920,76257,375595,472191,0,0,0,477006,54602,54602,23729,4815,0,59836,4815,0
57614,FORBRIGHT BANK,20251231,NM,1,7907878,647939,1303721,5596349,6801160,0,1555,0,6984850,923028,923028,288692,182135,1555,359869,182135,0
57624,CLARION CNTY CMTY BANK,20251231,NM,1,266271,5197,23273,222089,237610,0,8500,0,249241,17030,17030,12256,3131,8500,15712,3131,0
57626,1ST STATE BANK,20251231,NM,1,480460,71385,66759,313197,420044,0,1000,0,423926,56534,56534,14107,2882,1000,29119,2882,0
57632,HOMELAND COMMUNITY BANK,20251231,NM,1,227704,12688,72097,131764,211751,0,0,0,214425,13279,13279,8009,2674,0,11155,2674,0
57633,1ST SECURITY BANK OF WA,20251231,SI,1,3196183,28099,321891,2666928,2691384,0,129305,0,2846669,349514,349514,103350,25980,129305,179265,25980,0
57640,BANK OF WALKER COUNTY,20251231,NM,1,95547,5194,8789,73186,85049,0,0,0,85250,10297,10297,1577,201,0,8378,201,0
57644,GATEWAY BANK,20251231,NM,1,301455,53586,18351,225792,263071,2000,0,0,269590,31865,31865,1129,4519,2000,3726,4519,0
57656,HERITAGE COMMUNITY BANK,20251231,NM,1,178792,16935,2470,149495,146073,0,14000,0,160759,18033,18033,5162,686,14000,9892,686,0
57672,EMPIRE STATE BANK,20251231,SM,1,616840,36645,11915,544586,506668,0,44635,0,553876,62964,62964,13833,2573,44635,23694,2573,0
57684,CEDARSTONE BANK,20251231,NM,1,369248,5521,54062,288953,311239,3659,20800,0,338036,31212,31212,9123,2338,24459,20712,2338,0
57686,AMERICAN COMMERCE BANK NA,20251231,N,1,485001,66074,0,405455,385122,0,15000,0,404704,80297,80297,6859,4582,15000,13472,4582,0
57694,FIRST NB OF DECATUR COUNTY,20251231,N,1,370987,42885,57124,247108,345211,0,2200,0,348566,22421,22421,10702,1155,2200,23870,1155,0
57701,BEVERLY B&T CO NA,20251231,N,1,2522542,135814,328185,1955313,2133322,0,100161,0,2260221,262321,262321,39096,23732,100161,103230,26738,0
57703,T BANK NATIONAL ASSN,20251231,N,1,979747,68764,43700,823523,839690,0,0,0,854493,125254,125254,15138,14803,0,43760,14803,0
57706,SUMMIT BANK,20251231,NM,1,1277562,120982,22076,1101581,1121854,2008,0,0,1135537,142025,142025,22055,11675,2008,32923,11675,0
57710,GREENE CNTY COMMERCIAL BANK,20251231,NM,1,1304624,120130,1170723,0,1187377,0,0,0,1187639,116985,116985,13771,262,0,13771,262,0
57716,UNITED BUSINESS BANK,20251231,SM,1,2576971,206417,179708,2046442,2221090,0,13658,0,2250418,326553,326553,74301,15670,13658,144404,15670,0
57740,PACIFIC VALLEY BANK,20251231,NM,1,710327,140304,23239,527941,629993,0,0,0,633489,76838,76838,14108,3496,0,18843,3496,0
57741,FIRST SOUTHWEST BANK,20251231,NM,1,663549,52213,244742,329426,497042,8005,65930,0,576050,87499,87499,24909,5073,73935,37168,5073,0
57742,MAINSTREET BANK,20251231,SM,1,2209046,162755,70753,1841833,1902250,0,0,0,1926403,282643,282643,110459,24153,0,133705,24153,0
57754,PROVIDENCE BANK&TRUST,20251231,NM,1,1572778,300766,101602,1092361,1366207,2210,15000,0,1389444,183334,183334,39630,6027,17210,78049,6027,0
57756,COASTAL STATES BANK,20251231,SM,1,2304649,79402,330503,1769505,1990249,0,30000,0,2049284,255365,255365,96977,29035,30000,125239,29035,0
57777,MERIDIAN BANK,20251231,NM,1,2560367,35778,228167,2182789,2163368,0,115838,616,2316424,243943,243943,94145,36602,116454,113633,36602,0
57784,NANTAHALA BANK&TRUST CO,20251231,NM,1,279950,16163,56967,193395,253364,0,0,0,254405,25545,25545,6481,1041,0,13425,1041,0
57785,LAKEVIEW BANK,20251231,NM,1,188217,16112,26692,138869,166254,0,4500,0,171551,16666,16666,4503,797,4500,6544,797,0
57803,ALLY BANK,20251231,SM,1,184648000,9663000,22885000,134313000,155037000,545000,11237000,0,169371000,15277000,15277000,14272000,2552000,11782000,17787000,2552000,0
57807,QUONTIC BANK,20251231,SB,1,831982,215127,4878,583850,739628,0,0,0,747117,84865,84865,19947,7489,0,28127,7489,0
57813,STERLING BANK,20251231,NM,1,1524662,367924,51917,1018407,1342848,0,0,0,1353304,171358,171358,15787,10456,0,86414,10456,0
57815,BANESCO USA,20251231,NM,1,5477082,281647,1122713,3839191,4584464,0,265032,0,4889412,587670,587670,203921,39916,265032,233531,39916,0
57825,TRUXTON TRUST CO,20251231,SM,1,1414946,49743,505325,806138,1241606,0,50216,0,1301733,113213,113213,40294,9911,50216,53740,9911,0
57833,BEAL BANK USA,20251231,NM,1,14512815,737941,9053625,3927901,3550782,0,8117928,0,11724929,2787886,2787886,746404,56219,8117928,793348,56219,0
57834,EMIGRANT MERCANTILE BANK,20251231,NM,1,3491,3491,0,0,500,0,0,0,508,2983,2983,0,8,0,0,8,0
57841,VALLIANCE BANK,20251231,NM,1,803174,39321,61157,665772,689057,0,22000,0,723877,79297,79297,22832,12820,22000,36924,12820,0
57857,TIMBERLINE BANK,20251231,NM,1,819481,34938,103111,620378,689496,0,65581,0,759793,59688,59688,30060,4716,65581,61054,4716,0
57867,UNITED CITIZENS BANK OF S KY,20251231,NM,1,269780,9745,21698,228919,231730,0,4000,0,237688,32092,32092,4033,1958,4000,9418,1958,0
57869,1ST TRUST BANK INC,20251231,NM,1,332075,32836,27040,261156,301945,0,0,0,302598,29477,29477,3311,653,0,11043,653,0
57872,PACIFIC WEST BANK,20251231,NM,1,386098,53516,45197,273375,342329,0,5042,0,350529,35569,35569,9110,3158,5042,14010,3158,0
57873,COMMONWEALTH BUSINESS BANK,20251231,SM,1,2006978,435936,65730,1446494,1707699,0,0,0,1738598,268380,268380,28810,30899,0,58818,30899,0
57874,PARAGON BANK,20251231,NM,1,888558,8744,51017,796279,754362,2050,45000,0,813629,74929,74929,18095,12217,47050,32518,12217,0
57882,LEGACY STATE BANK,20251231,NM,1,191285,13786,40156,132569,164525,0,4000,0,168852,22433,22433,2640,327,4000,4774,327,0
57884,PARAMOUNT BANK,20251231,NM,1,83489,8889,0,70202,69057,0,1500,0,71720,11769,11769,1795,1163,1500,4398,1163,0
57890,HSBC BANK USA NATIONAL ASSN,20251231,N,1,165262283,23856130,48444707,53954351,137520133,2036304,2464475,1480192,149061643,16200640,16200640,5500421,3208384,5980971,39007095,5560539,0
57897,SOUTHERNTRUST BANK,20251231,NM,1,289161,39257,29290,205472,202521,0,55564,0,258915,30246,30246,9978,830,55564,15142,830,0
57899,1ST ADVANTAGE BANK,20251231,NM,1,215622,32909,3089,174539,195634,0,0,0,196655,18967,18967,1643,1021,0,5085,1021,0
57901,ONE WORLD BANK,20251231,NM,1,308647,51948,33056,211646,245689,0,20404,0,268634,40013,40013,2913,2541,20404,11997,2541,0
57903,POPPY BANK,20251231,NM,1,7585280,763371,965788,5387584,5908014,0,850000,0,6899973,685307,685307,377816,141959,850000,468537,141959,0
57910,FIRST STATE BANK,20251231,NM,1,69870,10540,3392,54541,57362,3065,1761,0,62352,7518,7518,891,164,4826,1397,164,0
57915,BANK OF GRAND LAKE,20251231,NM,1,235548,14521,65833,147679,204525,0,5000,0,210061,25487,25487,2729,536,5000,7515,536,0
57919,CONNECTONE BANK,20251231,NM,1,13993791,380895,1262711,11299366,11296431,0,904435,0,12281728,1712063,1711901,689654,80862,904435,1050819,80862,0
57920,PRIME ALLIANCE BANK,20251231,NM,1,1073318,6767,169633,823817,968322,0,0,0,971546,101772,101772,10727,3224,0,73101,3224,0
57922,HARMONY BANK,20251231,NM,1,837883,101136,77138,586424,692763,0,0,0,702288,135595,135595,8130,9525,0,73185,9525,0
57923,PEACH STATE BANK&TRUST,20251231,NM,1,786088,96916,151837,502791,711603,0,0,0,716190,69898,69898,16870,4587,0,34544,4587,0
57931,ANCHOR BANK,20251231,SM,1,570745,82982,47358,417755,454867,0,66255,0,523780,46965,46965,10333,2658,66255,22650,2658,0
57933,VALLEY BANK OF NEVADA,20251231,NM,1,226770,38018,26661,130682,198295,0,0,0,203059,23711,23711,2209,4764,0,31409,4764,0
57944,OPEN BANK,20251231,NM,1,2650892,167416,196542,2177137,2281519,0,75000,0,2398535,252357,252357,85409,42016,75000,109797,42016,0
57952,BANK OF BOZEMAN,20251231,NM,1,98746,1796,12631,77005,86941,0,0,0,88032,10714,10714,1779,1091,0,7314,1091,0
57953,LEGACY NATIONAL BANK,20251231,N,1,1175798,33638,52337,1031608,1035086,0,25000,0,1068340,107458,107458,24527,8254,25000,58215,8254,0
57957,CITIZENS BANK NATIONAL ASSN,20251231,N,1,225863637,13703219,43879879,142165126,186283426,0,6932248,1125000,199025524,26838113,26838113,10918197,3780612,8057248,26115413,4684850,0
57967,FIRST RESOURCE BANK,20251231,NM,1,817306,90522,27635,673479,730171,0,16012,0,752931,64375,64375,15358,6748,16012,25670,6748,0
57968,PRIMIS BANK,20251231,SM,1,4029759,144545,178358,3403366,3431464,3552,39773,0,3561656,468103,468103,138329,86867,43325,303490,86867,0
57974,CALIFORNIA INTL BANK N A,20251231,N,1,90899,22301,82,63964,76484,0,0,0,78016,12883,12883,1700,1532,0,4552,1532,0
57990,HURON VALLEY STATE BANK,20251231,NM,1,270369,13056,17243,225890,237003,0,5000,0,243514,26855,26855,6065,1511,5000,14180,1511,0
57993,SERVISFIRST BANK,20251231,NM,1,17725922,1121734,1728902,13536973,14245239,1471628,0,0,15847263,1878659,1878159,734740,130396,1471628,1338313,130396,0
57997,BRYANT BANK,20251231,NM,1,2896836,807036,615333,1367569,2354990,249696,0,0,2626589,270247,270247,27889,21713,249696,106898,21903,0
58010,FREEDOM BANK,20251231,NM,1,143660,11203,0,130019,125304,0,0,0,125435,18225,18225,885,131,0,2438,131,0
58013,TWO RIVERS BANK&TRUST,20251231,NM,1,1177313,70762,173432,871818,1021221,0,5111,0,1031004,146309,146309,22587,4672,5111,61301,4672,0
58018,ST LOUIS BANK,20251231,NM,1,1018727,10040,106989,852064,905533,655,0,0,924981,93746,93746,28405,18793,655,49634,18793,0
58025,VERUS BANK OF COMMERCE,20251231,SM,1,191626,22168,0,166612,138724,0,13300,0,154847,36779,36779,2682,2823,13300,2846,2823,0
58029,SUNRISE BANK,20251231,NM,1,600259,38367,103140,446236,527573,0,15000,0,546997,53262,53262,4636,4424,15000,12516,4424,0
58030,PARADISE BANK,20251231,SM,1,435073,41835,44471,308306,400511,0,0,0,403049,32024,32024,10848,2538,0,40461,2538,0
58037,CALIFORNIA BUSINESS BANK,20251231,NM,1,122022,7983,9863,89255,100383,0,3000,0,104696,17326,17326,1094,1313,3000,14921,1313,0
58039,FIRST RESOURCE BANK,20251231,NM,1,826710,61618,58994,675872,688365,0,68500,0,760897,65813,65813,11176,4032,68500,30226,4032,0
58049,ECLIPSE BANK INC,20251231,NM,1,481999,4571,31109,411470,345220,0,92257,0,439578,42421,42421,9424,2101,92257,34849,2101,0
58054,FIRST COMMERCE BANK,20251231,NM,1,1794322,136418,164346,1402683,1344819,0,271112,0,1620311,174011,174011,55847,4380,271112,90875,4380,0
58057,TRADITION CAPITAL BANK,20251231,NM,1,2644240,46833,337617,2196809,2063606,0,345000,0,2427862,216378,216378,51820,19256,345000,62981,19256,0
58060,FIRST GENERAL BANK,20251231,NM,1,1135513,177244,7022,908056,806057,0,0,0,841289,294224,294224,31734,35232,0,43191,35232,0
58063,VISIONBANK,20251231,NM,1,257230,27649,0,225477,189722,0,41457,0,232156,25074,25074,3539,977,41457,4104,977,0
58069,BANK OF SAN FRANCISCO,20251231,NM,1,733054,71726,26025,615371,637565,0,0,0,649997,83057,83057,10063,12432,0,19932,12432,0
58074,FLINT COMMUNITY BANK,20251231,NM,1,332376,27474,9045,276581,282436,2000,14000,0,301249,31127,31127,7828,2813,16000,19276,2813,0
58079,PUTNAM 1ST MERCANTILE BANK,20251231,NM,1,170987,2021,25291,139907,152689,325,0,0,154703,16284,16284,1512,1689,325,3768,1689,0
58082,AUSTIN CAPITAL BANK SSB,20251231,SI,1,469187,31106,6424,407897,373388,0,50000,0,427206,41981,41981,22487,3818,50000,23760,3818,0
58088,SOUTHPOINT BANK,20251231,NM,1,1563295,238157,58189,1171899,1436668,0,0,0,1446339,116956,116956,41679,9671,0,95050,9671,0
58090,FFB BANK,20251231,NM,1,1579389,99754,240998,1175136,1344127,0,0,0,1358666,220723,220723,62615,14539,0,63501,14539,0
58095,IDAHO FIRST BANK,20251231,NM,1,1451321,625499,10296,798160,1316136,0,1840,0,1322512,128809,128809,8182,4536,1840,17366,4536,0
58103,SIGNATURE BANK OF GEORGIA,20251231,NM,1,274019,42889,26131,195548,235274,0,0,0,236766,37253,37253,8419,1492,0,9451,1492,0
58106,RIVERLAND BANK,20251231,NM,1,229330,8510,5605,204905,196038,0,5000,0,202753,26577,26577,1953,1715,5000,10310,1715,0
58111,NOBLEBANK&TRUST,20251231,SM,1,438733,31609,117671,259281,398368,0,0,0,403531,35202,35202,21217,5163,0,30172,5163,0
58113,FLAGSHIP BANK,20251231,NM,1,738731,133500,5007,575938,602066,0,38718,0,644651,94080,94080,6493,3867,38718,24286,3867,0
58114,BANK OF BELLEVILLE,20251231,NM,1,547518,33419,110910,372536,441671,0,65185,0,509348,38170,38170,20255,2492,65185,30653,2492,0
58115,OAKSTAR BANK,20251231,SM,1,3039440,41958,101833,2678642,2684428,0,0,0,2724955,314485,314485,106356,40527,0,217007,40527,0
58121,TRIAD BANK,20251231,NM,1,979200,167140,31013,755003,782667,0,83000,0,876540,102660,102660,20089,10873,83000,26044,10873,0
58140,ESQUIRE BANK NATIONAL ASSN,20251231,N,1,2345974,235887,306697,1729883,2075080,0,40,0,2088357,257617,257617,67037,13237,40,73507,13237,0
58148,MILESTONE BANK,20251231,NM,1,374567,33109,3311,327568,313632,0,0,0,322707,51860,51860,8583,9075,0,10579,9075,0
58158,SMARTBIZ BANK NATIONAL ASSN,20251231,N,1,191932,12278,4041,135338,144460,0,11000,0,163934,27998,27998,8714,8474,11000,40275,8474,0
58164,BANK OF LEXINGTON INC,20251231,NM,1,401098,54399,12279,311979,349714,0,0,0,357981,43117,43117,12751,8267,0,22441,8267,0
58165,BELMONT BANK&TRUST CO,20251231,NM,1,1020933,116043,145710,734643,895565,0,0,0,914110,106823,106823,12939,18545,0,24537,18545,0
58177,SALLIE MAE BANK,20251231,NM,1,29734290,4414106,1758070,21308181,21522962,0,4869079,0,26844445,2889845,2889845,2108986,452404,4869079,2253933,452404,0
58181,METRO CITY BANK,20251231,NM,1,4713603,363906,65825,4035644,3672862,0,510000,0,4224360,489243,489243,172317,41498,510000,248228,41498,0
58184,MERCHANTS COMMERCIAL BANK,20251231,NM,1,485985,11351,234385,218581,372487,0,81860,0,457732,28253,28253,15260,3385,81860,21668,3385,0
58188,HSBC TRUST CO DELAWARE NA,20251231,N,1,56440,54710,0,0,499,0,0,0,1256,55184,55184,1730,757,0,1730,757,0
58201,FIRST VISION BANK OF TN,20251231,SM,1,425580,50736,53424,296297,369201,0,0,0,375702,49878,49878,12478,6501,0,25123,6501,0
58203,NEWBANK,20251231,NM,1,637134,147114,48763,422397,533437,0,0,0,547380,89754,89754,6895,13943,0,18860,13943,0
58208,FIRST FREEDOM BANK,20251231,NM,1,777384,68504,25866,641864,666063,13002,0,0,685396,91988,91988,26228,6331,13002,41150,6331,0
58210,BRIDGEWATER BANK,20251231,NM,1,5398413,123180,776441,4244108,4343077,0,399500,0,4803378,595035,595035,183576,60801,399500,254684,60801,0
58214,TOWN CENTER BANK,20251231,NM,1,179361,23861,16062,130739,134258,0,23000,0,159032,20329,20329,2930,1774,23000,8699,1774,0
58216,BMO HARRIS CENTRAL NA,20251231,N,1,8203,8026,0,0,1000,0,0,0,1041,7162,7162,177,41,0,177,41,0
58218,FIRST PACIFIC BANK,20251231,SM,1,489137,12894,97781,316746,406223,0,33000,0,444571,44566,44566,13544,5348,33000,61716,5348,0
58220,HERITAGE BANK&TRUST,20251231,NM,1,406202,5478,39642,339359,363909,0,6000,0,374461,31741,31741,12434,4552,6000,21723,4552,0
58224,COLUMN NATIONAL ASSN,20251231,N,1,849895,134101,373007,210177,688144,0,0,0,725599,124296,124296,91164,37455,0,132610,37455,0
58228,B1BANK,20251231,NM,1,8208187,413155,989229,6136625,6715517,22622,433181,0,7238970,969217,969217,253623,67650,455803,669178,67650,0
58230,FIRST MO STB OF CAPE COUNTY,20251231,NM,1,235475,9498,12230,200820,207405,0,5000,0,216497,18978,18978,6468,1922,5000,12927,4092,0
58234,PACIFIC ALLIANCE BANK,20251231,NM,1,440122,52315,21544,338973,358911,0,17000,0,383762,56360,56360,8055,7851,17000,27290,7851,0
58239,PROVIDENCE BANK,20251231,NM,1,1404732,24148,143472,1169753,1188529,0,25000,0,1225328,179404,179404,37892,11799,25000,67359,11799,0
58243,JOHN MARSHALL BANK,20251231,SM,1,2328971,129973,212273,1955555,1979537,0,56000,0,2045924,283047,283047,25165,10387,56000,31170,10387,0
58255,RIVER BANK&TRUST,20251231,NM,1,3787364,121490,745833,2686988,3328254,0,100000,0,3448303,339061,339061,135888,20049,100000,233053,20049,0
58257,DR BANK,20251231,NM,1,838797,57110,37641,692970,702536,0,39000,0,760501,78296,78296,38768,18965,39000,51076,18965,0
58259,FIRST NB OF MICHIGAN,20251231,N,1,986006,20170,122570,802121,772263,0,117500,0,898021,87985,87985,33336,8258,117500,41145,8258,0
58263,GLOBAL BANK,20251231,NM,1,272576,16195,20717,219958,203843,0,26000,0,236409,36167,36167,15461,6566,26000,15706,6566,0
58264,SIGNATURE BANK,20251231,NM,1,1993505,318192,374464,1263638,1727776,0,17691,0,1778447,215058,215058,32125,32980,17691,37211,32980,0
58276,RIVER VALLEY COMMUNITY BANK,20251231,NM,1,760191,84398,251272,393245,666188,0,30500,0,700983,59208,59208,24362,4295,30500,31276,4295,0
58278,GOLDEN VALLEY BANK,20251231,NM,1,591584,47743,222722,271266,541816,0,0,0,544627,46957,46957,10440,2811,0,49853,2811,0
58281,AMERICAN RIVIERA BANK,20251231,NM,1,1366841,21394,211224,1069007,1213783,0,0,0,1226651,140190,140190,47507,12868,0,65216,12868,0
58282,EAGLE BANK,20251231,NM,1,194018,31194,69662,87451,174208,0,0,0,174991,19027,19027,3942,783,0,5711,783,0
58289,RIVER CITY BANK,20251231,NM,1,397955,43731,38664,298584,358669,0,731,0,361874,36081,36081,10448,2474,731,16976,2474,0
58291,CALPRIVATE BANK,20251231,NM,1,2534625,157810,217837,2099155,2227978,0,11000,0,2257358,277267,277267,38745,18380,11000,59823,18380,0
58297,PINNACLE BANK,20251231,NM,1,890355,89150,92865,567465,765847,0,0,0,784027,106328,106328,22861,18180,0,140875,18180,0
58300,TABLE ROCK COMMUNITY BANK,20251231,NM,1,542579,60363,50140,396191,480375,6488,13708,0,503245,39334,39334,4742,2674,20196,35885,2674,0
58303,AMERIPRISE BANK FSB,20251231,SB,1,25314311,2941164,20222792,1930172,23665150,0,0,0,23732956,1581355,1581355,219051,67806,0,220183,67806,0
58307,FIRST BANK OF GREENWICH,20251231,NM,1,804049,47961,9498,711277,670784,0,55000,0,731664,72385,72385,32592,5880,55000,35313,5880,0
58309,AMERICAN MOMENTUM BANK,20251231,NM,1,2791185,476740,233246,1856460,2143121,0,0,0,2178214,612971,612971,43775,35093,0,224739,35093,0
58310,US METRO BANK,20251231,NM,1,1550823,200191,49552,1262013,1352596,0,25000,0,1394408,156415,156250,21794,16812,25000,39067,16812,0
58311,COMMUNITY BANK DELAWARE,20251231,NM,1,430146,30681,15875,349939,363228,0,27511,0,396683,33463,33463,10275,5944,27511,33651,5944,0
58314,OLD PLANK TRAIL CMTY BANK NA,20251231,N,1,3273847,89755,688611,2347738,2840231,0,125315,0,2985134,288713,288713,91860,17370,125315,147743,19588,0
58316,INVESTAR BANK NATIONAL ASSN,20251231,N,1,2827227,40805,419251,2149624,2359674,11183,116000,0,2514036,313191,313191,133764,27179,127183,217547,27179,0
58322,RIVERBANK,20251231,NM,1,292720,20129,23825,230575,257384,0,5000,0,263496,29224,29224,3806,1112,5000,18191,1112,0
58324,LONE STAR BANK,20251231,NM,1,191378,24293,0,164467,166898,0,0,0,167625,23753,23753,1864,727,0,2618,727,0
58341,MOUNTAIN PACIFIC BANK,20251231,NM,1,827852,69630,20174,706542,644940,0,80000,0,731038,96814,96814,11387,6098,80000,31506,6098,0
58348,MILLENNIUM BANK,20251231,NM,1,810984,132525,1977,642920,665278,0,54000,0,731904,79080,79080,17749,12626,54000,33562,12626,0
58357,SOUTHERN INDEPENDENT BANK,20251231,NM,1,395627,22154,155855,173931,337765,0,9020,0,351799,43828,43828,14485,5014,9020,43687,5014,0
58359,UNITED REPUBLIC BANK,20251231,NM,1,197172,2839,18589,146303,156233,0,14500,0,171653,25519,25519,4362,920,14500,29441,920,0
58371,HYPERION BANK,20251231,NM,1,550586,65032,17281,448100,460980,0,39000,0,504344,46242,46242,14779,4364,39000,20173,4364,0
58377,CENTRAL BANK,20251231,NM,1,368568,9832,27742,311829,301117,0,33500,0,336475,32093,32093,3427,1858,33500,19165,1858,0
58396,JONAH BANK OF WYOMING,20251231,SM,1,558176,100266,67818,365456,504723,0,0,0,508561,49615,49615,15021,3838,0,24636,3838,0
58401,MEGA BANK,20251231,NM,1,509981,64377,8362,414363,432912,0,0,0,438441,71540,71540,16468,5529,0,22879,5529,0
58405,GOLDWATER BANK N A,20251231,N,1,515278,12458,61354,419208,368380,0,80800,0,457249,58029,58029,9195,8069,80800,22258,8069,0
58407,UNIBANK,20251231,SM,1,408899,59700,53831,283424,338001,0,40000,0,380353,28546,28546,5168,2352,40000,11944,2352,0
58410,CROSS RIVER BANK,20251231,NM,1,8057896,936903,1439644,5185483,6189239,0,445800,0,6993567,1064329,1064323,432224,358528,445800,495866,358528,0
58413,EMBASSY NATIONAL BANK,20251231,N,1,218199,14212,23284,168343,184219,2000,7250,0,194664,23535,23535,5631,1195,9250,12360,1195,0
58423,COMMUNITY BK PLEASANT HILL,20251231,NM,1,142833,10760,74335,50721,134887,0,0,0,135207,7626,7626,4890,320,0,7017,320,0
58424,ALMA BANK,20251231,NM,1,1548069,119732,72540,1296514,1307279,0,70748,0,1392855,155214,155214,45142,14828,70748,59283,14828,0
58426,WEST VALLEY NATIONAL BANK,20251231,N,1,78271,1541,6371,68291,62708,0,7398,0,70807,7464,7464,1130,701,7398,2068,701,0
58433,WATERFORD BANK N A,20251231,N,1,1706864,34882,280814,1329973,1490313,0,35000,0,1534542,172322,172322,37602,9229,35000,61195,9229,0
58443,FIRST SECURITY BANK OF NV,20251231,NM,1,285034,73785,18717,182389,202044,0,0,0,203876,81158,81158,2588,1832,0,10143,1832,0
58446,COMMENCEMENT BANK,20251231,SM,1,683058,20311,82845,518058,610362,0,0,0,623092,59966,59966,34256,12730,0,61844,12730,0
58450,TEXAS ADVANTAGE CMTY BANK NA,20251231,N,1,183763,25229,60429,83125,160919,0,0,0,162072,21691,21691,5648,1153,0,14980,1153,0
58457,TRISTATE CAPITAL BANK,20251231,SM,1,23338425,2911472,2137044,17779863,21481655,0,0,0,21725131,1613294,1613294,444973,243476,0,510046,243476,0
58463,SMARTBANK,20251231,SM,1,5853571,451589,662003,4333541,5162259,3009,0,0,5221900,631671,631558,198769,56632,3009,406438,56632,0
58469,AMERICAN PLUS BANK N A,20251231,N,1,867250,18747,10002,755438,711832,0,5000,0,723670,143580,143580,17343,6838,5000,83063,6838,0
58470,HOMETOWN BANK OF PA,20251231,NM,1,438383,17737,81314,329879,401549,0,0,0,403398,34985,34985,2894,1849,0,9453,1849,0
58479,BANK OF CENTRAL FLORIDA,20251231,NM,1,1203168,107532,243712,812409,1095310,0,0,0,1106414,96754,96754,23034,11104,0,39515,11104,0
58481,FIRST BANK,20251231,NM,1,3958035,309967,147094,3247841,3202308,0,236672,34384,3514533,443502,443502,171205,30741,271056,253133,41169,0
58482,BANK OF MONTANA,20251231,NM,1,285127,203775,14,76875,254526,0,0,0,254630,30497,30497,4350,104,0,4463,104,0
58483,PEGASUS BANK,20251231,SM,1,1540918,474449,82186,936607,1358609,0,0,0,1379167,161751,161751,11153,20558,0,47676,20558,0
58484,AUSTIN COUNTY STATE BANK,20251231,NM,1,478154,34086,66366,360459,426445,0,1995,0,430633,47521,47493,12204,2193,1995,17243,2193,0
58486,FINEMARK NATIONAL BANK&TRUST,20251231,N,1,3929653,502656,548956,2694287,3117559,63018,350000,0,3550290,379363,379363,139858,19713,413018,183754,19713,0
58490,BENEFICIAL STATE BANK,20251231,NM,1,1983778,138808,320902,1451020,1667750,0,105500,0,1796963,186815,186815,62145,23713,105500,73048,23713,0
58504,OLD DOMINION NATIONAL BANK,20251231,N,1,1609875,118489,62930,1335678,1317758,0,95000,0,1424913,184962,184962,53649,12155,95000,92778,12155,0
58508,FIRST FARMBANK,20251231,NM,1,380097,19116,48328,290651,323942,0,10000,0,335376,44721,44721,7599,1434,10000,22002,1434,0
58509,FRONTIER BANK OF TEXAS,20251231,NM,1,1026318,60875,75749,849242,859150,0,60000,0,927485,98833,98833,9860,8335,60000,40452,8335,0
58511,PLATINUM BANK,20251231,NM,1,693538,13486,54201,608834,557642,0,75883,0,635286,58252,58252,10325,1761,75883,17017,1761,0
58513,BANK OF PRINCETON,20251231,NM,1,2282741,135513,180720,1796091,1980832,0,0,0,2016652,266089,266089,124134,35820,0,170417,35820,0
58517,COMMUNITY BANK,20251231,NM,1,197951,19596,47499,115156,178350,0,0,0,180087,17864,17864,6150,1737,0,15700,1737,0
58534,SOLERA NATIONAL BANK,20251231,N,1,1552203,3316,650464,816832,1125001,0,312525,0,1444901,107302,107302,45122,7375,312525,81591,7375,0
58536,THINK MUTUAL BANK,20251231,SB,1,2175262,328200,544370,1199526,1816045,0,0,0,1836694,338568,338568,71777,20649,0,103166,20649,0
58537,BANKFLORIDA,20251231,NM,1,429621,65235,111,330413,369589,0,15000,0,385293,44328,44328,10426,704,15000,33862,704,0
58556,GOLD COAST BANK,20251231,NM,1,459640,129616,0,313008,363432,0,24500,0,392586,67054,67054,7599,4654,24500,17016,4654,0
58563,SELECT BANK,20251231,SM,1,512888,11221,38157,440473,465073,0,5000,0,472673,40215,40215,16592,2600,5000,23037,2600,0
58564,FLUSHING BANK,20251231,NM,1,8692562,124916,1438342,6611150,7342429,60000,183933,0,7779346,913216,913216,446002,192984,243933,518154,192984,0
58581,TEXAS PARTNERS BANK,20251231,NM,1,2425763,218383,216735,1918159,2189557,0,0,0,2204133,221630,221630,27226,14576,0,72486,14576,0
58584,AMERICAN PRIDE BANK,20251231,NM,1,772771,27939,108520,507400,646004,26,20000,0,669320,103451,103451,15252,3290,20026,128912,3290,0
58586,TURTLE MOUNTAIN STATE BANK,20251231,NM,1,117412,58425,16832,36250,103551,0,0,0,103850,13562,13562,708,299,0,5905,299,0
58588,PARTNERS BANK OF CALIFORNIA,20251231,NM,1,712572,75655,163023,463979,616743,0,28000,0,648284,64288,64288,9520,3541,28000,9915,3541,0
58590,NANO BANC,20251231,SM,1,875372,253493,64527,527925,732658,0,50000,0,833838,41534,41534,25467,51180,50000,29427,51180,0
58595,CHAIN BRIDGE BANK NA,20251231,N,1,1750321,586630,865861,270663,1584614,0,0,0,1592388,157933,157933,13938,7774,0,27167,7774,0
58596,CARTER BANK&TRUST,20251231,SM,1,4831021,105163,701903,3808408,4212234,0,189427,0,4433389,397632,397632,125181,21639,189427,215547,31728,0
58597,PEOPLEFIRST BANK,20251231,NM,1,264317,48253,26646,173061,216384,0,15000,0,233820,30497,30497,10120,2436,15000,16357,2436,0
58602,RELIANCE BANK,20251231,NM,1,324600,4670,67741,244292,273813,0,19825,0,296997,27603,27603,4175,3359,19825,7897,3359,0
58615,VICTORY BANK,20251231,SM,1,463840,14732,36798,396391,412248,0,0,0,416099,47741,47741,10719,3851,0,15919,3851,0
58619,MRV BANKS,20251231,NM,1,857961,110249,27959,626905,730885,0,35000,0,772628,85333,85333,36483,6743,35000,92848,6743,0
58626,GBANK,20251231,NM,1,1355585,197864,71038,995387,1152863,0,371,0,1176870,178715,178715,69365,23636,371,91296,23636,0
58629,STELLAR BANK,20251231,SM,1,10792468,413439,2198459,7216962,9073259,0,0,0,9155655,1636813,1636813,281592,82396,0,963608,82396,0
58636,FIRST CAHAWBA BANK,20251231,NM,1,198868,5991,36644,137969,181135,0,0,0,181407,17461,17461,2195,272,0,18264,272,0
58644,FIRST COLONY BANK OF FLORIDA,20251231,NM,1,286613,42194,53958,187733,259031,0,0,0,260173,26440,26440,1846,1142,0,2728,1142,0
58647,FIRST FOUNDATION BANK,20251231,NM,1,11881997,1624456,3064808,6896776,9314462,18018,1400000,0,10816008,1065989,1065989,241369,83528,1418018,295957,83528,0
58657,PROMISEONE BANK,20251231,NM,1,837006,160792,53151,605406,757709,0,0,0,769210,67796,67796,4714,11501,0,17657,11501,0
58658,LOCUS BANK INC,20251231,SM,1,343849,18021,36263,275733,244201,0,25000,0,271505,72344,72344,12282,2304,25000,13832,2304,0
58665,LIVE OAK BANKING CO,20251231,NM,1,15057824,859210,1427420,12201413,13825105,0,82,0,13920176,1137648,1137648,303610,94989,82,569781,94989,0
58668,SPRING BANK,20251231,NM,1,558136,86308,90288,374244,471664,0,0,0,473769,84367,84367,5882,2105,0,7296,2105,0
58675,HANOVER COMMUNITY BANK,20251231,NM,1,2381629,208904,100569,1988462,2028531,0,100725,0,2157749,223880,223880,33192,28493,100725,83694,28493,0
58678,GATEWAY COMMERCIAL BANK,20251231,NM,1,227932,16301,55272,147311,192445,9498,0,0,203683,24249,24249,7152,1740,9498,9048,1740,0
58680,GREAT NATIONS BANK,20251231,NM,1,114380,3474,2598,86857,101255,0,1682,0,103428,10952,10952,1751,491,1682,21451,491,0
58687,TOUCHMARK NATIONAL BANK,20251231,N,1,418375,65649,10806,322182,360109,0,0,0,366009,52366,52366,5974,5900,0,19738,5900,0
58689,SOUTH ATLANTIC BANK,20251231,NM,1,1916599,68196,284518,1457263,1557064,0,180000,0,1755429,161170,161170,63123,18365,180000,106622,18365,0
58691,BLUEHARBOR BANK,20251231,NM,1,606806,41237,27039,516768,533575,0,0,0,541514,65292,65292,11075,7939,0,21762,7939,0
58692,INTRACOASTAL BANK,20251231,NM,1,550507,9760,98896,412972,471856,0,30000,0,508197,42310,42310,16286,6341,30000,28879,6341,0
58694,PRIME MERIDIAN BANK,20251231,NM,1,956408,48005,93623,713669,853840,0,2561,0,861394,95014,95014,27290,3651,2561,101111,4993,0
58696,FVCBANK,20251231,SM,1,2287755,127631,153424,1922396,1998445,0,0,0,2021015,266740,266740,44193,22570,0,84304,22570,0
58712,FREEDOM BANK,20251231,NM,1,812480,45930,29159,716269,707035,0,19750,0,732935,79545,79545,18439,6150,19750,21122,6150,0
58716,THIRD COAST BANK,20251231,SM,1,5335065,175470,575200,4350802,4629486,0,0,0,4690586,644479,644479,158390,61100,0,233593,61100,0
58722,MEADOWS BANK,20251231,NM,1,1419329,103417,24087,1253214,1209317,0,0,0,1221408,197921,197921,29596,12091,0,38611,12091,0
58723,BLACK HILLS CMTY BANK N A,20251231,N,1,491877,11750,95523,367819,436928,0,5100,0,444647,47230,47230,9275,2619,5100,16785,2619,0
58724,NEBRASKA BANK OF COMMERCE,20251231,NM,1,225867,13837,8920,199982,193448,0,8250,0,203892,21975,21975,2169,2194,8250,3128,2194,0
58727,ACCESS BANK,20251231,NM,1,953517,42562,91331,766062,758806,0,76480,0,844846,108671,108671,24591,9560,76480,53562,9560,0
58732,COMMUNITY STATE BANK,20251231,NM,1,199493,4479,26868,158213,172120,0,0,0,173042,26451,26451,4886,922,0,9933,922,0
58739,TEXAS SECURITY BANK,20251231,NM,1,1348342,163113,212279,927635,1222167,0,0,0,1235242,113100,113100,32536,13075,0,45315,13075,0
58741,FIELDPOINT PRIVATE B&T,20251231,SM,1,944013,140108,110581,650853,820973,0,55000,0,888205,55808,55808,36345,12232,55000,42471,12232,0
58745,FIRST NM BANK LAS CRUCES,20251231,NM,1,164760,27747,34698,94212,138799,0,0,0,143087,21673,21673,2340,4288,0,8103,4288,0
58752,NORTHWEST BANK,20251231,NM,1,1475425,401986,178048,863697,1136528,0,100138,0,1251266,224159,224159,26083,14600,100138,31694,14600,0
58764,MINT NATIONAL BANK,20251231,N,1,401518,42702,0,316610,319314,0,0,0,332794,68724,68724,8415,13480,0,42206,13480,0
58768,GUADALUPE BANK,20251231,NM,1,243370,36818,252,174449,218101,0,0,0,218998,24372,24372,3572,897,0,31851,897,0
58778,LIBERTY BANK,20251231,NM,1,196376,26660,5527,155613,160079,0,17500,0,179004,17372,17372,2700,1425,17500,8576,1425,0
58780,SPRING BANK,20251231,NM,1,433773,15731,36294,366636,320887,0,60210,0,385019,48754,48754,14218,3922,60210,15112,3922,0
58783,OAKWORTH CAPITAL BANK,20251231,NM,1,2046870,197580,201684,1584675,1839392,0,0,0,1864116,182754,182754,41171,23464,0,62931,24724,0
58789,GRAND RIVER BANK,20251231,SM,1,516324,46579,16845,441392,446427,0,17500,0,466876,49448,49448,9195,2949,17500,11508,2949,0
58796,PARKSIDE FINANCIAL B&T,20251231,NM,1,1041185,76319,68131,832105,884101,0,9000,0,912158,129027,129027,36204,18895,9000,64630,19057,0
58806,GENUBANK,20251231,NM,1,221096,37181,4918,163282,172122,0,0,0,177230,43866,43866,2113,5108,0,15715,5108,0
58811,ONE FLORIDA BANK,20251231,NM,1,2048419,333092,76066,1607750,1810842,0,35000,0,1859341,189078,189078,20861,13499,35000,31511,13499,0
58816,ROYAL BUSINESS BANK,20251231,NM,1,4201116,212529,411388,3272481,3399896,0,130000,0,3597542,603574,603502,170446,67646,130000,304718,67646,0
58826,REDSTONE BANK,20251231,NM,1,296211,52629,47878,169814,261552,0,0,0,262666,33545,33545,2260,1114,0,25890,1114,0
58827,OAK VIEW NATIONAL BANK,20251231,N,1,878036,34017,463017,346671,714297,0,77900,0,797902,80134,80134,22498,5705,77900,34331,5705,0
58852,LIBERTY CAPITAL BANK,20251231,NM,1,747269,124809,9577,594419,657732,0,0,0,664390,82879,82879,6588,6658,0,18464,6658,0
58857,NEW HORIZON BANK NA,20251231,N,1,251138,78762,14886,144194,205340,0,9350,0,217180,33958,33958,4664,2490,9350,13296,2490,0
58859,CORNERSTONE BANK,20251231,SM,1,224934,15482,21028,176050,192127,0,8000,0,201287,23647,23647,8205,1160,8000,12374,1160,0
58864,COASTAL CAROLINA NB,20251231,N,1,1277669,214733,83274,934986,1156059,0,1196,0,1162250,115419,115419,25013,4995,1196,44676,4995,0
58892,GUARANTY BANK,20251231,SM,1,2414264,32054,271730,1842531,1833594,81400,82809,0,2022162,392102,392102,98291,24359,164209,267949,24359,0
58935,R BANK,20251231,NM,1,1061920,182429,64207,775851,951029,0,0,0,965222,96698,96698,9861,14193,0,39433,14193,0
58952,NEW HAVEN BANK,20251231,SM,1,200933,16627,8938,166780,153566,0,27000,0,185036,15897,15897,7170,4470,27000,8588,4470,0
58961,LAKESIDE BANK,20251231,NM,1,385744,6354,131316,233657,287571,0,60000,0,349706,36038,36038,7843,2135,60000,14417,2135,0
58979,BANKUNITED NATIONAL ASSN,20251231,N,1,35027511,217781,9257917,24053882,29611980,0,1577883,0,31860561,3166950,3166950,1219870,593049,1577883,1497931,670698,0
59043,STIFEL TRUST CO DELAWARE NA,20251231,N,1,357541,117325,230237,0,326583,0,0,0,329496,28045,28045,9628,2913,0,9979,2913,0
59052,NBH BANK,20251231,SM,1,9836878,403177,1179650,7369335,8442428,17350,0,0,8590420,1246458,1246458,281349,123557,17350,884716,130642,0
59074,BANK OF BIRD-IN-HAND,20251231,NM,1,1790743,143764,0,1600212,1576025,0,25000,0,1618678,172065,172065,32192,17653,25000,46767,17653,0
59086,PRIMARY BANK,20251231,NM,1,722848,66672,13863,631720,605295,0,0,0,609799,113049,113049,4850,4504,0,10593,4504,0
59093,INTERNATIONAL BK OF COM,20251231,NM,1,1619237,24436,620470,673181,1119442,233993,0,0,1373524,245713,245713,137465,20089,233993,301150,20089,0
59098,INFINITY BANK,20251231,NM,1,355990,97077,27106,226151,302587,0,6136,3984,313864,42126,42126,4467,1157,10120,5656,1157,0
59099,ENDEAVOR BANK,20251231,NM,1,769893,89147,29553,634037,683204,0,0,0,690541,79352,79352,15662,7337,0,17156,7337,0
59106,BEACON COMMUNITY BANK,20251231,NM,1,964035,64491,27206,839195,747821,0,130549,0,887949,76086,76086,14474,9579,130549,33143,9579,0
59108,CHARLES SCHWAB TRUST BANK,20251231,SM,1,10434593,1576086,8654988,0,9640312,0,0,0,9668790,765803,765803,203519,28478,0,203519,28478,0
59112,STUDIO BANK,20251231,NM,1,1243302,72225,164477,943902,1069609,0,40000,0,1122455,120847,120847,53682,12846,40000,62698,12846,0
59113,GRASSHOPPER BANK N A,20251231,N,1,1583044,122162,284778,1103876,1424080,0,0,0,1443905,139139,139139,65414,19825,0,72228,19825,0
59114,COMMERCEONE BANK,20251231,NM,1,839740,74442,44387,703136,719928,0,25000,0,753269,86471,86471,9757,8341,25000,17775,8341,0
59117,LEXICON BANK,20251231,NM,1,432709,199296,26782,193653,388379,0,0,0,392298,40411,40411,3615,3919,0,12978,3919,0
59138,MI BANK,20251231,NM,1,292635,79008,8159,200983,269143,0,0,0,271014,21621,21621,4169,1871,0,4485,1871,0
59140,GULFSIDE BANK,20251231,NM,1,321062,17217,63104,228607,273561,0,12500,0,288797,32265,32265,9640,2736,12500,12134,2736,0
59143,NEW VALLEY BANK&TRUST,20251231,NM,1,338993,22834,43096,257357,274756,0,33600,0,312018,26975,26975,12925,3662,33600,15706,3662,0
59144,OHIO STATE BANK,20251231,NM,1,482811,34155,9017,426631,411341,0,15500,0,431275,51536,51536,4500,4434,15500,13008,4434,0
59148,WATERMARK BANK,20251231,NM,1,406986,10467,9199,334783,347005,0,0,0,353130,53856,53856,3976,6125,0,52537,6125,0
59154,PIERMONT BANK,20251231,NM,1,519657,128666,82778,290227,397318,0,50000,0,457652,62005,62005,9711,10334,50000,17986,10334,0
59157,AMERICAN BK OF THE CAROLINAS,20251231,NM,1,212117,17924,31134,151488,182889,0,0,0,187246,24871,24871,2013,4357,0,11571,4357,0
59176,MILLYARD BANK,20251231,NM,1,290432,10121,33631,236803,244200,0,15000,0,260859,29573,29573,3529,1659,15000,9877,1659,0
59177,SQUARE FINL SERVICES INC,20251231,NM,1,1694247,713105,6951,910758,495255,0,0,0,703024,991223,991223,63026,207769,0,63433,207769,0
59178,TANDEM BANK,20251231,NM,1,303658,17219,50965,225848,239058,0,25500,0,266992,36666,36666,8817,2434,25500,9626,2434,0
59181,GULF ATLANTIC BANK,20251231,SM,1,233104,7631,18653,189417,186159,0,22750,0,212851,20253,20253,8637,3942,22750,17403,3942,0
59182,LOYAL TRUST BANK,20251231,NM,1,243045,55593,20080,158932,186045,0,30000,0,217878,25167,25167,4189,1833,30000,8440,1833,0
59183,TRUSTAR BANK,20251231,NM,1,1191505,143420,136398,891000,1019877,0,55000,0,1086832,104673,104673,10445,11955,55000,20687,11955,0
59185,GULF CAPITAL BANK,20251231,NM,1,588671,23499,208187,347265,493637,0,10000,0,510148,78523,78523,5626,6511,10000,9720,6511,0
59188,TRIAD BUSINESS BANK,20251231,NM,1,530923,17697,108690,397089,467615,0,9000,0,480355,50568,50568,6243,3576,9000,7447,3740,0
59190,VARO BANK NATIONAL ASSN,20251231,N,1,376185,219682,32166,86925,211419,0,0,0,281519,94666,94666,21032,70100,0,37412,70100,0
59193,FOUNDERS BANK,20251231,NM,1,357429,20991,20203,303223,292602,0,5000,0,303824,53605,53605,8430,6222,5000,13012,6222,0
59195,FWBANK,20251231,NM,1,191710,22814,33716,129295,162809,0,0,0,165295,26415,26415,4425,2486,0,5885,2486,0
59199,RIVERSIDE BANK OF DUBLIN,20251231,NM,1,259517,26566,7525,221828,228844,0,3862,0,235193,24324,24324,2160,2487,3862,3598,2487,0
59203,SCOTTSDALE COMMUNITY BANK,20251231,NM,1,107224,5252,15032,85111,86568,0,6270,0,94130,13094,13094,830,1292,6270,1829,1292,0
59204,LEGACY BANK,20251231,NM,1,104464,20696,0,75236,88129,0,4000,0,93600,10864,10864,1146,1471,4000,8532,1471,0
59205,NELNET BANK,20251231,NM,1,2069700,25378,1063110,930635,1762960,0,0,0,1775098,294602,294602,43399,12138,0,50577,12138,0
59206,ROCKPOINTBANK NATIONAL ASSN,20251231,N,1,344509,12742,34037,280212,287581,0,10000,0,300672,43837,43837,15652,3091,10000,17518,3091,0
59209,CRAFT BANK,20251231,NM,1,271566,30926,1525,231257,228480,0,0,0,231575,39991,39991,4158,3095,0,7858,3095,0
59219,CLASSIC CITY BANK,20251231,NM,1,294182,76670,22060,185090,260409,0,0,0,262738,31444,31444,5134,2329,0,10362,2329,0
59239,AGILITY BANK NATIONAL ASSN,20251231,N,1,130365,21063,5534,99420,98486,0,0,0,101292,29073,29073,1532,2806,0,4348,2806,0
59245,GENESIS BANK,20251231,NM,1,415306,135100,0,268125,365613,0,0,0,371365,43941,43941,6438,5752,0,12081,5752,0
59249,FIRST BANK OF CENTRAL OHIO,20251231,NM,1,253319,5890,12657,192518,224257,0,0,0,226832,26487,26487,3222,2575,0,42254,2575,0
59257,CLIMATE FIRST BANK,20251231,NM,1,1624820,179266,3555,1391283,1358055,0,109000,0,1481653,143167,143167,34089,14598,109000,50716,14598,0
59262,INTEGRITY BANK FOR BUSINESS,20251231,SM,1,98384,22057,24281,49196,59396,0,17000,0,76913,21471,21471,2640,517,17000,2850,517,0
59265,WATERFALL BANK,20251231,NM,1,408892,35715,10007,351261,303177,8000,43900,0,355973,52919,52919,5067,896,51900,11909,896,0
59273,GAINEY BUSINESS BANK,20251231,NM,1,103692,660,0,86519,94399,0,0,0,95712,7980,7980,756,1313,0,16513,1313,0
59278,LOCALITY BANK,20251231,NM,1,347276,58956,13052,268961,296929,0,0,0,299211,48065,48065,4158,2282,0,6307,2282,0
59281,GULF COAST BUSINESS BANK,20251231,NM,1,181141,22675,5694,148186,154849,0,0,0,155845,25296,25296,2847,996,0,4586,996,0
59283,INTEGRO BANK,20251231,NM,1,177569,661,15756,135322,133584,0,20612,0,156908,20661,20661,1844,2712,20612,25830,2712,0
59285,MOULTRIE BANK&TRUST,20251231,NM,1,174893,65795,38267,56376,153536,0,0,0,153769,21124,21124,1016,233,0,14455,233,0
59286,THRIVENT BANK,20251231,NM,1,996465,263692,118800,566381,600851,0,39922,0,654374,342091,342091,25479,13601,39922,47592,13601,0
59287,ENTREBANK,20251231,NM,1,485426,68693,1,412541,435769,0,0,0,441663,43763,43763,1958,5894,0,4191,5894,0
59289,WALDEN MUTUAL BANK,20251231,SI,1,171740,4123,30089,129067,156029,0,0,0,157019,14721,14721,1911,990,0,8461,990,0
59290,BEACH CITIES COMMERCIAL BANK,20251231,NM,1,176737,28312,2287,142640,143511,0,16000,0,161900,14837,14837,2173,2389,16000,3498,2389,0
59292,ADELPHI BANK,20251231,NM,1,106369,954,4042,86295,86219,0,0,0,87564,18805,18805,602,1345,0,15078,1345,0
59296,BANK IRVINE,20251231,NM,1,285956,61588,0,216436,216593,0,0,0,217675,68281,68281,2621,1082,0,7932,1082,0
59298,BUSINESS BANK THE,20251231,NM,1,288083,54875,45993,184959,252057,0,0,0,254076,34007,34007,1756,2019,0,2256,2019,0
59304,TEXAS TRADITIONS BANK,20251231,NM,1,473516,70858,117410,259394,423079,0,0,0,429242,44274,44274,2767,6163,0,25854,6163,0
59305,COMMUNITY UNITY BANK,20251231,NM,1,95006,3165,12556,53510,72763,0,0,0,74148,20858,20858,613,1385,0,25775,1385,0
59306,EVERMORE BANK,20251231,NM,1,293816,60537,10859,218326,250509,0,0,0,253408,40408,40408,2162,2899,0,4094,2899,0
59312,GS&L MUNICIPAL BANK,20251231,NM,1,39035,1888,22881,0,23669,0,0,0,24244,14791,14791,14264,575,0,14266,575,0
59314,ICON BUSINESS BANK,20251231,NM,1,147005,16483,4688,116994,125639,0,4750,0,134486,12519,12519,2493,4097,4750,8840,4097,0
59318,ZENITH BANK&TRUST,20251231,NM,1,106587,50955,1549,52128,83278,0,0,0,85022,21565,21565,568,1744,0,1955,1744,0
59324,NAVE BANK,20251231,SM,1,426981,171974,61361,183897,301561,0,50000,0,354762,72219,72219,9148,3201,50000,9749,3201,0
59326,NOVA BANK,20251231,NM,1,89117,8479,5036,64798,64174,0,0,0,64691,24426,24426,537,517,0,10804,517,0
59330,FORTUNA BANK,20251231,NM,1,42672,1319,20118,11696,22364,0,0,0,23659,19013,19013,819,1295,0,9539,1295,0
59339,ALTOS BANK,20251231,NM,1,53609,32821,1873,16408,32354,0,0,0,33816,19793,19793,354,1462,0,2507,1462,0
59342,INTEGRITY BANK SSB,20251231,SM,1,300755,105725,74573,116964,260885,0,0,0,261737,39018,39018,1770,852,0,3493,852,0
59345,FIVE RIVERS BANK,20251231,NM,1,34232,31794,0,1384,3897,0,0,0,4828,29404,29404,122,931,0,1054,931,0
59352,FOUR STATES BANK,20251231,NM,1,95334,20345,0,69826,71542,0,0,0,74064,21270,21270,656,2522,0,5163,2522,0
59354,BANKMIAMI,20251231,NM,1,183349,108356,2835,67147,145834,0,0,0,147702,35647,35647,1596,1868,0,5011,1868,0
59358,GALA BANK,20251231,NM,1,30900,1106,5490,14506,21240,0,0,0,21320,9580,9580,1171,80,0,9798,80,0
59362,SOLUTIONS PLUS BANK,20251231,NM,1,26887,25038,549,217,3084,0,0,0,3355,23532,23532,160,271,0,1083,271,0
90040,HOME LOAN STATE BANK,20251231,NM,1,234020,44692,88260,87072,215489,0,2301,0,218302,15718,15718,2466,512,2301,13996,512,0
90140,ADAMS COMMUNITY BANK,20251231,SI,1,1031499,29483,105301,840755,830375,0,85500,0,925371,106128,106128,37676,9496,85500,55960,9496,0
90146,ATHOL SAVINGS BANK,20251231,SI,1,677842,75607,138316,428205,555612,0,52000,0,610297,67545,67545,27885,2685,52000,35714,2685,0
90169,BLUESTONE BANK,20251231,SM,1,1578933,28612,282235,1200891,1253405,0,182206,0,1449840,129093,129093,49972,14229,182206,67195,14229,0
90173,EAST CAMBRIDGE SAVINGS BANK,20251231,SM,1,1640097,132440,128362,1292979,1317280,0,154544,0,1486512,153585,153585,62388,14688,154544,86316,14688,0
90175,BANK OF CANTON,20251231,SI,1,762276,61855,121869,539485,643257,0,548,0,650183,112093,112093,34232,6378,548,39067,6378,0
90181,CLINTON SAVINGS BANK,20251231,SI,1,743035,9449,159750,521477,570792,4943,104442,0,684203,58832,58832,40545,4026,109385,52359,4026,0
90183,MIDDLESEX SAVINGS BANK,20251231,NM,1,6156507,70680,2090291,3628507,5225319,94536,11637,0,5365095,791412,791412,269626,33603,106173,367029,33603,0
90188,BANKESB,20251231,SM,1,1997695,58789,204685,1614851,1740173,0,42098,0,1805252,192443,192443,91130,22981,42098,119370,22981,0
90190,MARTHAS VINEYARD BANK,20251231,SM,1,1283954,11413,91383,1110411,1038470,0,94500,0,1141811,142143,142143,45476,8841,94500,70747,8841,0
90191,EAGLE BANK,20251231,SI,1,687524,40602,54511,545014,606174,0,5000,0,618466,69058,69058,39769,7292,5000,47397,7292,0
90196,BAYCOAST BANK,20251231,SI,1,2846896,38519,344480,2250314,2434755,0,108320,0,2588027,258869,258869,106468,44952,108320,213583,44952,0
90203,CAPE ANN SAVINGS BANK,20251231,SI,1,1039087,51358,222248,720048,782657,0,19327,0,830179,208908,208908,26640,28195,19327,45433,28195,0
90206,GREENFIELD SAVINGS BANK,20251231,SI,1,1469308,25976,199378,1178299,1137418,0,187525,0,1331750,137558,137558,43450,6807,187525,65655,6807,0
90208,PENTUCKET BANK,20251231,SI,1,1112593,18888,139794,888868,880195,0,105474,0,997172,115421,115421,46667,11503,105474,65043,11503,0
90211,HINGHAM INST FOR SVG,20251231,SI,1,4542678,368880,158570,3899032,2567067,0,1463815,0,4062970,479708,479708,99080,32088,1463815,116196,32088,0
90213,PEOPLESBANK,20251231,SI,1,4479358,84670,569083,3491201,3613920,12527,356840,0,4079976,399382,399382,238533,96689,369367,334404,96689,0
90215,AVIDIA BANK,20251231,SI,1,2832798,145454,280617,2276848,2207788,0,260000,0,2507279,325519,325519,79635,33067,260000,129879,39491,0
90227,LOWELL FIVE CENT SB,20251231,SI,1,1801657,77681,191050,1416549,1539298,0,4754,0,1573511,228146,228146,77291,29459,4754,116377,29459,0
90229,WASHINGTON SAVINGS BANK,20251231,SM,1,305936,9275,39495,238648,240663,0,35750,0,277915,28021,28021,16533,1502,35750,18518,1502,0
90234,MARBLEHEAD BANK,20251231,SM,1,266718,30245,14510,209080,234412,0,0,0,240447,26271,26271,11771,6035,0,12883,6035,0
90235,MAIN STREET BANK,20251231,SI,1,1671068,59739,249702,1287695,1322610,0,139787,0,1493363,177705,177705,60481,30966,139787,73932,30966,0
90245,MONSON SAVINGS BANK,20251231,SI,1,753682,30888,66915,623063,652143,0,21000,0,682013,71669,71669,26287,8870,21000,32816,8870,0
90250,INSTITUTION SVG NEWBURYPORT&,20251231,SI,1,5372290,171264,660761,4186537,3179286,3522,1468720,0,4704102,668188,668188,238400,52574,1472242,353728,52574,0
90251,NEWBURYPORT FIVE CENTS SB,20251231,SI,1,1586852,17774,186477,1310369,1311761,0,108895,0,1447715,139137,139137,45585,22790,108895,72232,27059,0
90253,MOUNTAINONE BANK,20251231,SI,1,1050348,18952,139269,786408,780509,0,72604,0,885265,165083,165083,72912,32152,72604,105719,32152,0
90258,NORTH BROOKFIELD SB,20251231,SM,1,442139,16188,105981,293413,370617,0,28556,0,402080,40059,40059,19666,2907,28556,26557,2907,0
90259,NORTH EASTON SAVINGS BANK,20251231,SI,1,1758578,47442,258732,1325110,1539744,0,29033,0,1590527,168051,168051,77110,21137,29033,127294,21750,0
90268,SEAMENS BANK,20251231,SI,1,467827,14343,77630,362165,409566,0,0,0,410005,57822,57822,3956,439,0,13689,439,0
90282,CORNERSTONE BANK,20251231,SM,1,1819829,98123,138373,1447128,1417313,0,211318,0,1660183,159646,159646,96942,31552,211318,136205,31552,0
90290,UNIBANK FOR SAVINGS,20251231,NM,1,2735109,40149,512228,2099545,2143119,256287,84500,0,2514442,220667,220667,58353,28590,340787,83187,30536,0
90291,SAVINGS BANK,20251231,SI,1,873372,20602,178970,621720,766352,0,20500,0,791267,82105,82105,31662,4415,20500,52080,4415,0
90297,WEBSTER FIVE CENTS SB,20251231,SI,1,1300689,25527,213726,985686,992612,0,140867,0,1148469,152220,152220,46944,14990,140867,75750,14990,0
90300,WESTFIELD BANK,20251231,SB,1,2734114,37541,365232,2163295,2363037,0,86270,0,2481561,252553,252553,108476,27291,86270,168046,32254,0
90303,SOUTH SHORE BANK,20251231,SM,1,2472672,197155,548029,1636836,2166046,0,36280,0,2235300,237372,237372,68639,32974,36280,90652,32974,0
90308,WINCHESTER SAVINGS BANK,20251231,SI,1,1004555,54785,111209,800357,752233,0,143596,0,905341,99214,99214,31103,9512,143596,38204,9512,0
90311,BAY STATE SAVINGS BANK,20251231,SI,1,571932,29829,44573,465510,510452,0,4127,0,520926,51006,51006,22858,6347,4127,32020,6347,0
90384,BANK OF LANDISBURG,20251231,SM,1,417550,20728,108530,269982,349496,0,0,0,351052,66498,66498,15962,1556,0,18310,1556,0
91005,5STAR BANK,20251231,NM,1,376735,41033,19076,308982,309858,0,0,0,311274,65461,65461,3868,1416,0,7644,1416,0
91280,BANK OF LITTLE ROCK,20251231,SM,1,268551,7571,105454,128791,244524,0,0,0,246330,22221,22221,7404,1806,0,26735,1806,0
91325,CIBC NATIONAL TRUST CO,20251231,N,1,397240,189338,0,0,1516,0,0,0,122599,274641,274641,99235,121083,0,207902,121083,0
